{"brand": "Microchip", "family": "SAML22", "name": "ATSAML22J17A", "bits": 32, "mode": 1, "segments": [{"name": "SRAM", "start": "0x20000000", "end": "0x20007fff", "size": "0x8000", "type": "DATA"}], "peripherals": [{"name": "AC", "start": "0x42003400", "end": "0x4200343f", "size": "0x40", "comment": "", "registers": [{"name": "CTRLA", "offset": "0x0", "size": "0x8"}, {"name": "CTRLB", "offset": "0x1", "size": "0x8"}, {"name": "EVCTRL", "offset": "0x2", "size": "0x10"}, {"name": "INTENCLR", "offset": "0x4", "size": "0x8"}, {"name": "INTENSET", "offset": "0x5", "size": "0x8"}, {"name": "INTFLAG", "offset": "0x6", "size": "0x8"}, {"name": "STATUSA", "offset": "0x7", "size": "0x8"}, {"name": "STATUSB", "offset": "0x8", "size": "0x8"}, {"name": "DBGCTRL", "offset": "0x9", "size": "0x8"}, {"name": "WINCTRL", "offset": "0xa", "size": "0x8"}, {"name": "SYNCBUSY", "offset": "0x20"}, {"name": "SCALER0", "offset": "0xc", "size": "0x8"}, {"name": "SCALER1", "offset": "0xd", "size": "0x8"}, {"name": "COMPCTRL0", "offset": "0x10"}, {"name": "COMPCTRL1", "offset": "0x14"}]}, {"name": "ADC", "start": "0x42003000", "end": "0x4200307f", "size": "0x80", "comment": "", "registers": [{"name": "CTRLA", "offset": "0x0", "size": "0x8"}, {"name": "CTRLB", "offset": "0x1", "size": "0x8"}, {"name": "REFCTRL", "offset": "0x2", "size": "0x8"}, {"name": "EVCTRL", "offset": "0x3", "size": "0x8"}, {"name": "INTENCLR", "offset": "0x4", "size": "0x8"}, {"name": "INTENSET", "offset": "0x5", "size": "0x8"}, {"name": "INTFLAG", "offset": "0x6", "size": "0x8"}, {"name": "SEQSTATUS", "offset": "0x7", "size": "0x8"}, {"name": "INPUTCTRL", "offset": "0x8", "size": "0x10"}, {"name": "CTRLC", "offset": "0xa", "size": "0x10"}, {"name": "AVGCTRL", "offset": "0xc", "size": "0x8"}, {"name": "SAMPCTRL", "offset": "0xd", "size": "0x8"}, {"name": "WINLT", "offset": "0xe", "size": "0x10"}, {"name": "WINUT", "offset": "0x10", "size": "0x10"}, {"name": "GAINCORR", "offset": "0x12", "size": "0x10"}, {"name": "OFFSETCORR", "offset": "0x14", "size": "0x10"}, {"name": "SWTRIG", "offset": "0x18", "size": "0x8"}, {"name": "DBGCTRL", "offset": "0x1c", "size": "0x8"}, {"name": "SYNCBUSY", "offset": "0x20", "size": "0x10"}, {"name": "RESULT", "offset": "0x24", "size": "0x10"}, {"name": "SEQCTRL", "offset": "0x28"}, {"name": "CALIB", "offset": "0x2c", "size": "0x10"}]}, {"name": "AES", "start": "0x42004000", "end": "0x420040ff", "size": "0x100", "comment": "", "registers": [{"name": "CTRLA", "offset": "0x0"}, {"name": "CTRLB", "offset": "0x4", "size": "0x8"}, {"name": "INTENCLR", "offset": "0x5", "size": "0x8"}, {"name": "INTENSET", "offset": "0x6", "size": "0x8"}, {"name": "INTFLAG", "offset": "0x7", "size": "0x8"}, {"name": "DATABUFPTR", "offset": "0x8", "size": "0x8"}, {"name": "DBGCTRL", "offset": "0x9", "size": "0x8"}, {"name": "INDATA", "offset": "0x38"}, {"name": "CIPLEN", "offset": "0x80"}, {"name": "RANDSEED", "offset": "0x84"}, {"name": "KEYWORD0", "offset": "0xc"}, {"name": "KEYWORD1", "offset": "0x10"}, {"name": "KEYWORD2", "offset": "0x14"}, {"name": "KEYWORD3", "offset": "0x18"}, {"name": "KEYWORD4", "offset": "0x1c"}, {"name": "KEYWORD5", "offset": "0x20"}, {"name": "KEYWORD6", "offset": "0x24"}, {"name": "KEYWORD7", "offset": "0x28"}, {"name": "INTVECTV0", "offset": "0x3c"}, {"name": "INTVECTV1", "offset": "0x40"}, {"name": "INTVECTV2", "offset": "0x44"}, {"name": "INTVECTV3", "offset": "0x48"}, {"name": "HASHKEY0", "offset": "0x5c"}, {"name": "HASHKEY1", "offset": "0x60"}, {"name": "HASHKEY2", "offset": "0x64"}, {"name": "HASHKEY3", "offset": "0x68"}, {"name": "GHASH0", "offset": "0x6c"}, {"name": "GHASH1", "offset": "0x70"}, {"name": "GHASH2", "offset": "0x74"}, {"name": "GHASH3", "offset": "0x78"}]}, {"name": "CCL", "start": "0x42004800", "end": "0x4200483f", "size": "0x40", "comment": "", "registers": [{"name": "CTRL", "offset": "0x0", "size": "0x8"}, {"name": "SEQCTRL0", "offset": "0x4", "size": "0x8"}, {"name": "SEQCTRL1", "offset": "0x5", "size": "0x8"}, {"name": "LUTCTRL0", "offset": "0x8"}, {"name": "LUTCTRL1", "offset": "0xc"}, {"name": "LUTCTRL2", "offset": "0x10"}, {"name": "LUTCTRL3", "offset": "0x14"}]}, {"name": "DMAC", "start": "0x41008000", "end": "0x4100807f", "size": "0x80", "comment": "", "registers": [{"name": "CTRL", "offset": "0x0", "size": "0x10"}, {"name": "CRCCTRL", "offset": "0x2", "size": "0x10"}, {"name": "CRCDATAIN", "offset": "0x4"}, {"name": "CRCCHKSUM", "offset": "0x8"}, {"name": "CRCSTATUS", "offset": "0xc", "size": "0x8"}, {"name": "DBGCTRL", "offset": "0xd", "size": "0x8"}, {"name": "QOSCTRL", "offset": "0xe", "size": "0x8"}, {"name": "SWTRIGCTRL", "offset": "0x10"}, {"name": "PRICTRL0", "offset": "0x14"}, {"name": "INTPEND", "offset": "0x20", "size": "0x10"}, {"name": "INTSTATUS", "offset": "0x24"}, {"name": "BUSYCH", "offset": "0x28"}, {"name": "PENDCH", "offset": "0x2c"}, {"name": "ACTIVE", "offset": "0x30"}, {"name": "BASEADDR", "offset": "0x34"}, {"name": "WRBADDR", "offset": "0x38"}, {"name": "CHID", "offset": "0x3f", "size": "0x8"}, {"name": "CHCTRLA", "offset": "0x40", "size": "0x8"}, {"name": "CHCTRLB", "offset": "0x44"}, {"name": "CHINTENCLR", "offset": "0x4c", "size": "0x8"}, {"name": "CHINTENSET", "offset": "0x4d", "size": "0x8"}, {"name": "CHINTFLAG", "offset": "0x4e", "size": "0x8"}, {"name": "CHSTATUS", "offset": "0x4f", "size": "0x8"}]}, {"name": "DSU", "start": "0x41002000", "end": "0x41003fff", "size": "0x2000", "comment": "", "registers": [{"name": "CTRL", "offset": "0x0", "size": "0x8"}, {"name": "STATUSA", "offset": "0x1", "size": "0x8"}, {"name": "STATUSB", "offset": "0x2", "size": "0x8"}, {"name": "ADDR", "offset": "0x4"}, {"name": "LENGTH", "offset": "0x8"}, {"name": "DATA", "offset": "0xc"}, {"name": "DID", "offset": "0x18"}, {"name": "ENTRY0", "offset": "0x1000"}, {"name": "ENTRY1", "offset": "0x1004"}, {"name": "END", "offset": "0x1008"}, {"name": "MEMTYPE", "offset": "0x1fcc"}, {"name": "PID4", "offset": "0x1fd0"}, {"name": "PID5", "offset": "0x1fd4"}, {"name": "PID6", "offset": "0x1fd8"}, {"name": "PID7", "offset": "0x1fdc"}, {"name": "PID0", "offset": "0x1fe0"}, {"name": "PID1", "offset": "0x1fe4"}, {"name": "PID2", "offset": "0x1fe8"}, {"name": "PID3", "offset": "0x1fec"}, {"name": "CID0", "offset": "0x1ff0"}, {"name": "CID1", "offset": "0x1ff4"}, {"name": "CID2", "offset": "0x1ff8"}, {"name": "CID3", "offset": "0x1ffc"}, {"name": "DCC0", "offset": "0x10"}, {"name": "DCC1", "offset": "0x14"}, {"name": "DCFG0", "offset": "0xf0"}, {"name": "DCFG1", "offset": "0xf4"}]}, {"name": "EIC", "start": "0x40002800", "end": "0x4000283f", "size": "0x40", "comment": "", "registers": [{"name": "CTRLA", "offset": "0x0", "size": "0x8"}, {"name": "NMICTRL", "offset": "0x1", "size": "0x8"}, {"name": "NMIFLAG", "offset": "0x2", "size": "0x10"}, {"name": "SYNCBUSY", "offset": "0x4"}, {"name": "EVCTRL", "offset": "0x8"}, {"name": "INTENCLR", "offset": "0xc"}, {"name": "INTENSET", "offset": "0x10"}, {"name": "INTFLAG", "offset": "0x14"}, {"name": "ASYNCH", "offset": "0x18"}, {"name": "CONFIG0", "offset": "0x1c"}, {"name": "CONFIG1", "offset": "0x20"}]}, {"name": "EVSYS", "start": "0x42000000", "end": "0x420003ff", "size": "0x400", "comment": "", "registers": [{"name": "CTRLA", "offset": "0x0", "size": "0x8"}, {"name": "CHSTATUS", "offset": "0xc"}, {"name": "INTENCLR", "offset": "0x10"}, {"name": "INTENSET", "offset": "0x14"}, {"name": "INTFLAG", "offset": "0x18"}, {"name": "SWEVT", "offset": "0x1c"}, {"name": "CHANNEL0", "offset": "0x20"}, {"name": "CHANNEL1", "offset": "0x24"}, {"name": "CHANNEL2", "offset": "0x28"}, {"name": "CHANNEL3", "offset": "0x2c"}, {"name": "CHANNEL4", "offset": "0x30"}, {"name": "CHANNEL5", "offset": "0x34"}, {"name": "CHANNEL6", "offset": "0x38"}, {"name": "CHANNEL7", "offset": "0x3c"}, {"name": "USER0", "offset": "0x80"}, {"name": "USER1", "offset": "0x84"}, {"name": "USER2", "offset": "0x88"}, {"name": "USER3", "offset": "0x8c"}, {"name": "USER4", "offset": "0x90"}, {"name": "USER5", "offset": "0x94"}, {"name": "USER6", "offset": "0x98"}, {"name": "USER7", "offset": "0x9c"}, {"name": "USER8", "offset": "0xa0"}, {"name": "USER9", "offset": "0xa4"}, {"name": "USER10", "offset": "0xa8"}, {"name": "USER11", "offset": "0xac"}, {"name": "USER12", "offset": "0xb0"}, {"name": "USER13", "offset": "0xb4"}, {"name": "USER14", "offset": "0xb8"}, {"name": "USER15", "offset": "0xbc"}, {"name": "USER16", "offset": "0xc0"}, {"name": "USER17", "offset": "0xc4"}, {"name": "USER18", "offset": "0xc8"}, {"name": "USER19", "offset": "0xcc"}, {"name": "USER20", "offset": "0xd0"}, {"name": "USER21", "offset": "0xd4"}, {"name": "USER22", "offset": "0xd8"}, {"name": "USER23", "offset": "0xdc"}, {"name": "USER24", "offset": "0xe0"}, {"name": "USER25", "offset": "0xe4"}, {"name": "USER26", "offset": "0xe8"}, {"name": "USER27", "offset": "0xec"}, {"name": "USER28", "offset": "0xf0"}, {"name": "USER29", "offset": "0xf4"}, {"name": "USER30", "offset": "0xf8"}]}, {"name": "FREQM", "start": "0x40002c00", "end": "0x40002c1f", "size": "0x20", "comment": "", "registers": [{"name": "CTRLA", "offset": "0x0", "size": "0x8"}, {"name": "CTRLB", "offset": "0x1", "size": "0x8"}, {"name": "CFGA", "offset": "0x2", "size": "0x10"}, {"name": "INTENCLR", "offset": "0x8", "size": "0x8"}, {"name": "INTENSET", "offset": "0x9", "size": "0x8"}, {"name": "INTFLAG", "offset": "0xa", "size": "0x8"}, {"name": "STATUS", "offset": "0xb", "size": "0x8"}, {"name": "SYNCBUSY", "offset": "0xc"}, {"name": "VALUE", "offset": "0x10"}]}, {"name": "GCLK", "start": "0x40001c00", "end": "0x40001dff", "size": "0x200", "comment": "", "registers": [{"name": "CTRLA", "offset": "0x0", "size": "0x8"}, {"name": "SYNCBUSY", "offset": "0x4"}, {"name": "GENCTRL0", "offset": "0x20"}, {"name": "GENCTRL1", "offset": "0x24"}, {"name": "GENCTRL2", "offset": "0x28"}, {"name": "GENCTRL3", "offset": "0x2c"}, {"name": "GENCTRL4", "offset": "0x30"}, {"name": "PCHCTRL0", "offset": "0x80"}, {"name": "PCHCTRL1", "offset": "0x84"}, {"name": "PCHCTRL2", "offset": "0x88"}, {"name": "PCHCTRL3", "offset": "0x8c"}, {"name": "PCHCTRL4", "offset": "0x90"}, {"name": "PCHCTRL5", "offset": "0x94"}, {"name": "PCHCTRL6", "offset": "0x98"}, {"name": "PCHCTRL7", "offset": "0x9c"}, {"name": "PCHCTRL8", "offset": "0xa0"}, {"name": "PCHCTRL9", "offset": "0xa4"}, {"name": "PCHCTRL10", "offset": "0xa8"}, {"name": "PCHCTRL11", "offset": "0xac"}, {"name": "PCHCTRL12", "offset": "0xb0"}, {"name": "PCHCTRL13", "offset": "0xb4"}, {"name": "PCHCTRL14", "offset": "0xb8"}, {"name": "PCHCTRL15", "offset": "0xbc"}, {"name": "PCHCTRL16", "offset": "0xc0"}, {"name": "PCHCTRL17", "offset": "0xc4"}, {"name": "PCHCTRL18", "offset": "0xc8"}, {"name": "PCHCTRL19", "offset": "0xcc"}, {"name": "PCHCTRL20", "offset": "0xd0"}, {"name": "PCHCTRL21", "offset": "0xd4"}, {"name": "PCHCTRL22", "offset": "0xd8"}, {"name": "PCHCTRL23", "offset": "0xdc"}, {"name": "PCHCTRL24", "offset": "0xe0"}, {"name": "PCHCTRL25", "offset": "0xe4"}, {"name": "PCHCTRL26", "offset": "0xe8"}, {"name": "PCHCTRL27", "offset": "0xec"}, {"name": "PCHCTRL28", "offset": "0xf0"}, {"name": "PCHCTRL29", "offset": "0xf4"}]}, {"name": "MCLK", "start": "0x40000800", "end": "0x4000087f", "size": "0x80", "comment": "", "registers": [{"name": "INTENCLR", "offset": "0x1", "size": "0x8"}, {"name": "INTENSET", "offset": "0x2", "size": "0x8"}, {"name": "INTFLAG", "offset": "0x3", "size": "0x8"}, {"name": "CPUDIV", "offset": "0x4", "size": "0x8"}, {"name": "BUPDIV", "offset": "0x6", "size": "0x8"}, {"name": "AHBMASK", "offset": "0x10"}, {"name": "APBAMASK", "offset": "0x14"}, {"name": "APBBMASK", "offset": "0x18"}, {"name": "APBCMASK", "offset": "0x1c"}]}, {"name": "MTB", "start": "0x4100a000", "end": "0x4100afff", "size": "0x1000", "comment": "", "registers": [{"name": "POSITION", "offset": "0x0"}, {"name": "MASTER", "offset": "0x4"}, {"name": "FLOW", "offset": "0x8"}, {"name": "BASE", "offset": "0xc"}, {"name": "ITCTRL", "offset": "0xf00"}, {"name": "CLAIMSET", "offset": "0xfa0"}, {"name": "CLAIMCLR", "offset": "0xfa4"}, {"name": "LOCKACCESS", "offset": "0xfb0"}, {"name": "LOCKSTATUS", "offset": "0xfb4"}, {"name": "AUTHSTATUS", "offset": "0xfb8"}, {"name": "DEVARCH", "offset": "0xfbc"}, {"name": "DEVID", "offset": "0xfc8"}, {"name": "DEVTYPE", "offset": "0xfcc"}, {"name": "PID4", "offset": "0xfd0"}, {"name": "PID5", "offset": "0xfd4"}, {"name": "PID6", "offset": "0xfd8"}, {"name": "PID7", "offset": "0xfdc"}, {"name": "PID0", "offset": "0xfe0"}, {"name": "PID1", "offset": "0xfe4"}, {"name": "PID2", "offset": "0xfe8"}, {"name": "PID3", "offset": "0xfec"}, {"name": "CID0", "offset": "0xff0"}, {"name": "CID1", "offset": "0xff4"}, {"name": "CID2", "offset": "0xff8"}, {"name": "CID3", "offset": "0xffc"}]}, {"name": "NVMCTRL", "start": "0x41004000", "end": "0x4100407f", "size": "0x80", "comment": "", "registers": [{"name": "CTRLA", "offset": "0x0", "size": "0x10"}, {"name": "CTRLB", "offset": "0x4"}, {"name": "PARAM", "offset": "0x8"}, {"name": "INTENCLR", "offset": "0xc", "size": "0x8"}, {"name": "INTENSET", "offset": "0x10", "size": "0x8"}, {"name": "INTFLAG", "offset": "0x14", "size": "0x8"}, {"name": "STATUS", "offset": "0x18", "size": "0x10"}, {"name": "ADDR", "offset": "0x1c"}, {"name": "LOCK", "offset": "0x20", "size": "0x10"}]}, {"name": "OSCCTRL", "start": "0x40001000", "end": "0x4000107f", "size": "0x80", "comment": "", "registers": [{"name": "INTENCLR", "offset": "0x0"}, {"name": "INTENSET", "offset": "0x4"}, {"name": "INTFLAG", "offset": "0x8"}, {"name": "STATUS", "offset": "0xc"}, {"name": "XOSCCTRL", "offset": "0x10", "size": "0x10"}, {"name": "CFDPRESC", "offset": "0x12", "size": "0x8"}, {"name": "EVCTRL", "offset": "0x13", "size": "0x8"}, {"name": "OSC16MCTRL", "offset": "0x14", "size": "0x8"}, {"name": "DFLLCTRL", "offset": "0x18", "size": "0x10"}, {"name": "DFLLVAL", "offset": "0x1c"}, {"name": "DFLLMUL", "offset": "0x20"}, {"name": "DFLLSYNC", "offset": "0x24", "size": "0x8"}, {"name": "DPLLCTRLA", "offset": "0x28", "size": "0x8"}, {"name": "DPLLRATIO", "offset": "0x2c"}, {"name": "DPLLCTRLB", "offset": "0x30"}, {"name": "DPLLPRESC", "offset": "0x34", "size": "0x8"}, {"name": "DPLLSYNCBUSY", "offset": "0x38", "size": "0x8"}, {"name": "DPLLSTATUS", "offset": "0x3c", "size": "0x8"}]}, {"name": "OSC32KCTRL", "start": "0x40001400", "end": "0x4000147f", "size": "0x80", "comment": "", "registers": [{"name": "INTENCLR", "offset": "0x0"}, {"name": "INTENSET", "offset": "0x4"}, {"name": "INTFLAG", "offset": "0x8"}, {"name": "STATUS", "offset": "0xc"}, {"name": "RTCCTRL", "offset": "0x10", "size": "0x8"}, {"name": "SLCDCTRL", "offset": "0x11", "size": "0x8"}, {"name": "XOSC32K", "offset": "0x14", "size": "0x10"}, {"name": "CFDCTRL", "offset": "0x16", "size": "0x8"}, {"name": "EVCTRL", "offset": "0x17", "size": "0x8"}, {"name": "OSCULP32K", "offset": "0x1c"}]}, {"name": "PAC", "start": "0x40000000", "end": "0x4000007f", "size": "0x80", "comment": "", "registers": [{"name": "WRCTRL", "offset": "0x0"}, {"name": "EVCTRL", "offset": "0x4", "size": "0x8"}, {"name": "INTENCLR", "offset": "0x8", "size": "0x8"}, {"name": "INTENSET", "offset": "0x9", "size": "0x8"}, {"name": "INTFLAGAHB", "offset": "0x10"}, {"name": "INTFLAGA", "offset": "0x14"}, {"name": "INTFLAGB", "offset": "0x18"}, {"name": "INTFLAGC", "offset": "0x1c"}, {"name": "STATUSA", "offset": "0x34"}, {"name": "STATUSB", "offset": "0x38"}, {"name": "STATUSC", "offset": "0x3c"}]}, {"name": "PM", "start": "0x40000400", "end": "0x4000047f", "size": "0x80", "comment": "", "registers": [{"name": "CTRLA", "offset": "0x0", "size": "0x8"}, {"name": "SLEEPCFG", "offset": "0x1", "size": "0x8"}, {"name": "PLCFG", "offset": "0x2", "size": "0x8"}, {"name": "INTENCLR", "offset": "0x4", "size": "0x8"}, {"name": "INTENSET", "offset": "0x5", "size": "0x8"}, {"name": "INTFLAG", "offset": "0x6", "size": "0x8"}, {"name": "STDBYCFG", "offset": "0x8", "size": "0x10"}]}, {"name": "PORT", "start": "0x41006000", "end": "0x410061ff", "size": "0x200", "comment": "", "registers": [{"name": "DIR0", "offset": "0x0"}, {"name": "DIR1", "offset": "0x80"}, {"name": "DIRCLR0", "offset": "0x4"}, {"name": "DIRCLR1", "offset": "0x84"}, {"name": "DIRSET0", "offset": "0x8"}, {"name": "DIRSET1", "offset": "0x88"}, {"name": "DIRTGL0", "offset": "0xc"}, {"name": "DIRTGL1", "offset": "0x8c"}, {"name": "OUT0", "offset": "0x10"}, {"name": "OUT1", "offset": "0x90"}, {"name": "OUTCLR0", "offset": "0x14"}, {"name": "OUTCLR1", "offset": "0x94"}, {"name": "OUTSET0", "offset": "0x18"}, {"name": "OUTSET1", "offset": "0x98"}, {"name": "OUTTGL0", "offset": "0x1c"}, {"name": "OUTTGL1", "offset": "0x9c"}, {"name": "IN0", "offset": "0x20"}, {"name": "IN1", "offset": "0xa0"}, {"name": "CTRL0", "offset": "0x24"}, {"name": "CTRL1", "offset": "0xa4"}, {"name": "WRCONFIG0", "offset": "0x28"}, {"name": "WRCONFIG1", "offset": "0xa8"}, {"name": "EVCTRL0", "offset": "0x2c"}, {"name": "EVCTRL1", "offset": "0xac"}, {"name": "PMUX0_0", "offset": "0x30", "size": "0x8"}, {"name": "PMUX0_1", "offset": "0x31", "size": "0x8"}, {"name": "PMUX0_2", "offset": "0x32", "size": "0x8"}, {"name": "PMUX0_3", "offset": "0x33", "size": "0x8"}, {"name": "PMUX0_4", "offset": "0x34", "size": "0x8"}, {"name": "PMUX0_5", "offset": "0x35", "size": "0x8"}, {"name": "PMUX0_6", "offset": "0x36", "size": "0x8"}, {"name": "PMUX0_7", "offset": "0x37", "size": "0x8"}, {"name": "PMUX0_8", "offset": "0x38", "size": "0x8"}, {"name": "PMUX0_9", "offset": "0x39", "size": "0x8"}, {"name": "PMUX0_10", "offset": "0x3a", "size": "0x8"}, {"name": "PMUX0_11", "offset": "0x3b", "size": "0x8"}, {"name": "PMUX0_12", "offset": "0x3c", "size": "0x8"}, {"name": "PMUX0_13", "offset": "0x3d", "size": "0x8"}, {"name": "PMUX0_14", "offset": "0x3e", "size": "0x8"}, {"name": "PMUX0_15", "offset": "0x3f", "size": "0x8"}, {"name": "PMUX1_0", "offset": "0xb0", "size": "0x0"}, {"name": "PMUX1_1", "offset": "0xb1", "size": "0x0"}, {"name": "PMUX1_2", "offset": "0xb2", "size": "0x0"}, {"name": "PMUX1_3", "offset": "0xb3", "size": "0x0"}, {"name": "PMUX1_4", "offset": "0xb4", "size": "0x0"}, {"name": "PMUX1_5", "offset": "0xb5", "size": "0x0"}, {"name": "PMUX1_6", "offset": "0xb6", "size": "0x0"}, {"name": "PMUX1_7", "offset": "0xb7", "size": "0x0"}, {"name": "PMUX1_8", "offset": "0xb8", "size": "0x0"}, {"name": "PMUX1_9", "offset": "0xb9", "size": "0x0"}, {"name": "PMUX1_10", "offset": "0xba", "size": "0x0"}, {"name": "PMUX1_11", "offset": "0xbb", "size": "0x0"}, {"name": "PMUX1_12", "offset": "0xbc", "size": "0x0"}, {"name": "PMUX1_13", "offset": "0xbd", "size": "0x0"}, {"name": "PMUX1_14", "offset": "0xbe", "size": "0x0"}, {"name": "PMUX1_15", "offset": "0xbf", "size": "0x0"}, {"name": "PINCFG0_0", "offset": "0x40", "size": "0x8"}, {"name": "PINCFG0_1", "offset": "0x41", "size": "0x8"}, {"name": "PINCFG0_2", "offset": "0x42", "size": "0x8"}, {"name": "PINCFG0_3", "offset": "0x43", "size": "0x8"}, {"name": "PINCFG0_4", "offset": "0x44", "size": "0x8"}, {"name": "PINCFG0_5", "offset": "0x45", "size": "0x8"}, {"name": "PINCFG0_6", "offset": "0x46", "size": "0x8"}, {"name": "PINCFG0_7", "offset": "0x47", "size": "0x8"}, {"name": "PINCFG0_8", "offset": "0x48", "size": "0x8"}, {"name": "PINCFG0_9", "offset": "0x49", "size": "0x8"}, {"name": "PINCFG0_10", "offset": "0x4a", "size": "0x8"}, {"name": "PINCFG0_11", "offset": "0x4b", "size": "0x8"}, {"name": "PINCFG0_12", "offset": "0x4c", "size": "0x8"}, {"name": "PINCFG0_13", "offset": "0x4d", "size": "0x8"}, {"name": "PINCFG0_14", "offset": "0x4e", "size": "0x8"}, {"name": "PINCFG0_15", "offset": "0x4f", "size": "0x8"}, {"name": "PINCFG0_16", "offset": "0x50", "size": "0x8"}, {"name": "PINCFG0_17", "offset": "0x51", "size": "0x8"}, {"name": "PINCFG0_18", "offset": "0x52", "size": "0x8"}, {"name": "PINCFG0_19", "offset": "0x53", "size": "0x8"}, {"name": "PINCFG0_20", "offset": "0x54", "size": "0x8"}, {"name": "PINCFG0_21", "offset": "0x55", "size": "0x8"}, {"name": "PINCFG0_22", "offset": "0x56", "size": "0x8"}, {"name": "PINCFG0_23", "offset": "0x57", "size": "0x8"}, {"name": "PINCFG0_24", "offset": "0x58", "size": "0x8"}, {"name": "PINCFG0_25", "offset": "0x59", "size": "0x8"}, {"name": "PINCFG0_26", "offset": "0x5a", "size": "0x8"}, {"name": "PINCFG0_27", "offset": "0x5b", "size": "0x8"}, {"name": "PINCFG0_28", "offset": "0x5c", "size": "0x8"}, {"name": "PINCFG0_29", "offset": "0x5d", "size": "0x8"}, {"name": "PINCFG0_30", "offset": "0x5e", "size": "0x8"}, {"name": "PINCFG0_31", "offset": "0x5f", "size": "0x8"}, {"name": "PINCFG1_0", "offset": "0xc0", "size": "0x0"}, {"name": "PINCFG1_1", "offset": "0xc1", "size": "0x0"}, {"name": "PINCFG1_2", "offset": "0xc2", "size": "0x0"}, {"name": "PINCFG1_3", "offset": "0xc3", "size": "0x0"}, {"name": "PINCFG1_4", "offset": "0xc4", "size": "0x0"}, {"name": "PINCFG1_5", "offset": "0xc5", "size": "0x0"}, {"name": "PINCFG1_6", "offset": "0xc6", "size": "0x0"}, {"name": "PINCFG1_7", "offset": "0xc7", "size": "0x0"}, {"name": "PINCFG1_8", "offset": "0xc8", "size": "0x0"}, {"name": "PINCFG1_9", "offset": "0xc9", "size": "0x0"}, {"name": "PINCFG1_10", "offset": "0xca", "size": "0x0"}, {"name": "PINCFG1_11", "offset": "0xcb", "size": "0x0"}, {"name": "PINCFG1_12", "offset": "0xcc", "size": "0x0"}, {"name": "PINCFG1_13", "offset": "0xcd", "size": "0x0"}, {"name": "PINCFG1_14", "offset": "0xce", "size": "0x0"}, {"name": "PINCFG1_15", "offset": "0xcf", "size": "0x0"}, {"name": "PINCFG1_16", "offset": "0xd0", "size": "0x0"}, {"name": "PINCFG1_17", "offset": "0xd1", "size": "0x0"}, {"name": "PINCFG1_18", "offset": "0xd2", "size": "0x0"}, {"name": "PINCFG1_19", "offset": "0xd3", "size": "0x0"}, {"name": "PINCFG1_20", "offset": "0xd4", "size": "0x0"}, {"name": "PINCFG1_21", "offset": "0xd5", "size": "0x0"}, {"name": "PINCFG1_22", "offset": "0xd6", "size": "0x0"}, {"name": "PINCFG1_23", "offset": "0xd7", "size": "0x0"}, {"name": "PINCFG1_24", "offset": "0xd8", "size": "0x0"}, {"name": "PINCFG1_25", "offset": "0xd9", "size": "0x0"}, {"name": "PINCFG1_26", "offset": "0xda", "size": "0x0"}, {"name": "PINCFG1_27", "offset": "0xdb", "size": "0x0"}, {"name": "PINCFG1_28", "offset": "0xdc", "size": "0x0"}, {"name": "PINCFG1_29", "offset": "0xdd", "size": "0x0"}, {"name": "PINCFG1_30", "offset": "0xde", "size": "0x0"}, {"name": "PINCFG1_31", "offset": "0xdf", "size": "0x0"}]}, {"name": "PORT_IOBUS", "start": "0x60000000", "end": "0x600001ff", "size": "0x200", "comment": "", "registers": [{"name": "DIR0", "offset": "0x0"}, {"name": "DIR1", "offset": "0x80"}, {"name": "DIRCLR0", "offset": "0x4"}, {"name": "DIRCLR1", "offset": "0x84"}, {"name": "DIRSET0", "offset": "0x8"}, {"name": "DIRSET1", "offset": "0x88"}, {"name": "DIRTGL0", "offset": "0xc"}, {"name": "DIRTGL1", "offset": "0x8c"}, {"name": "OUT0", "offset": "0x10"}, {"name": "OUT1", "offset": "0x90"}, {"name": "OUTCLR0", "offset": "0x14"}, {"name": "OUTCLR1", "offset": "0x94"}, {"name": "OUTSET0", "offset": "0x18"}, {"name": "OUTSET1", "offset": "0x98"}, {"name": "OUTTGL0", "offset": "0x1c"}, {"name": "OUTTGL1", "offset": "0x9c"}, {"name": "IN0", "offset": "0x20"}, {"name": "IN1", "offset": "0xa0"}, {"name": "CTRL0", "offset": "0x24"}, {"name": "CTRL1", "offset": "0xa4"}, {"name": "WRCONFIG0", "offset": "0x28"}, {"name": "WRCONFIG1", "offset": "0xa8"}, {"name": "EVCTRL0", "offset": "0x2c"}, {"name": "EVCTRL1", "offset": "0xac"}, {"name": "PMUX0_0", "offset": "0x30", "size": "0x8"}, {"name": "PMUX0_1", "offset": "0x31", "size": "0x8"}, {"name": "PMUX0_2", "offset": "0x32", "size": "0x8"}, {"name": "PMUX0_3", "offset": "0x33", "size": "0x8"}, {"name": "PMUX0_4", "offset": "0x34", "size": "0x8"}, {"name": "PMUX0_5", "offset": "0x35", "size": "0x8"}, {"name": "PMUX0_6", "offset": "0x36", "size": "0x8"}, {"name": "PMUX0_7", "offset": "0x37", "size": "0x8"}, {"name": "PMUX0_8", "offset": "0x38", "size": "0x8"}, {"name": "PMUX0_9", "offset": "0x39", "size": "0x8"}, {"name": "PMUX0_10", "offset": "0x3a", "size": "0x8"}, {"name": "PMUX0_11", "offset": "0x3b", "size": "0x8"}, {"name": "PMUX0_12", "offset": "0x3c", "size": "0x8"}, {"name": "PMUX0_13", "offset": "0x3d", "size": "0x8"}, {"name": "PMUX0_14", "offset": "0x3e", "size": "0x8"}, {"name": "PMUX0_15", "offset": "0x3f", "size": "0x8"}, {"name": "PMUX1_0", "offset": "0xb0", "size": "0x0"}, {"name": "PMUX1_1", "offset": "0xb1", "size": "0x0"}, {"name": "PMUX1_2", "offset": "0xb2", "size": "0x0"}, {"name": "PMUX1_3", "offset": "0xb3", "size": "0x0"}, {"name": "PMUX1_4", "offset": "0xb4", "size": "0x0"}, {"name": "PMUX1_5", "offset": "0xb5", "size": "0x0"}, {"name": "PMUX1_6", "offset": "0xb6", "size": "0x0"}, {"name": "PMUX1_7", "offset": "0xb7", "size": "0x0"}, {"name": "PMUX1_8", "offset": "0xb8", "size": "0x0"}, {"name": "PMUX1_9", "offset": "0xb9", "size": "0x0"}, {"name": "PMUX1_10", "offset": "0xba", "size": "0x0"}, {"name": "PMUX1_11", "offset": "0xbb", "size": "0x0"}, {"name": "PMUX1_12", "offset": "0xbc", "size": "0x0"}, {"name": "PMUX1_13", "offset": "0xbd", "size": "0x0"}, {"name": "PMUX1_14", "offset": "0xbe", "size": "0x0"}, {"name": "PMUX1_15", "offset": "0xbf", "size": "0x0"}, {"name": "PINCFG0_0", "offset": "0x40", "size": "0x8"}, {"name": "PINCFG0_1", "offset": "0x41", "size": "0x8"}, {"name": "PINCFG0_2", "offset": "0x42", "size": "0x8"}, {"name": "PINCFG0_3", "offset": "0x43", "size": "0x8"}, {"name": "PINCFG0_4", "offset": "0x44", "size": "0x8"}, {"name": "PINCFG0_5", "offset": "0x45", "size": "0x8"}, {"name": "PINCFG0_6", "offset": "0x46", "size": "0x8"}, {"name": "PINCFG0_7", "offset": "0x47", "size": "0x8"}, {"name": "PINCFG0_8", "offset": "0x48", "size": "0x8"}, {"name": "PINCFG0_9", "offset": "0x49", "size": "0x8"}, {"name": "PINCFG0_10", "offset": "0x4a", "size": "0x8"}, {"name": "PINCFG0_11", "offset": "0x4b", "size": "0x8"}, {"name": "PINCFG0_12", "offset": "0x4c", "size": "0x8"}, {"name": "PINCFG0_13", "offset": "0x4d", "size": "0x8"}, {"name": "PINCFG0_14", "offset": "0x4e", "size": "0x8"}, {"name": "PINCFG0_15", "offset": "0x4f", "size": "0x8"}, {"name": "PINCFG0_16", "offset": "0x50", "size": "0x8"}, {"name": "PINCFG0_17", "offset": "0x51", "size": "0x8"}, {"name": "PINCFG0_18", "offset": "0x52", "size": "0x8"}, {"name": "PINCFG0_19", "offset": "0x53", "size": "0x8"}, {"name": "PINCFG0_20", "offset": "0x54", "size": "0x8"}, {"name": "PINCFG0_21", "offset": "0x55", "size": "0x8"}, {"name": "PINCFG0_22", "offset": "0x56", "size": "0x8"}, {"name": "PINCFG0_23", "offset": "0x57", "size": "0x8"}, {"name": "PINCFG0_24", "offset": "0x58", "size": "0x8"}, {"name": "PINCFG0_25", "offset": "0x59", "size": "0x8"}, {"name": "PINCFG0_26", "offset": "0x5a", "size": "0x8"}, {"name": "PINCFG0_27", "offset": "0x5b", "size": "0x8"}, {"name": "PINCFG0_28", "offset": "0x5c", "size": "0x8"}, {"name": "PINCFG0_29", "offset": "0x5d", "size": "0x8"}, {"name": "PINCFG0_30", "offset": "0x5e", "size": "0x8"}, {"name": "PINCFG0_31", "offset": "0x5f", "size": "0x8"}, {"name": "PINCFG1_0", "offset": "0xc0", "size": "0x0"}, {"name": "PINCFG1_1", "offset": "0xc1", "size": "0x0"}, {"name": "PINCFG1_2", "offset": "0xc2", "size": "0x0"}, {"name": "PINCFG1_3", "offset": "0xc3", "size": "0x0"}, {"name": "PINCFG1_4", "offset": "0xc4", "size": "0x0"}, {"name": "PINCFG1_5", "offset": "0xc5", "size": "0x0"}, {"name": "PINCFG1_6", "offset": "0xc6", "size": "0x0"}, {"name": "PINCFG1_7", "offset": "0xc7", "size": "0x0"}, {"name": "PINCFG1_8", "offset": "0xc8", "size": "0x0"}, {"name": "PINCFG1_9", "offset": "0xc9", "size": "0x0"}, {"name": "PINCFG1_10", "offset": "0xca", "size": "0x0"}, {"name": "PINCFG1_11", "offset": "0xcb", "size": "0x0"}, {"name": "PINCFG1_12", "offset": "0xcc", "size": "0x0"}, {"name": "PINCFG1_13", "offset": "0xcd", "size": "0x0"}, {"name": "PINCFG1_14", "offset": "0xce", "size": "0x0"}, {"name": "PINCFG1_15", "offset": "0xcf", "size": "0x0"}, {"name": "PINCFG1_16", "offset": "0xd0", "size": "0x0"}, {"name": "PINCFG1_17", "offset": "0xd1", "size": "0x0"}, {"name": "PINCFG1_18", "offset": "0xd2", "size": "0x0"}, {"name": "PINCFG1_19", "offset": "0xd3", "size": "0x0"}, {"name": "PINCFG1_20", "offset": "0xd4", "size": "0x0"}, {"name": "PINCFG1_21", "offset": "0xd5", "size": "0x0"}, {"name": "PINCFG1_22", "offset": "0xd6", "size": "0x0"}, {"name": "PINCFG1_23", "offset": "0xd7", "size": "0x0"}, {"name": "PINCFG1_24", "offset": "0xd8", "size": "0x0"}, {"name": "PINCFG1_25", "offset": "0xd9", "size": "0x0"}, {"name": "PINCFG1_26", "offset": "0xda", "size": "0x0"}, {"name": "PINCFG1_27", "offset": "0xdb", "size": "0x0"}, {"name": "PINCFG1_28", "offset": "0xdc", "size": "0x0"}, {"name": "PINCFG1_29", "offset": "0xdd", "size": "0x0"}, {"name": "PINCFG1_30", "offset": "0xde", "size": "0x0"}, {"name": "PINCFG1_31", "offset": "0xdf", "size": "0x0"}]}, {"name": "RSTC", "start": "0x40000c00", "end": "0x40000c1f", "size": "0x20", "comment": "", "registers": [{"name": "RCAUSE", "offset": "0x0", "size": "0x8"}, {"name": "BKUPEXIT", "offset": "0x2", "size": "0x8"}]}, {"name": "RTC", "start": "0x40002400", "end": "0x400024ff", "size": "0x100", "comment": "", "registers": []}, {"name": "SERCOM0", "start": "0x42000400", "end": "0x4200043f", "size": "0x40", "comment": "", "registers": []}, {"name": "SERCOM1", "start": "0x42000800", "end": "0x4200083f", "size": "0x40", "comment": "", "registers": []}, {"name": "SERCOM2", "start": "0x42000c00", "end": "0x42000c3f", "size": "0x40", "comment": "", "registers": []}, {"name": "SERCOM3", "start": "0x42001000", "end": "0x4200103f", "size": "0x40", "comment": "", "registers": []}, {"name": "SLCD", "start": "0x42003c00", "end": "0x42003cff", "size": "0x100", "comment": "", "registers": [{"name": "CTRLA", "offset": "0x0"}, {"name": "CTRLB", "offset": "0x4", "size": "0x10"}, {"name": "CTRLC", "offset": "0x6", "size": "0x10"}, {"name": "CTRLD", "offset": "0x8", "size": "0x8"}, {"name": "EVCTRL", "offset": "0xc", "size": "0x8"}, {"name": "INTENCLR", "offset": "0xd", "size": "0x8"}, {"name": "INTENSET", "offset": "0xe", "size": "0x8"}, {"name": "INTFLAG", "offset": "0xf", "size": "0x8"}, {"name": "STATUS", "offset": "0x10", "size": "0x8"}, {"name": "SYNCBUSY", "offset": "0x14"}, {"name": "FC0", "offset": "0x18", "size": "0x8"}, {"name": "FC1", "offset": "0x19", "size": "0x8"}, {"name": "FC2", "offset": "0x1a", "size": "0x8"}, {"name": "LPENL", "offset": "0x1c"}, {"name": "LPENH", "offset": "0x20"}, {"name": "SDATAL0", "offset": "0x24"}, {"name": "SDATAH0", "offset": "0x28"}, {"name": "SDATAL1", "offset": "0x2c"}, {"name": "SDATAH1", "offset": "0x30"}, {"name": "SDATAL2", "offset": "0x34"}, {"name": "SDATAH2", "offset": "0x38"}, {"name": "SDATAL3", "offset": "0x3c"}, {"name": "SDATAH3", "offset": "0x40"}, {"name": "SDATAL4", "offset": "0x44"}, {"name": "SDATAH4", "offset": "0x48"}, {"name": "SDATAL5", "offset": "0x4c"}, {"name": "SDATAH5", "offset": "0x50"}, {"name": "SDATAL6", "offset": "0x54"}, {"name": "SDATAH6", "offset": "0x58"}, {"name": "SDATAL7", "offset": "0x5c"}, {"name": "SDATAH7", "offset": "0x60"}, {"name": "ISDATA", "offset": "0x64"}, {"name": "BCFG", "offset": "0x68"}, {"name": "CSRCFG", "offset": "0x6c"}, {"name": "CMCFG", "offset": "0x70", "size": "0x8"}, {"name": "ACMCFG", "offset": "0x74"}, {"name": "ABMCFG", "offset": "0x78", "size": "0x8"}, {"name": "CMDATA", "offset": "0x7c"}, {"name": "CMDMASK", "offset": "0x80"}, {"name": "CMINDEX", "offset": "0x84", "size": "0x10"}]}, {"name": "SUPC", "start": "0x40001800", "end": "0x4000187f", "size": "0x80", "comment": "", "registers": [{"name": "INTENCLR", "offset": "0x0"}, {"name": "INTENSET", "offset": "0x4"}, {"name": "INTFLAG", "offset": "0x8"}, {"name": "STATUS", "offset": "0xc"}, {"name": "BOD33", "offset": "0x10"}, {"name": "BOD12", "offset": "0x14"}, {"name": "VREG", "offset": "0x18"}, {"name": "VREF", "offset": "0x1c"}, {"name": "BBPS", "offset": "0x20"}, {"name": "BKOUT", "offset": "0x24"}, {"name": "BKIN", "offset": "0x28"}]}, {"name": "TC0", "start": "0x42002000", "end": "0x4200203f", "size": "0x40", "comment": "", "registers": []}, {"name": "TC1", "start": "0x42002400", "end": "0x4200243f", "size": "0x40", "comment": "", "registers": []}, {"name": "TC2", "start": "0x42002800", "end": "0x4200283f", "size": "0x40", "comment": "", "registers": []}, {"name": "TC3", "start": "0x42002c00", "end": "0x42002c3f", "size": "0x40", "comment": "", "registers": []}, {"name": "TCC0", "start": "0x42001c00", "end": "0x42001c8f", "size": "0x90", "comment": "", "registers": [{"name": "CTRLA", "offset": "0x0"}, {"name": "CTRLBCLR", "offset": "0x4", "size": "0x8"}, {"name": "CTRLBSET", "offset": "0x5", "size": "0x8"}, {"name": "SYNCBUSY", "offset": "0x8"}, {"name": "FCTRLA", "offset": "0xc"}, {"name": "FCTRLB", "offset": "0x10"}, {"name": "WEXCTRL", "offset": "0x14"}, {"name": "DRVCTRL", "offset": "0x18"}, {"name": "DBGCTRL", "offset": "0x1e", "size": "0x8"}, {"name": "EVCTRL", "offset": "0x20"}, {"name": "INTENCLR", "offset": "0x24"}, {"name": "INTENSET", "offset": "0x28"}, {"name": "INTFLAG", "offset": "0x2c"}, {"name": "STATUS", "offset": "0x30"}, {"name": "COUNT", "offset": "0x34"}, {"name": "COUNT_DITH4", "offset": "0x34"}, {"name": "COUNT_DITH5", "offset": "0x34"}, {"name": "COUNT_DITH6", "offset": "0x34"}, {"name": "PATT", "offset": "0x38", "size": "0x10"}, {"name": "WAVE", "offset": "0x3c"}, {"name": "PER", "offset": "0x40"}, {"name": "PER_DITH4", "offset": "0x40"}, {"name": "PER_DITH5", "offset": "0x40"}, {"name": "PER_DITH6", "offset": "0x40"}, {"name": "PATTBUF", "offset": "0x64", "size": "0x10"}, {"name": "PERBUF", "offset": "0x6c"}, {"name": "PERBUF_DITH4", "offset": "0x6c"}, {"name": "PERBUF_DITH5", "offset": "0x6c"}, {"name": "PERBUF_DITH6", "offset": "0x6c"}, {"name": "CC0", "offset": "0x44"}, {"name": "CC1", "offset": "0x48"}, {"name": "CC2", "offset": "0x4c"}, {"name": "CC3", "offset": "0x50"}, {"name": "CC0_DITH4", "offset": "0x44"}, {"name": "CC1_DITH4", "offset": "0x48"}, {"name": "CC2_DITH4", "offset": "0x4c"}, {"name": "CC3_DITH4", "offset": "0x50"}, {"name": "CC0_DITH5", "offset": "0x44"}, {"name": "CC1_DITH5", "offset": "0x48"}, {"name": "CC2_DITH5", "offset": "0x4c"}, {"name": "CC3_DITH5", "offset": "0x50"}, {"name": "CC0_DITH6", "offset": "0x44"}, {"name": "CC1_DITH6", "offset": "0x48"}, {"name": "CC2_DITH6", "offset": "0x4c"}, {"name": "CC3_DITH6", "offset": "0x50"}, {"name": "CCBUF0", "offset": "0x70"}, {"name": "CCBUF1", "offset": "0x74"}, {"name": "CCBUF2", "offset": "0x78"}, {"name": "CCBUF3", "offset": "0x7c"}, {"name": "CCBUF0_DITH4", "offset": "0x70"}, {"name": "CCBUF1_DITH4", "offset": "0x74"}, {"name": "CCBUF2_DITH4", "offset": "0x78"}, {"name": "CCBUF3_DITH4", "offset": "0x7c"}, {"name": "CCBUF0_DITH5", "offset": "0x70"}, {"name": "CCBUF1_DITH5", "offset": "0x74"}, {"name": "CCBUF2_DITH5", "offset": "0x78"}, {"name": "CCBUF3_DITH5", "offset": "0x7c"}, {"name": "CCBUF0_DITH6", "offset": "0x70"}, {"name": "CCBUF1_DITH6", "offset": "0x74"}, {"name": "CCBUF2_DITH6", "offset": "0x78"}, {"name": "CCBUF3_DITH6", "offset": "0x7c"}]}, {"name": "TRNG", "start": "0x42004400", "end": "0x420044ff", "size": "0x100", "comment": "", "registers": [{"name": "CTRLA", "offset": "0x0", "size": "0x8"}, {"name": "EVCTRL", "offset": "0x4", "size": "0x8"}, {"name": "INTENCLR", "offset": "0x8", "size": "0x8"}, {"name": "INTENSET", "offset": "0x9", "size": "0x8"}, {"name": "INTFLAG", "offset": "0xa", "size": "0x8"}, {"name": "DATA", "offset": "0x20"}]}, {"name": "USB", "start": "0x41000000", "end": "0x410003ff", "size": "0x400", "comment": "", "registers": []}, {"name": "WDT", "start": "0x40002000", "end": "0x4000200f", "size": "0x10", "comment": "", "registers": [{"name": "CTRLA", "offset": "0x0", "size": "0x8"}, {"name": "CONFIG", "offset": "0x1", "size": "0x8"}, {"name": "EWCTRL", "offset": "0x2", "size": "0x8"}, {"name": "INTENCLR", "offset": "0x4", "size": "0x8"}, {"name": "INTENSET", "offset": "0x5", "size": "0x8"}, {"name": "INTFLAG", "offset": "0x6", "size": "0x8"}, {"name": "SYNCBUSY", "offset": "0x8"}, {"name": "CLEAR", "offset": "0xc", "size": "0x8"}]}], "vector_table": [{"name": "StackPointer_Value", "value": -1, "addr": "0x0", "comment": "Stack pointer initial value"}, {"name": "Reset", "value": -1, "addr": "0x4", "comment": "Priority: -3"}, {"name": "NMI", "value": -1, "addr": "0x8", "comment": "Priority: -2"}, {"name": "HardFault", "value": -1, "addr": "0xc", "comment": "Priority: -1"}, {"name": "SVCall", "value": -1, "addr": "0x2c", "comment": "Priority: 3"}, {"name": "PendSV", "value": -1, "addr": "0x38", "comment": "Priority: 5"}, {"name": "SysTick", "value": -1, "addr": "0x3c", "comment": "Priority: 6"}, {"name": "SYSTEM", "value": 0, "comment": "", "addr": "0x40"}, {"name": "SYSTEM", "value": 0, "comment": "", "addr": "0x40"}, {"name": "SYSTEM", "value": 0, "comment": "", "addr": "0x40"}, {"name": "SYSTEM", "value": 0, "comment": "", "addr": "0x40"}, {"name": "SYSTEM", "value": 0, "comment": "", "addr": "0x40"}, {"name": "SYSTEM", "value": 0, "comment": "", "addr": "0x40"}, {"name": "WDT", "value": 1, "comment": "", "addr": "0x44"}, {"name": "RTC", "value": 2, "comment": "", "addr": "0x48"}, {"name": "EIC", "value": 3, "comment": "", "addr": "0x4c"}, {"name": "FREQM", "value": 4, "comment": "", "addr": "0x50"}, {"name": "USB", "value": 5, "comment": "", "addr": "0x54"}, {"name": "NVMCTRL", "value": 6, "comment": "", "addr": "0x58"}, {"name": "DMAC", "value": 7, "comment": "", "addr": "0x5c"}, {"name": "EVSYS", "value": 8, "comment": "", "addr": "0x60"}, {"name": "SERCOM0", "value": 9, "comment": "", "addr": "0x64"}, {"name": "SERCOM1", "value": 10, "comment": "", "addr": "0x68"}, {"name": "SERCOM2", "value": 11, "comment": "", "addr": "0x6c"}, {"name": "SERCOM3", "value": 12, "comment": "", "addr": "0x70"}, {"name": "TCC0", "value": 15, "comment": "", "addr": "0x7c"}, {"name": "TC0", "value": 16, "comment": "", "addr": "0x80"}, {"name": "TC1", "value": 17, "comment": "", "addr": "0x84"}, {"name": "TC2", "value": 18, "comment": "", "addr": "0x88"}, {"name": "TC3", "value": 19, "comment": "", "addr": "0x8c"}, {"name": "ADC", "value": 20, "comment": "", "addr": "0x90"}, {"name": "AC", "value": 21, "comment": "", "addr": "0x94"}, {"name": "SLCD", "value": 23, "comment": "", "addr": "0x9c"}, {"name": "AES", "value": 24, "comment": "", "addr": "0xa0"}, {"name": "TRNG", "value": 25, "comment": "", "addr": "0xa4"}]}