{"brand": "Microchip", "family": "SAMC20", "name": "ATSAMC20E17A", "bits": 32, "mode": 1, "segments": [{"name": "SRAM", "start": "0x20000000", "end": "0x20007fff", "size": "0x8000", "type": "DATA"}], "peripherals": [{"name": "AC", "start": "0x42005000", "end": "0x42005023", "size": "0x24", "comment": "", "registers": [{"name": "CTRLA", "offset": "0x0", "size": "0x8"}, {"name": "CTRLB", "offset": "0x1", "size": "0x8"}, {"name": "EVCTRL", "offset": "0x2", "size": "0x10"}, {"name": "INTENCLR", "offset": "0x4", "size": "0x8"}, {"name": "INTENSET", "offset": "0x5", "size": "0x8"}, {"name": "INTFLAG", "offset": "0x6", "size": "0x8"}, {"name": "STATUSA", "offset": "0x7", "size": "0x8"}, {"name": "STATUSB", "offset": "0x8", "size": "0x8"}, {"name": "DBGCTRL", "offset": "0x9", "size": "0x8"}, {"name": "WINCTRL", "offset": "0xa", "size": "0x8"}, {"name": "SYNCBUSY", "offset": "0x20"}, {"name": "SCALER[0]", "offset": "0xc", "size": "0x8"}, {"name": "SCALER[1]", "offset": "0xd", "size": "0x8"}, {"name": "SCALER[2]", "offset": "0xe", "size": "0x8"}, {"name": "SCALER[3]", "offset": "0xf", "size": "0x8"}, {"name": "COMPCTRL[0]", "offset": "0x10"}, {"name": "COMPCTRL[1]", "offset": "0x14"}, {"name": "COMPCTRL[2]", "offset": "0x18"}, {"name": "COMPCTRL[3]", "offset": "0x1c"}]}, {"name": "ADC0", "start": "0x42004400", "end": "0x4200442d", "size": "0x2e", "comment": "", "registers": [{"name": "CTRLA", "offset": "0x0", "size": "0x8"}, {"name": "CTRLB", "offset": "0x1", "size": "0x8"}, {"name": "REFCTRL", "offset": "0x2", "size": "0x8"}, {"name": "EVCTRL", "offset": "0x3", "size": "0x8"}, {"name": "INTENCLR", "offset": "0x4", "size": "0x8"}, {"name": "INTENSET", "offset": "0x5", "size": "0x8"}, {"name": "INTFLAG", "offset": "0x6", "size": "0x8"}, {"name": "SEQSTATUS", "offset": "0x7", "size": "0x8"}, {"name": "INPUTCTRL", "offset": "0x8", "size": "0x10"}, {"name": "CTRLC", "offset": "0xa", "size": "0x10"}, {"name": "AVGCTRL", "offset": "0xc", "size": "0x8"}, {"name": "SAMPCTRL", "offset": "0xd", "size": "0x8"}, {"name": "WINLT", "offset": "0xe", "size": "0x10"}, {"name": "WINUT", "offset": "0x10", "size": "0x10"}, {"name": "GAINCORR", "offset": "0x12", "size": "0x10"}, {"name": "OFFSETCORR", "offset": "0x14", "size": "0x10"}, {"name": "SWTRIG", "offset": "0x18", "size": "0x8"}, {"name": "DBGCTRL", "offset": "0x1c", "size": "0x8"}, {"name": "SYNCBUSY", "offset": "0x20", "size": "0x10"}, {"name": "RESULT", "offset": "0x24", "size": "0x10"}, {"name": "SEQCTRL", "offset": "0x28"}, {"name": "CALIB", "offset": "0x2c", "size": "0x10"}]}, {"name": "CCL", "start": "0x42005c00", "end": "0x42005c17", "size": "0x18", "comment": "", "registers": [{"name": "CTRL", "offset": "0x0", "size": "0x8"}, {"name": "SEQCTRL[0]", "offset": "0x4", "size": "0x8"}, {"name": "SEQCTRL[1]", "offset": "0x5", "size": "0x8"}, {"name": "LUTCTRL[0]", "offset": "0x8"}, {"name": "LUTCTRL[1]", "offset": "0xc"}, {"name": "LUTCTRL[2]", "offset": "0x10"}, {"name": "LUTCTRL[3]", "offset": "0x14"}]}, {"name": "DIVAS", "start": "0x48000000", "end": "0x4800001b", "size": "0x1c", "comment": "", "registers": [{"name": "CTRLA", "offset": "0x0", "size": "0x8"}, {"name": "STATUS", "offset": "0x4", "size": "0x8"}, {"name": "DIVIDEND", "offset": "0x8"}, {"name": "DIVISOR", "offset": "0xc"}, {"name": "RESULT", "offset": "0x10"}, {"name": "REM", "offset": "0x14"}, {"name": "SQRNUM", "offset": "0x18"}]}, {"name": "DMAC", "start": "0x41006000", "end": "0x4100604f", "size": "0x50", "comment": "", "registers": [{"name": "CTRL", "offset": "0x0", "size": "0x10"}, {"name": "CRCCTRL", "offset": "0x2", "size": "0x10"}, {"name": "CRCDATAIN", "offset": "0x4"}, {"name": "CRCCHKSUM", "offset": "0x8"}, {"name": "CRCSTATUS", "offset": "0xc", "size": "0x8"}, {"name": "DBGCTRL", "offset": "0xd", "size": "0x8"}, {"name": "QOSCTRL", "offset": "0xe", "size": "0x8"}, {"name": "SWTRIGCTRL", "offset": "0x10"}, {"name": "PRICTRL0", "offset": "0x14"}, {"name": "INTPEND", "offset": "0x20", "size": "0x10"}, {"name": "INTSTATUS", "offset": "0x24"}, {"name": "BUSYCH", "offset": "0x28"}, {"name": "PENDCH", "offset": "0x2c"}, {"name": "ACTIVE", "offset": "0x30"}, {"name": "BASEADDR", "offset": "0x34"}, {"name": "WRBADDR", "offset": "0x38"}, {"name": "CHID", "offset": "0x3f", "size": "0x8"}, {"name": "CHCTRLA", "offset": "0x40", "size": "0x8"}, {"name": "CHCTRLB", "offset": "0x44"}, {"name": "CHINTENCLR", "offset": "0x4c", "size": "0x8"}, {"name": "CHINTENSET", "offset": "0x4d", "size": "0x8"}, {"name": "CHINTFLAG", "offset": "0x4e", "size": "0x8"}, {"name": "CHSTATUS", "offset": "0x4f", "size": "0x8"}]}, {"name": "DSU", "start": "0x41002000", "end": "0x41003fff", "size": "0x2000", "comment": "", "registers": [{"name": "CTRL", "offset": "0x0", "size": "0x8"}, {"name": "STATUSA", "offset": "0x1", "size": "0x8"}, {"name": "STATUSB", "offset": "0x2", "size": "0x8"}, {"name": "STATUSC", "offset": "0x3", "size": "0x8"}, {"name": "ADDR", "offset": "0x4"}, {"name": "LENGTH", "offset": "0x8"}, {"name": "DATA", "offset": "0xc"}, {"name": "DID", "offset": "0x18"}, {"name": "ENTRY0", "offset": "0x1000"}, {"name": "ENTRY1", "offset": "0x1004"}, {"name": "END", "offset": "0x1008"}, {"name": "MEMTYPE", "offset": "0x1fcc"}, {"name": "PID4", "offset": "0x1fd0"}, {"name": "PID5", "offset": "0x1fd4"}, {"name": "PID6", "offset": "0x1fd8"}, {"name": "PID7", "offset": "0x1fdc"}, {"name": "PID0", "offset": "0x1fe0"}, {"name": "PID1", "offset": "0x1fe4"}, {"name": "PID2", "offset": "0x1fe8"}, {"name": "PID3", "offset": "0x1fec"}, {"name": "CID0", "offset": "0x1ff0"}, {"name": "CID1", "offset": "0x1ff4"}, {"name": "CID2", "offset": "0x1ff8"}, {"name": "CID3", "offset": "0x1ffc"}, {"name": "DCC[0]", "offset": "0x10"}, {"name": "DCC[1]", "offset": "0x14"}, {"name": "DCFG[0]", "offset": "0xf0"}, {"name": "DCFG[1]", "offset": "0xf4"}]}, {"name": "EIC", "start": "0x40002800", "end": "0x40002823", "size": "0x24", "comment": "", "registers": [{"name": "CTRLA", "offset": "0x0", "size": "0x8"}, {"name": "NMICTRL", "offset": "0x1", "size": "0x8"}, {"name": "NMIFLAG", "offset": "0x2", "size": "0x10"}, {"name": "SYNCBUSY", "offset": "0x4"}, {"name": "EVCTRL", "offset": "0x8"}, {"name": "INTENCLR", "offset": "0xc"}, {"name": "INTENSET", "offset": "0x10"}, {"name": "INTFLAG", "offset": "0x14"}, {"name": "ASYNCH", "offset": "0x18"}, {"name": "CONFIG[0]", "offset": "0x1c"}, {"name": "CONFIG[1]", "offset": "0x20"}]}, {"name": "EVSYS", "start": "0x42000000", "end": "0x4200019b", "size": "0x19c", "comment": "", "registers": [{"name": "CTRLA", "offset": "0x0", "size": "0x8"}, {"name": "CHSTATUS", "offset": "0xc"}, {"name": "INTENCLR", "offset": "0x10"}, {"name": "INTENSET", "offset": "0x14"}, {"name": "INTFLAG", "offset": "0x18"}, {"name": "SWEVT", "offset": "0x1c"}, {"name": "CHANNEL[0]", "offset": "0x20"}, {"name": "CHANNEL[1]", "offset": "0x24"}, {"name": "CHANNEL[2]", "offset": "0x28"}, {"name": "CHANNEL[3]", "offset": "0x2c"}, {"name": "CHANNEL[4]", "offset": "0x30"}, {"name": "CHANNEL[5]", "offset": "0x34"}, {"name": "USER[0]", "offset": "0x80"}, {"name": "USER[1]", "offset": "0x84"}, {"name": "USER[2]", "offset": "0x88"}, {"name": "USER[3]", "offset": "0x8c"}, {"name": "USER[4]", "offset": "0x90"}, {"name": "USER[5]", "offset": "0x94"}, {"name": "USER[6]", "offset": "0x98"}, {"name": "USER[7]", "offset": "0x9c"}, {"name": "USER[8]", "offset": "0xa0"}, {"name": "USER[9]", "offset": "0xa4"}, {"name": "USER[10]", "offset": "0xa8"}, {"name": "USER[11]", "offset": "0xac"}, {"name": "USER[12]", "offset": "0xb0"}, {"name": "USER[13]", "offset": "0xb4"}, {"name": "USER[14]", "offset": "0xb8"}, {"name": "USER[15]", "offset": "0xbc"}, {"name": "USER[16]", "offset": "0xc0"}, {"name": "USER[17]", "offset": "0xc4"}, {"name": "USER[18]", "offset": "0xc8"}, {"name": "USER[19]", "offset": "0xcc"}, {"name": "USER[20]", "offset": "0xd0"}, {"name": "USER[21]", "offset": "0xd4"}, {"name": "USER[22]", "offset": "0xd8"}, {"name": "USER[23]", "offset": "0xdc"}, {"name": "USER[24]", "offset": "0xe0"}, {"name": "USER[25]", "offset": "0xe4"}, {"name": "USER[26]", "offset": "0xe8"}, {"name": "USER[27]", "offset": "0xec"}, {"name": "USER[28]", "offset": "0xf0"}, {"name": "USER[29]", "offset": "0xf4"}, {"name": "USER[30]", "offset": "0xf8"}, {"name": "USER[31]", "offset": "0xfc"}, {"name": "USER[32]", "offset": "0x100"}, {"name": "USER[33]", "offset": "0x104"}, {"name": "USER[34]", "offset": "0x108"}, {"name": "USER[35]", "offset": "0x10c"}, {"name": "USER[36]", "offset": "0x110"}, {"name": "USER[37]", "offset": "0x114"}, {"name": "USER[38]", "offset": "0x118"}, {"name": "USER[39]", "offset": "0x11c"}, {"name": "USER[40]", "offset": "0x120"}, {"name": "USER[41]", "offset": "0x124"}, {"name": "USER[42]", "offset": "0x128"}, {"name": "USER[43]", "offset": "0x12c"}, {"name": "USER[44]", "offset": "0x130"}, {"name": "USER[45]", "offset": "0x134"}, {"name": "USER[46]", "offset": "0x138"}]}, {"name": "FREQM", "start": "0x40002c00", "end": "0x40002c13", "size": "0x14", "comment": "", "registers": [{"name": "CTRLA", "offset": "0x0", "size": "0x8"}, {"name": "CTRLB", "offset": "0x1", "size": "0x8"}, {"name": "CFGA", "offset": "0x2", "size": "0x10"}, {"name": "INTENCLR", "offset": "0x8", "size": "0x8"}, {"name": "INTENSET", "offset": "0x9", "size": "0x8"}, {"name": "INTFLAG", "offset": "0xa", "size": "0x8"}, {"name": "STATUS", "offset": "0xb", "size": "0x8"}, {"name": "SYNCBUSY", "offset": "0xc"}, {"name": "VALUE", "offset": "0x10"}]}, {"name": "GCLK", "start": "0x40001c00", "end": "0x40001d83", "size": "0x184", "comment": "", "registers": [{"name": "CTRLA", "offset": "0x0", "size": "0x8"}, {"name": "SYNCBUSY", "offset": "0x4"}, {"name": "GENCTRL[0]", "offset": "0x20"}, {"name": "GENCTRL[1]", "offset": "0x24"}, {"name": "GENCTRL[2]", "offset": "0x28"}, {"name": "GENCTRL[3]", "offset": "0x2c"}, {"name": "GENCTRL[4]", "offset": "0x30"}, {"name": "GENCTRL[5]", "offset": "0x34"}, {"name": "GENCTRL[6]", "offset": "0x38"}, {"name": "GENCTRL[7]", "offset": "0x3c"}, {"name": "GENCTRL[8]", "offset": "0x40"}, {"name": "PCHCTRL[0]", "offset": "0x80"}, {"name": "PCHCTRL[1]", "offset": "0x84"}, {"name": "PCHCTRL[2]", "offset": "0x88"}, {"name": "PCHCTRL[3]", "offset": "0x8c"}, {"name": "PCHCTRL[4]", "offset": "0x90"}, {"name": "PCHCTRL[5]", "offset": "0x94"}, {"name": "PCHCTRL[6]", "offset": "0x98"}, {"name": "PCHCTRL[7]", "offset": "0x9c"}, {"name": "PCHCTRL[8]", "offset": "0xa0"}, {"name": "PCHCTRL[9]", "offset": "0xa4"}, {"name": "PCHCTRL[10]", "offset": "0xa8"}, {"name": "PCHCTRL[11]", "offset": "0xac"}, {"name": "PCHCTRL[12]", "offset": "0xb0"}, {"name": "PCHCTRL[13]", "offset": "0xb4"}, {"name": "PCHCTRL[14]", "offset": "0xb8"}, {"name": "PCHCTRL[15]", "offset": "0xbc"}, {"name": "PCHCTRL[16]", "offset": "0xc0"}, {"name": "PCHCTRL[17]", "offset": "0xc4"}, {"name": "PCHCTRL[18]", "offset": "0xc8"}, {"name": "PCHCTRL[19]", "offset": "0xcc"}, {"name": "PCHCTRL[20]", "offset": "0xd0"}, {"name": "PCHCTRL[21]", "offset": "0xd4"}, {"name": "PCHCTRL[22]", "offset": "0xd8"}, {"name": "PCHCTRL[23]", "offset": "0xdc"}, {"name": "PCHCTRL[24]", "offset": "0xe0"}, {"name": "PCHCTRL[25]", "offset": "0xe4"}, {"name": "PCHCTRL[26]", "offset": "0xe8"}, {"name": "PCHCTRL[27]", "offset": "0xec"}, {"name": "PCHCTRL[28]", "offset": "0xf0"}, {"name": "PCHCTRL[29]", "offset": "0xf4"}, {"name": "PCHCTRL[30]", "offset": "0xf8"}, {"name": "PCHCTRL[31]", "offset": "0xfc"}, {"name": "PCHCTRL[32]", "offset": "0x100"}, {"name": "PCHCTRL[33]", "offset": "0x104"}, {"name": "PCHCTRL[34]", "offset": "0x108"}, {"name": "PCHCTRL[35]", "offset": "0x10c"}, {"name": "PCHCTRL[36]", "offset": "0x110"}, {"name": "PCHCTRL[37]", "offset": "0x114"}, {"name": "PCHCTRL[38]", "offset": "0x118"}, {"name": "PCHCTRL[39]", "offset": "0x11c"}, {"name": "PCHCTRL[40]", "offset": "0x120"}]}, {"name": "HMATRIXHS", "start": "0x4100a000", "end": "0x4100a167", "size": "0x168", "comment": "", "registers": [{"name": "MRCR", "offset": "0x100"}, {"name": "MCFG[0]", "offset": "0x0"}, {"name": "MCFG[1]", "offset": "0x4"}, {"name": "MCFG[2]", "offset": "0x8"}, {"name": "MCFG[3]", "offset": "0xc"}, {"name": "MCFG[4]", "offset": "0x10"}, {"name": "MCFG[5]", "offset": "0x14"}, {"name": "MCFG[6]", "offset": "0x18"}, {"name": "MCFG[7]", "offset": "0x1c"}, {"name": "MCFG[8]", "offset": "0x20"}, {"name": "MCFG[9]", "offset": "0x24"}, {"name": "MCFG[10]", "offset": "0x28"}, {"name": "MCFG[11]", "offset": "0x2c"}, {"name": "MCFG[12]", "offset": "0x30"}, {"name": "MCFG[13]", "offset": "0x34"}, {"name": "MCFG[14]", "offset": "0x38"}, {"name": "MCFG[15]", "offset": "0x3c"}, {"name": "SCFG[0]", "offset": "0x40"}, {"name": "SCFG[1]", "offset": "0x44"}, {"name": "SCFG[2]", "offset": "0x48"}, {"name": "SCFG[3]", "offset": "0x4c"}, {"name": "SCFG[4]", "offset": "0x50"}, {"name": "SCFG[5]", "offset": "0x54"}, {"name": "SCFG[6]", "offset": "0x58"}, {"name": "SCFG[7]", "offset": "0x5c"}, {"name": "SCFG[8]", "offset": "0x60"}, {"name": "SCFG[9]", "offset": "0x64"}, {"name": "SCFG[10]", "offset": "0x68"}, {"name": "SCFG[11]", "offset": "0x6c"}, {"name": "SCFG[12]", "offset": "0x70"}, {"name": "SCFG[13]", "offset": "0x74"}, {"name": "SCFG[14]", "offset": "0x78"}, {"name": "SCFG[15]", "offset": "0x7c"}, {"name": "SFR[0]", "offset": "0x110"}, {"name": "SFR[1]", "offset": "0x114"}, {"name": "SFR[2]", "offset": "0x118"}, {"name": "SFR[3]", "offset": "0x11c"}, {"name": "SFR[4]", "offset": "0x120"}, {"name": "SFR[5]", "offset": "0x124"}, {"name": "SFR[6]", "offset": "0x128"}, {"name": "SFR[7]", "offset": "0x12c"}, {"name": "SFR[8]", "offset": "0x130"}, {"name": "SFR[9]", "offset": "0x134"}, {"name": "SFR[10]", "offset": "0x138"}, {"name": "SFR[11]", "offset": "0x13c"}, {"name": "SFR[12]", "offset": "0x140"}, {"name": "SFR[13]", "offset": "0x144"}, {"name": "SFR[14]", "offset": "0x148"}, {"name": "SFR[15]", "offset": "0x14c"}]}, {"name": "MCLK", "start": "0x40000800", "end": "0x4000081f", "size": "0x20", "comment": "", "registers": [{"name": "INTENCLR", "offset": "0x1", "size": "0x8"}, {"name": "INTENSET", "offset": "0x2", "size": "0x8"}, {"name": "INTFLAG", "offset": "0x3", "size": "0x8"}, {"name": "CPUDIV", "offset": "0x4", "size": "0x8"}, {"name": "AHBMASK", "offset": "0x10"}, {"name": "APBAMASK", "offset": "0x14"}, {"name": "APBBMASK", "offset": "0x18"}, {"name": "APBCMASK", "offset": "0x1c"}]}, {"name": "MTB", "start": "0x41008000", "end": "0x41008fff", "size": "0x1000", "comment": "", "registers": [{"name": "POSITION", "offset": "0x0"}, {"name": "MASTER", "offset": "0x4"}, {"name": "FLOW", "offset": "0x8"}, {"name": "BASE", "offset": "0xc"}, {"name": "ITCTRL", "offset": "0xf00"}, {"name": "CLAIMSET", "offset": "0xfa0"}, {"name": "CLAIMCLR", "offset": "0xfa4"}, {"name": "LOCKACCESS", "offset": "0xfb0"}, {"name": "LOCKSTATUS", "offset": "0xfb4"}, {"name": "AUTHSTATUS", "offset": "0xfb8"}, {"name": "DEVARCH", "offset": "0xfbc"}, {"name": "DEVID", "offset": "0xfc8"}, {"name": "DEVTYPE", "offset": "0xfcc"}, {"name": "PID4", "offset": "0xfd0"}, {"name": "PID5", "offset": "0xfd4"}, {"name": "PID6", "offset": "0xfd8"}, {"name": "PID7", "offset": "0xfdc"}, {"name": "PID0", "offset": "0xfe0"}, {"name": "PID1", "offset": "0xfe4"}, {"name": "PID2", "offset": "0xfe8"}, {"name": "PID3", "offset": "0xfec"}, {"name": "CID0", "offset": "0xff0"}, {"name": "CID1", "offset": "0xff4"}, {"name": "CID2", "offset": "0xff8"}, {"name": "CID3", "offset": "0xffc"}]}, {"name": "NVMCTRL", "start": "0x41004000", "end": "0x4100402f", "size": "0x30", "comment": "", "registers": [{"name": "CTRLA", "offset": "0x0", "size": "0x10"}, {"name": "CTRLB", "offset": "0x4"}, {"name": "PARAM", "offset": "0x8"}, {"name": "INTENCLR", "offset": "0xc", "size": "0x8"}, {"name": "INTENSET", "offset": "0x10", "size": "0x8"}, {"name": "INTFLAG", "offset": "0x14", "size": "0x8"}, {"name": "STATUS", "offset": "0x18", "size": "0x10"}, {"name": "ADDR", "offset": "0x1c"}, {"name": "LOCK", "offset": "0x20", "size": "0x10"}, {"name": "PBLDATA0", "offset": "0x28"}, {"name": "PBLDATA1", "offset": "0x2c"}]}, {"name": "OSCCTRL", "start": "0x40001000", "end": "0x4000103b", "size": "0x3c", "comment": "", "registers": [{"name": "INTENCLR", "offset": "0x0"}, {"name": "INTENSET", "offset": "0x4"}, {"name": "INTFLAG", "offset": "0x8"}, {"name": "STATUS", "offset": "0xc"}, {"name": "XOSCCTRL", "offset": "0x10", "size": "0x10"}, {"name": "CFDPRESC", "offset": "0x12", "size": "0x8"}, {"name": "EVCTRL", "offset": "0x13", "size": "0x8"}, {"name": "OSC48MCTRL", "offset": "0x14", "size": "0x8"}, {"name": "OSC48MDIV", "offset": "0x15", "size": "0x8"}, {"name": "OSC48MSTUP", "offset": "0x16", "size": "0x8"}, {"name": "OSC48MSYNCBUSY", "offset": "0x18"}, {"name": "DPLLCTRLA", "offset": "0x1c", "size": "0x8"}, {"name": "DPLLRATIO", "offset": "0x20"}, {"name": "DPLLCTRLB", "offset": "0x24"}, {"name": "DPLLPRESC", "offset": "0x28", "size": "0x8"}, {"name": "DPLLSYNCBUSY", "offset": "0x2c", "size": "0x8"}, {"name": "DPLLSTATUS", "offset": "0x30", "size": "0x8"}, {"name": "CAL48M", "offset": "0x38"}]}, {"name": "OSC32KCTRL", "start": "0x40001400", "end": "0x4000141f", "size": "0x20", "comment": "", "registers": [{"name": "INTENCLR", "offset": "0x0"}, {"name": "INTENSET", "offset": "0x4"}, {"name": "INTFLAG", "offset": "0x8"}, {"name": "STATUS", "offset": "0xc"}, {"name": "RTCCTRL", "offset": "0x10"}, {"name": "XOSC32K", "offset": "0x14", "size": "0x10"}, {"name": "CFDCTRL", "offset": "0x16", "size": "0x8"}, {"name": "EVCTRL", "offset": "0x17", "size": "0x8"}, {"name": "OSC32K", "offset": "0x18"}, {"name": "OSCULP32K", "offset": "0x1c"}]}, {"name": "PAC", "start": "0x40000000", "end": "0x4000003f", "size": "0x40", "comment": "", "registers": [{"name": "WRCTRL", "offset": "0x0"}, {"name": "EVCTRL", "offset": "0x4", "size": "0x8"}, {"name": "INTENCLR", "offset": "0x8", "size": "0x8"}, {"name": "INTENSET", "offset": "0x9", "size": "0x8"}, {"name": "INTFLAGAHB", "offset": "0x10"}, {"name": "INTFLAGA", "offset": "0x14"}, {"name": "INTFLAGB", "offset": "0x18"}, {"name": "INTFLAGC", "offset": "0x1c"}, {"name": "STATUSA", "offset": "0x34"}, {"name": "STATUSB", "offset": "0x38"}, {"name": "STATUSC", "offset": "0x3c"}]}, {"name": "PM", "start": "0x40000400", "end": "0x40000409", "size": "0xa", "comment": "", "registers": [{"name": "SLEEPCFG", "offset": "0x1", "size": "0x8"}, {"name": "STDBYCFG", "offset": "0x8", "size": "0x10"}]}, {"name": "PORT", "start": "0x41000000", "end": "0x4100007f", "size": "0x80", "comment": "", "registers": []}, {"name": "PORT_IOBUS", "start": "0x60000000", "end": "0x6000007f", "size": "0x80", "comment": "", "registers": []}, {"name": "PTC", "start": "0x42005800", "end": "0x42005800", "size": "0x1", "comment": "", "registers": []}, {"name": "RSTC", "start": "0x40000c00", "end": "0x40000c00", "size": "0x1", "comment": "", "registers": [{"name": "RCAUSE", "offset": "0x0", "size": "0x8"}]}, {"name": "RTC", "start": "0x40002400", "end": "0x40002424", "size": "0x25", "comment": "", "registers": []}, {"name": "SERCOM0", "start": "0x42000400", "end": "0x42000430", "size": "0x31", "comment": "", "registers": []}, {"name": "SERCOM1", "start": "0x42000800", "end": "0x42000830", "size": "0x31", "comment": "", "registers": []}, {"name": "SERCOM2", "start": "0x42000c00", "end": "0x42000c30", "size": "0x31", "comment": "", "registers": []}, {"name": "SERCOM3", "start": "0x42001000", "end": "0x42001030", "size": "0x31", "comment": "", "registers": []}, {"name": "SUPC", "start": "0x40001800", "end": "0x4000181f", "size": "0x20", "comment": "", "registers": [{"name": "INTENCLR", "offset": "0x0"}, {"name": "INTENSET", "offset": "0x4"}, {"name": "INTFLAG", "offset": "0x8"}, {"name": "STATUS", "offset": "0xc"}, {"name": "BODVDD", "offset": "0x10"}, {"name": "BODCORE", "offset": "0x14"}, {"name": "VREG", "offset": "0x18"}, {"name": "VREF", "offset": "0x1c"}]}, {"name": "TC0", "start": "0x42003000", "end": "0x42003037", "size": "0x38", "comment": "", "registers": []}, {"name": "TC1", "start": "0x42003400", "end": "0x42003437", "size": "0x38", "comment": "", "registers": []}, {"name": "TC2", "start": "0x42003800", "end": "0x42003837", "size": "0x38", "comment": "", "registers": []}, {"name": "TC3", "start": "0x42003c00", "end": "0x42003c37", "size": "0x38", "comment": "", "registers": []}, {"name": "TC4", "start": "0x42004000", "end": "0x42004037", "size": "0x38", "comment": "", "registers": []}, {"name": "TCC0", "start": "0x42002400", "end": "0x4200247f", "size": "0x80", "comment": "", "registers": [{"name": "CTRLA", "offset": "0x0"}, {"name": "CTRLBCLR", "offset": "0x4", "size": "0x8"}, {"name": "CTRLBSET", "offset": "0x5", "size": "0x8"}, {"name": "SYNCBUSY", "offset": "0x8"}, {"name": "FCTRLA", "offset": "0xc"}, {"name": "FCTRLB", "offset": "0x10"}, {"name": "WEXCTRL", "offset": "0x14"}, {"name": "DRVCTRL", "offset": "0x18"}, {"name": "DBGCTRL", "offset": "0x1e", "size": "0x8"}, {"name": "EVCTRL", "offset": "0x20"}, {"name": "INTENCLR", "offset": "0x24"}, {"name": "INTENSET", "offset": "0x28"}, {"name": "INTFLAG", "offset": "0x2c"}, {"name": "STATUS", "offset": "0x30"}, {"name": "COUNT", "offset": "0x34"}, {"name": "COUNT_DITH4_MODE", "offset": "0x34"}, {"name": "COUNT_DITH5_MODE", "offset": "0x34"}, {"name": "COUNT_DITH6_MODE", "offset": "0x34"}, {"name": "PATT", "offset": "0x38", "size": "0x10"}, {"name": "WAVE", "offset": "0x3c"}, {"name": "PER", "offset": "0x40"}, {"name": "PER_DITH4_MODE", "offset": "0x40"}, {"name": "PER_DITH5_MODE", "offset": "0x40"}, {"name": "PER_DITH6_MODE", "offset": "0x40"}, {"name": "PATTBUF", "offset": "0x64", "size": "0x10"}, {"name": "PERBUF", "offset": "0x6c"}, {"name": "PERBUF_DITH4_MODE", "offset": "0x6c"}, {"name": "PERBUF_DITH5_MODE", "offset": "0x6c"}, {"name": "PERBUF_DITH6_MODE", "offset": "0x6c"}, {"name": "CC[0]", "offset": "0x44"}, {"name": "CC[1]", "offset": "0x48"}, {"name": "CC[2]", "offset": "0x4c"}, {"name": "CC[3]", "offset": "0x50"}, {"name": "CC_DITH4_MODE[0]", "offset": "0x44"}, {"name": "CC_DITH4_MODE[1]", "offset": "0x48"}, {"name": "CC_DITH4_MODE[2]", "offset": "0x4c"}, {"name": "CC_DITH4_MODE[3]", "offset": "0x50"}, {"name": "CC_DITH5_MODE[0]", "offset": "0x44"}, {"name": "CC_DITH5_MODE[1]", "offset": "0x48"}, {"name": "CC_DITH5_MODE[2]", "offset": "0x4c"}, {"name": "CC_DITH5_MODE[3]", "offset": "0x50"}, {"name": "CC_DITH6_MODE[0]", "offset": "0x44"}, {"name": "CC_DITH6_MODE[1]", "offset": "0x48"}, {"name": "CC_DITH6_MODE[2]", "offset": "0x4c"}, {"name": "CC_DITH6_MODE[3]", "offset": "0x50"}, {"name": "CCBUF[0]", "offset": "0x70"}, {"name": "CCBUF[1]", "offset": "0x74"}, {"name": "CCBUF[2]", "offset": "0x78"}, {"name": "CCBUF[3]", "offset": "0x7c"}, {"name": "CCBUF_DITH4_MODE[0]", "offset": "0x70"}, {"name": "CCBUF_DITH4_MODE[1]", "offset": "0x74"}, {"name": "CCBUF_DITH4_MODE[2]", "offset": "0x78"}, {"name": "CCBUF_DITH4_MODE[3]", "offset": "0x7c"}, {"name": "CCBUF_DITH5_MODE[0]", "offset": "0x70"}, {"name": "CCBUF_DITH5_MODE[1]", "offset": "0x74"}, {"name": "CCBUF_DITH5_MODE[2]", "offset": "0x78"}, {"name": "CCBUF_DITH5_MODE[3]", "offset": "0x7c"}, {"name": "CCBUF_DITH6_MODE[0]", "offset": "0x70"}, {"name": "CCBUF_DITH6_MODE[1]", "offset": "0x74"}, {"name": "CCBUF_DITH6_MODE[2]", "offset": "0x78"}, {"name": "CCBUF_DITH6_MODE[3]", "offset": "0x7c"}]}, {"name": "TCC1", "start": "0x42002800", "end": "0x4200287f", "size": "0x80", "comment": "", "registers": [{"name": "CTRLA", "offset": "0x0"}, {"name": "CTRLBCLR", "offset": "0x4", "size": "0x8"}, {"name": "CTRLBSET", "offset": "0x5", "size": "0x8"}, {"name": "SYNCBUSY", "offset": "0x8"}, {"name": "FCTRLA", "offset": "0xc"}, {"name": "FCTRLB", "offset": "0x10"}, {"name": "WEXCTRL", "offset": "0x14"}, {"name": "DRVCTRL", "offset": "0x18"}, {"name": "DBGCTRL", "offset": "0x1e", "size": "0x8"}, {"name": "EVCTRL", "offset": "0x20"}, {"name": "INTENCLR", "offset": "0x24"}, {"name": "INTENSET", "offset": "0x28"}, {"name": "INTFLAG", "offset": "0x2c"}, {"name": "STATUS", "offset": "0x30"}, {"name": "COUNT", "offset": "0x34"}, {"name": "COUNT_DITH4_MODE", "offset": "0x34"}, {"name": "COUNT_DITH5_MODE", "offset": "0x34"}, {"name": "COUNT_DITH6_MODE", "offset": "0x34"}, {"name": "PATT", "offset": "0x38", "size": "0x10"}, {"name": "WAVE", "offset": "0x3c"}, {"name": "PER", "offset": "0x40"}, {"name": "PER_DITH4_MODE", "offset": "0x40"}, {"name": "PER_DITH5_MODE", "offset": "0x40"}, {"name": "PER_DITH6_MODE", "offset": "0x40"}, {"name": "PATTBUF", "offset": "0x64", "size": "0x10"}, {"name": "PERBUF", "offset": "0x6c"}, {"name": "PERBUF_DITH4_MODE", "offset": "0x6c"}, {"name": "PERBUF_DITH5_MODE", "offset": "0x6c"}, {"name": "PERBUF_DITH6_MODE", "offset": "0x6c"}, {"name": "CC[0]", "offset": "0x44"}, {"name": "CC[1]", "offset": "0x48"}, {"name": "CC[2]", "offset": "0x4c"}, {"name": "CC[3]", "offset": "0x50"}, {"name": "CC_DITH4_MODE[0]", "offset": "0x44"}, {"name": "CC_DITH4_MODE[1]", "offset": "0x48"}, {"name": "CC_DITH4_MODE[2]", "offset": "0x4c"}, {"name": "CC_DITH4_MODE[3]", "offset": "0x50"}, {"name": "CC_DITH5_MODE[0]", "offset": "0x44"}, {"name": "CC_DITH5_MODE[1]", "offset": "0x48"}, {"name": "CC_DITH5_MODE[2]", "offset": "0x4c"}, {"name": "CC_DITH5_MODE[3]", "offset": "0x50"}, {"name": "CC_DITH6_MODE[0]", "offset": "0x44"}, {"name": "CC_DITH6_MODE[1]", "offset": "0x48"}, {"name": "CC_DITH6_MODE[2]", "offset": "0x4c"}, {"name": "CC_DITH6_MODE[3]", "offset": "0x50"}, {"name": "CCBUF[0]", "offset": "0x70"}, {"name": "CCBUF[1]", "offset": "0x74"}, {"name": "CCBUF[2]", "offset": "0x78"}, {"name": "CCBUF[3]", "offset": "0x7c"}, {"name": "CCBUF_DITH4_MODE[0]", "offset": "0x70"}, {"name": "CCBUF_DITH4_MODE[1]", "offset": "0x74"}, {"name": "CCBUF_DITH4_MODE[2]", "offset": "0x78"}, {"name": "CCBUF_DITH4_MODE[3]", "offset": "0x7c"}, {"name": "CCBUF_DITH5_MODE[0]", "offset": "0x70"}, {"name": "CCBUF_DITH5_MODE[1]", "offset": "0x74"}, {"name": "CCBUF_DITH5_MODE[2]", "offset": "0x78"}, {"name": "CCBUF_DITH5_MODE[3]", "offset": "0x7c"}, {"name": "CCBUF_DITH6_MODE[0]", "offset": "0x70"}, {"name": "CCBUF_DITH6_MODE[1]", "offset": "0x74"}, {"name": "CCBUF_DITH6_MODE[2]", "offset": "0x78"}, {"name": "CCBUF_DITH6_MODE[3]", "offset": "0x7c"}]}, {"name": "TCC2", "start": "0x42002c00", "end": "0x42002c7f", "size": "0x80", "comment": "", "registers": [{"name": "CTRLA", "offset": "0x0"}, {"name": "CTRLBCLR", "offset": "0x4", "size": "0x8"}, {"name": "CTRLBSET", "offset": "0x5", "size": "0x8"}, {"name": "SYNCBUSY", "offset": "0x8"}, {"name": "FCTRLA", "offset": "0xc"}, {"name": "FCTRLB", "offset": "0x10"}, {"name": "WEXCTRL", "offset": "0x14"}, {"name": "DRVCTRL", "offset": "0x18"}, {"name": "DBGCTRL", "offset": "0x1e", "size": "0x8"}, {"name": "EVCTRL", "offset": "0x20"}, {"name": "INTENCLR", "offset": "0x24"}, {"name": "INTENSET", "offset": "0x28"}, {"name": "INTFLAG", "offset": "0x2c"}, {"name": "STATUS", "offset": "0x30"}, {"name": "COUNT", "offset": "0x34"}, {"name": "COUNT_DITH4_MODE", "offset": "0x34"}, {"name": "COUNT_DITH5_MODE", "offset": "0x34"}, {"name": "COUNT_DITH6_MODE", "offset": "0x34"}, {"name": "PATT", "offset": "0x38", "size": "0x10"}, {"name": "WAVE", "offset": "0x3c"}, {"name": "PER", "offset": "0x40"}, {"name": "PER_DITH4_MODE", "offset": "0x40"}, {"name": "PER_DITH5_MODE", "offset": "0x40"}, {"name": "PER_DITH6_MODE", "offset": "0x40"}, {"name": "PATTBUF", "offset": "0x64", "size": "0x10"}, {"name": "PERBUF", "offset": "0x6c"}, {"name": "PERBUF_DITH4_MODE", "offset": "0x6c"}, {"name": "PERBUF_DITH5_MODE", "offset": "0x6c"}, {"name": "PERBUF_DITH6_MODE", "offset": "0x6c"}, {"name": "CC[0]", "offset": "0x44"}, {"name": "CC[1]", "offset": "0x48"}, {"name": "CC[2]", "offset": "0x4c"}, {"name": "CC[3]", "offset": "0x50"}, {"name": "CC_DITH4_MODE[0]", "offset": "0x44"}, {"name": "CC_DITH4_MODE[1]", "offset": "0x48"}, {"name": "CC_DITH4_MODE[2]", "offset": "0x4c"}, {"name": "CC_DITH4_MODE[3]", "offset": "0x50"}, {"name": "CC_DITH5_MODE[0]", "offset": "0x44"}, {"name": "CC_DITH5_MODE[1]", "offset": "0x48"}, {"name": "CC_DITH5_MODE[2]", "offset": "0x4c"}, {"name": "CC_DITH5_MODE[3]", "offset": "0x50"}, {"name": "CC_DITH6_MODE[0]", "offset": "0x44"}, {"name": "CC_DITH6_MODE[1]", "offset": "0x48"}, {"name": "CC_DITH6_MODE[2]", "offset": "0x4c"}, {"name": "CC_DITH6_MODE[3]", "offset": "0x50"}, {"name": "CCBUF[0]", "offset": "0x70"}, {"name": "CCBUF[1]", "offset": "0x74"}, {"name": "CCBUF[2]", "offset": "0x78"}, {"name": "CCBUF[3]", "offset": "0x7c"}, {"name": "CCBUF_DITH4_MODE[0]", "offset": "0x70"}, {"name": "CCBUF_DITH4_MODE[1]", "offset": "0x74"}, {"name": "CCBUF_DITH4_MODE[2]", "offset": "0x78"}, {"name": "CCBUF_DITH4_MODE[3]", "offset": "0x7c"}, {"name": "CCBUF_DITH5_MODE[0]", "offset": "0x70"}, {"name": "CCBUF_DITH5_MODE[1]", "offset": "0x74"}, {"name": "CCBUF_DITH5_MODE[2]", "offset": "0x78"}, {"name": "CCBUF_DITH5_MODE[3]", "offset": "0x7c"}, {"name": "CCBUF_DITH6_MODE[0]", "offset": "0x70"}, {"name": "CCBUF_DITH6_MODE[1]", "offset": "0x74"}, {"name": "CCBUF_DITH6_MODE[2]", "offset": "0x78"}, {"name": "CCBUF_DITH6_MODE[3]", "offset": "0x7c"}]}, {"name": "WDT", "start": "0x40002000", "end": "0x4000200c", "size": "0xd", "comment": "", "registers": [{"name": "CTRLA", "offset": "0x0", "size": "0x8"}, {"name": "CONFIG", "offset": "0x1", "size": "0x8"}, {"name": "EWCTRL", "offset": "0x2", "size": "0x8"}, {"name": "INTENCLR", "offset": "0x4", "size": "0x8"}, {"name": "INTENSET", "offset": "0x5", "size": "0x8"}, {"name": "INTFLAG", "offset": "0x6", "size": "0x8"}, {"name": "SYNCBUSY", "offset": "0x8"}, {"name": "CLEAR", "offset": "0xc", "size": "0x8"}]}, {"name": "MPU", "start": "0xe000ed90", "end": "0xe000eda3", "size": "0x14", "comment": "", "registers": [{"name": "TYPE", "offset": "0x0"}, {"name": "CTRL", "offset": "0x4"}, {"name": "RNR", "offset": "0x8"}, {"name": "RBAR", "offset": "0xc"}, {"name": "RASR", "offset": "0x10"}]}, {"name": "NVIC", "start": "0xe000e100", "end": "0xe000e41f", "size": "0x320", "comment": "", "registers": [{"name": "ISER", "offset": "0x0"}, {"name": "ICER", "offset": "0x80"}, {"name": "ISPR", "offset": "0x100"}, {"name": "ICPR", "offset": "0x180"}, {"name": "IPR[0]", "offset": "0x300"}, {"name": "IPR[1]", "offset": "0x304"}, {"name": "IPR[2]", "offset": "0x308"}, {"name": "IPR[3]", "offset": "0x30c"}, {"name": "IPR[4]", "offset": "0x310"}, {"name": "IPR[5]", "offset": "0x314"}, {"name": "IPR[6]", "offset": "0x318"}, {"name": "IPR[7]", "offset": "0x31c"}]}, {"name": "SysTick", "start": "0xe000e010", "end": "0xe000e01f", "size": "0x10", "comment": "", "registers": [{"name": "CSR", "offset": "0x0"}, {"name": "RVR", "offset": "0x4"}, {"name": "CVR", "offset": "0x8"}, {"name": "CALIB", "offset": "0xc"}]}, {"name": "SystemControl", "start": "0xe000e000", "end": "0xe000ed33", "size": "0xd34", "comment": "", "registers": [{"name": "CPUID", "offset": "0xd00"}, {"name": "ICSR", "offset": "0xd04"}, {"name": "VTOR", "offset": "0xd08"}, {"name": "AIRCR", "offset": "0xd0c"}, {"name": "SCR", "offset": "0xd10"}, {"name": "CCR", "offset": "0xd14"}, {"name": "SHPR2", "offset": "0xd1c"}, {"name": "SHPR3", "offset": "0xd20"}, {"name": "SHCSR", "offset": "0xd24"}, {"name": "DFSR", "offset": "0xd30"}]}], "vector_table": [{"name": "StackPointer_Value", "value": -1, "addr": "0x0", "comment": "Stack pointer initial value"}, {"name": "Reset", "value": -1, "addr": "0x4", "comment": "Priority: -3"}, {"name": "NMI", "value": -1, "addr": "0x8", "comment": "Priority: -2"}, {"name": "HardFault", "value": -1, "addr": "0xc", "comment": "Priority: -1"}, {"name": "SVCall", "value": -1, "addr": "0x2c", "comment": "Priority: 3"}, {"name": "PendSV", "value": -1, "addr": "0x38", "comment": "Priority: 5"}, {"name": "SysTick", "value": -1, "addr": "0x3c", "comment": "Priority: 6"}, {"name": "WDT", "value": 1, "comment": "", "addr": "0x44"}, {"name": "RTC", "value": 2, "comment": "", "addr": "0x48"}, {"name": "EIC", "value": 3, "comment": "", "addr": "0x4c"}, {"name": "FREQM", "value": 4, "comment": "", "addr": "0x50"}, {"name": "NVMCTRL", "value": 6, "comment": "", "addr": "0x58"}, {"name": "DMAC", "value": 7, "comment": "", "addr": "0x5c"}, {"name": "EVSYS", "value": 8, "comment": "", "addr": "0x60"}, {"name": "SERCOM0", "value": 9, "comment": "", "addr": "0x64"}, {"name": "SERCOM1", "value": 10, "comment": "", "addr": "0x68"}, {"name": "SERCOM2", "value": 11, "comment": "", "addr": "0x6c"}, {"name": "SERCOM3", "value": 12, "comment": "", "addr": "0x70"}, {"name": "TCC0", "value": 17, "comment": "", "addr": "0x84"}, {"name": "TCC1", "value": 18, "comment": "", "addr": "0x88"}, {"name": "TCC2", "value": 19, "comment": "", "addr": "0x8c"}, {"name": "TC0", "value": 20, "comment": "", "addr": "0x90"}, {"name": "TC1", "value": 21, "comment": "", "addr": "0x94"}, {"name": "TC2", "value": 22, "comment": "", "addr": "0x98"}, {"name": "TC3", "value": 23, "comment": "", "addr": "0x9c"}, {"name": "TC4", "value": 24, "comment": "", "addr": "0xa0"}, {"name": "ADC0", "value": 25, "comment": "", "addr": "0xa4"}, {"name": "AC", "value": 27, "comment": "", "addr": "0xac"}, {"name": "PTC", "value": 30, "comment": "", "addr": "0xb8"}]}