{"brand": "Microchip", "family": "SAML11", "name": "ATSAML11E15A", "bits": 32, "mode": 1, "segments": [{"name": "SRAM", "start": "0x20000000", "end": "0x20003fff", "size": "0x4000", "type": "DATA"}], "peripherals": [{"name": "AC", "start": "0x40003400", "end": "0x40003423", "size": "0x24", "comment": "", "registers": [{"name": "CTRLA", "offset": "0x0", "size": "0x8"}, {"name": "CTRLB", "offset": "0x1", "size": "0x8"}, {"name": "EVCTRL", "offset": "0x2", "size": "0x10"}, {"name": "INTENCLR", "offset": "0x4", "size": "0x8"}, {"name": "INTENSET", "offset": "0x5", "size": "0x8"}, {"name": "INTFLAG", "offset": "0x6", "size": "0x8"}, {"name": "STATUSA", "offset": "0x7", "size": "0x8"}, {"name": "STATUSB", "offset": "0x8", "size": "0x8"}, {"name": "DBGCTRL", "offset": "0x9", "size": "0x8"}, {"name": "WINCTRL", "offset": "0xa", "size": "0x8"}, {"name": "SYNCBUSY", "offset": "0x20"}, {"name": "SCALER[0]", "offset": "0xc", "size": "0x8"}, {"name": "SCALER[1]", "offset": "0xd", "size": "0x8"}, {"name": "COMPCTRL[0]", "offset": "0x10"}, {"name": "COMPCTRL[1]", "offset": "0x14"}]}, {"name": "ADC", "start": "0x42001c00", "end": "0x42001c2d", "size": "0x2e", "comment": "", "registers": [{"name": "CTRLA", "offset": "0x0", "size": "0x8"}, {"name": "CTRLB", "offset": "0x1", "size": "0x8"}, {"name": "REFCTRL", "offset": "0x2", "size": "0x8"}, {"name": "EVCTRL", "offset": "0x3", "size": "0x8"}, {"name": "INTENCLR", "offset": "0x4", "size": "0x8"}, {"name": "INTENSET", "offset": "0x5", "size": "0x8"}, {"name": "INTFLAG", "offset": "0x6", "size": "0x8"}, {"name": "SEQSTATUS", "offset": "0x7", "size": "0x8"}, {"name": "INPUTCTRL", "offset": "0x8", "size": "0x10"}, {"name": "CTRLC", "offset": "0xa", "size": "0x10"}, {"name": "AVGCTRL", "offset": "0xc", "size": "0x8"}, {"name": "SAMPCTRL", "offset": "0xd", "size": "0x8"}, {"name": "WINLT", "offset": "0xe", "size": "0x10"}, {"name": "WINUT", "offset": "0x10", "size": "0x10"}, {"name": "GAINCORR", "offset": "0x12", "size": "0x10"}, {"name": "OFFSETCORR", "offset": "0x14", "size": "0x10"}, {"name": "SWTRIG", "offset": "0x18", "size": "0x8"}, {"name": "DBGCTRL", "offset": "0x1c", "size": "0x8"}, {"name": "SYNCBUSY", "offset": "0x20", "size": "0x10"}, {"name": "RESULT", "offset": "0x24", "size": "0x10"}, {"name": "SEQCTRL", "offset": "0x28"}, {"name": "CALIB", "offset": "0x2c", "size": "0x10"}]}, {"name": "CCL", "start": "0x42002c00", "end": "0x42002c0f", "size": "0x10", "comment": "", "registers": [{"name": "CTRL", "offset": "0x0", "size": "0x8"}, {"name": "SEQCTRL[0]", "offset": "0x4", "size": "0x8"}, {"name": "LUTCTRL[0]", "offset": "0x8"}, {"name": "LUTCTRL[1]", "offset": "0xc"}]}, {"name": "DAC", "start": "0x42002000", "end": "0x42002014", "size": "0x15", "comment": "", "registers": [{"name": "CTRLA", "offset": "0x0", "size": "0x8"}, {"name": "CTRLB", "offset": "0x1", "size": "0x8"}, {"name": "EVCTRL", "offset": "0x2", "size": "0x8"}, {"name": "INTENCLR", "offset": "0x4", "size": "0x8"}, {"name": "INTENSET", "offset": "0x5", "size": "0x8"}, {"name": "INTFLAG", "offset": "0x6", "size": "0x8"}, {"name": "STATUS", "offset": "0x7", "size": "0x8"}, {"name": "DATA", "offset": "0x8", "size": "0x10"}, {"name": "DATABUF", "offset": "0xc", "size": "0x10"}, {"name": "SYNCBUSY", "offset": "0x10"}, {"name": "DBGCTRL", "offset": "0x14", "size": "0x8"}]}, {"name": "DMAC", "start": "0x41006000", "end": "0x4100604f", "size": "0x50", "comment": "", "registers": [{"name": "CTRL", "offset": "0x0", "size": "0x10"}, {"name": "CRCCTRL", "offset": "0x2", "size": "0x10"}, {"name": "CRCDATAIN", "offset": "0x4"}, {"name": "CRCCHKSUM", "offset": "0x8"}, {"name": "CRCSTATUS", "offset": "0xc", "size": "0x8"}, {"name": "DBGCTRL", "offset": "0xd", "size": "0x8"}, {"name": "QOSCTRL", "offset": "0xe", "size": "0x8"}, {"name": "SWTRIGCTRL", "offset": "0x10"}, {"name": "PRICTRL0", "offset": "0x14"}, {"name": "INTPEND", "offset": "0x20", "size": "0x10"}, {"name": "INTSTATUS", "offset": "0x24"}, {"name": "BUSYCH", "offset": "0x28"}, {"name": "PENDCH", "offset": "0x2c"}, {"name": "ACTIVE", "offset": "0x30"}, {"name": "BASEADDR", "offset": "0x34"}, {"name": "WRBADDR", "offset": "0x38"}, {"name": "CHID", "offset": "0x3f", "size": "0x8"}, {"name": "CHCTRLA", "offset": "0x40", "size": "0x8"}, {"name": "CHCTRLB", "offset": "0x44"}, {"name": "CHINTENCLR", "offset": "0x4c", "size": "0x8"}, {"name": "CHINTENSET", "offset": "0x4d", "size": "0x8"}, {"name": "CHINTFLAG", "offset": "0x4e", "size": "0x8"}, {"name": "CHSTATUS", "offset": "0x4f", "size": "0x8"}]}, {"name": "DSU", "start": "0x41002000", "end": "0x41003fff", "size": "0x2000", "comment": "", "registers": [{"name": "CTRL", "offset": "0x0", "size": "0x8"}, {"name": "STATUSA", "offset": "0x1", "size": "0x8"}, {"name": "STATUSB", "offset": "0x2", "size": "0x8"}, {"name": "STATUSC", "offset": "0x3", "size": "0x8"}, {"name": "ADDR", "offset": "0x4"}, {"name": "LENGTH", "offset": "0x8"}, {"name": "DATA", "offset": "0xc"}, {"name": "DID", "offset": "0x18"}, {"name": "CFG", "offset": "0x1c"}, {"name": "ENTRY0", "offset": "0x1000"}, {"name": "ENTRY1", "offset": "0x1004"}, {"name": "END", "offset": "0x1008"}, {"name": "MEMTYPE", "offset": "0x1fcc"}, {"name": "PID4", "offset": "0x1fd0"}, {"name": "PID5", "offset": "0x1fd4"}, {"name": "PID6", "offset": "0x1fd8"}, {"name": "PID7", "offset": "0x1fdc"}, {"name": "PID0", "offset": "0x1fe0"}, {"name": "PID1", "offset": "0x1fe4"}, {"name": "PID2", "offset": "0x1fe8"}, {"name": "PID3", "offset": "0x1fec"}, {"name": "CID0", "offset": "0x1ff0"}, {"name": "CID1", "offset": "0x1ff4"}, {"name": "CID2", "offset": "0x1ff8"}, {"name": "CID3", "offset": "0x1ffc"}, {"name": "DCC[0]", "offset": "0x10"}, {"name": "DCC[1]", "offset": "0x14"}, {"name": "BCC[0]", "offset": "0x20"}, {"name": "BCC[1]", "offset": "0x24"}, {"name": "DCFG[0]", "offset": "0xf0"}, {"name": "DCFG[1]", "offset": "0xf4"}]}, {"name": "DSU_EXT", "start": "0x41002100", "end": "0x410040ff", "size": "0x2000", "comment": "", "registers": [{"name": "CTRL", "offset": "0x0", "size": "0x8"}, {"name": "STATUSA", "offset": "0x1", "size": "0x8"}, {"name": "STATUSB", "offset": "0x2", "size": "0x8"}, {"name": "STATUSC", "offset": "0x3", "size": "0x8"}, {"name": "ADDR", "offset": "0x4"}, {"name": "LENGTH", "offset": "0x8"}, {"name": "DATA", "offset": "0xc"}, {"name": "DID", "offset": "0x18"}, {"name": "CFG", "offset": "0x1c"}, {"name": "ENTRY0", "offset": "0x1000"}, {"name": "ENTRY1", "offset": "0x1004"}, {"name": "END", "offset": "0x1008"}, {"name": "MEMTYPE", "offset": "0x1fcc"}, {"name": "PID4", "offset": "0x1fd0"}, {"name": "PID5", "offset": "0x1fd4"}, {"name": "PID6", "offset": "0x1fd8"}, {"name": "PID7", "offset": "0x1fdc"}, {"name": "PID0", "offset": "0x1fe0"}, {"name": "PID1", "offset": "0x1fe4"}, {"name": "PID2", "offset": "0x1fe8"}, {"name": "PID3", "offset": "0x1fec"}, {"name": "CID0", "offset": "0x1ff0"}, {"name": "CID1", "offset": "0x1ff4"}, {"name": "CID2", "offset": "0x1ff8"}, {"name": "CID3", "offset": "0x1ffc"}, {"name": "DCC[0]", "offset": "0x10"}, {"name": "DCC[1]", "offset": "0x14"}, {"name": "BCC[0]", "offset": "0x20"}, {"name": "BCC[1]", "offset": "0x24"}, {"name": "DCFG[0]", "offset": "0xf0"}, {"name": "DCFG[1]", "offset": "0xf4"}]}, {"name": "EIC", "start": "0x40002800", "end": "0x40002843", "size": "0x44", "comment": "", "registers": [{"name": "CTRLA", "offset": "0x0", "size": "0x8"}, {"name": "NMICTRL", "offset": "0x1", "size": "0x8"}, {"name": "NMIFLAG", "offset": "0x2", "size": "0x8"}, {"name": "SYNCBUSY", "offset": "0x4"}, {"name": "EVCTRL", "offset": "0x8"}, {"name": "INTENCLR", "offset": "0xc"}, {"name": "INTENSET", "offset": "0x10"}, {"name": "INTFLAG", "offset": "0x14"}, {"name": "ASYNCH", "offset": "0x18"}, {"name": "DEBOUNCEN", "offset": "0x30"}, {"name": "DPRESCALER", "offset": "0x34"}, {"name": "PINSTATE", "offset": "0x38"}, {"name": "NSCHK", "offset": "0x3c"}, {"name": "NONSEC", "offset": "0x40"}, {"name": "CONFIG[0]", "offset": "0x1c"}]}, {"name": "EIC_SEC", "start": "0x40002a00", "end": "0x40002a43", "size": "0x44", "comment": "", "registers": [{"name": "CTRLA", "offset": "0x0", "size": "0x8"}, {"name": "NMICTRL", "offset": "0x1", "size": "0x8"}, {"name": "NMIFLAG", "offset": "0x2", "size": "0x8"}, {"name": "SYNCBUSY", "offset": "0x4"}, {"name": "EVCTRL", "offset": "0x8"}, {"name": "INTENCLR", "offset": "0xc"}, {"name": "INTENSET", "offset": "0x10"}, {"name": "INTFLAG", "offset": "0x14"}, {"name": "ASYNCH", "offset": "0x18"}, {"name": "DEBOUNCEN", "offset": "0x30"}, {"name": "DPRESCALER", "offset": "0x34"}, {"name": "PINSTATE", "offset": "0x38"}, {"name": "NSCHK", "offset": "0x3c"}, {"name": "NONSEC", "offset": "0x40"}, {"name": "CONFIG[0]", "offset": "0x1c"}]}, {"name": "EVSYS", "start": "0x42000000", "end": "0x420001f3", "size": "0x1f4", "comment": "", "registers": [{"name": "CTRLA", "offset": "0x0", "size": "0x8"}, {"name": "SWEVT", "offset": "0x4"}, {"name": "PRICTRL", "offset": "0x8", "size": "0x8"}, {"name": "INTPEND", "offset": "0x10", "size": "0x10"}, {"name": "INTSTATUS", "offset": "0x14"}, {"name": "BUSYCH", "offset": "0x18"}, {"name": "READYUSR", "offset": "0x1c"}, {"name": "INTENCLR", "offset": "0x1d4", "size": "0x8"}, {"name": "INTENSET", "offset": "0x1d5", "size": "0x8"}, {"name": "INTFLAG", "offset": "0x1d6", "size": "0x8"}, {"name": "NONSECCHAN", "offset": "0x1d8"}, {"name": "NSCHKCHAN", "offset": "0x1dc"}, {"name": "USER[0]", "offset": "0x120", "size": "0x8"}, {"name": "USER[1]", "offset": "0x121", "size": "0x8"}, {"name": "USER[2]", "offset": "0x122", "size": "0x8"}, {"name": "USER[3]", "offset": "0x123", "size": "0x8"}, {"name": "USER[4]", "offset": "0x124", "size": "0x8"}, {"name": "USER[5]", "offset": "0x125", "size": "0x8"}, {"name": "USER[6]", "offset": "0x126", "size": "0x8"}, {"name": "USER[7]", "offset": "0x127", "size": "0x8"}, {"name": "USER[8]", "offset": "0x128", "size": "0x8"}, {"name": "USER[9]", "offset": "0x129", "size": "0x8"}, {"name": "USER[10]", "offset": "0x12a", "size": "0x8"}, {"name": "USER[11]", "offset": "0x12b", "size": "0x8"}, {"name": "USER[12]", "offset": "0x12c", "size": "0x8"}, {"name": "USER[13]", "offset": "0x12d", "size": "0x8"}, {"name": "USER[14]", "offset": "0x12e", "size": "0x8"}, {"name": "USER[15]", "offset": "0x12f", "size": "0x8"}, {"name": "USER[16]", "offset": "0x130", "size": "0x8"}, {"name": "USER[17]", "offset": "0x131", "size": "0x8"}, {"name": "USER[18]", "offset": "0x132", "size": "0x8"}, {"name": "USER[19]", "offset": "0x133", "size": "0x8"}, {"name": "USER[20]", "offset": "0x134", "size": "0x8"}, {"name": "USER[21]", "offset": "0x135", "size": "0x8"}, {"name": "USER[22]", "offset": "0x136", "size": "0x8"}, {"name": "NONSECUSER[0]", "offset": "0x1e0"}, {"name": "NSCHKUSER[0]", "offset": "0x1f0"}]}, {"name": "EVSYS_SEC", "start": "0x42000200", "end": "0x420003f3", "size": "0x1f4", "comment": "", "registers": [{"name": "CTRLA", "offset": "0x0", "size": "0x8"}, {"name": "SWEVT", "offset": "0x4"}, {"name": "PRICTRL", "offset": "0x8", "size": "0x8"}, {"name": "INTPEND", "offset": "0x10", "size": "0x10"}, {"name": "INTSTATUS", "offset": "0x14"}, {"name": "BUSYCH", "offset": "0x18"}, {"name": "READYUSR", "offset": "0x1c"}, {"name": "INTENCLR", "offset": "0x1d4", "size": "0x8"}, {"name": "INTENSET", "offset": "0x1d5", "size": "0x8"}, {"name": "INTFLAG", "offset": "0x1d6", "size": "0x8"}, {"name": "NONSECCHAN", "offset": "0x1d8"}, {"name": "NSCHKCHAN", "offset": "0x1dc"}, {"name": "USER[0]", "offset": "0x120", "size": "0x8"}, {"name": "USER[1]", "offset": "0x121", "size": "0x8"}, {"name": "USER[2]", "offset": "0x122", "size": "0x8"}, {"name": "USER[3]", "offset": "0x123", "size": "0x8"}, {"name": "USER[4]", "offset": "0x124", "size": "0x8"}, {"name": "USER[5]", "offset": "0x125", "size": "0x8"}, {"name": "USER[6]", "offset": "0x126", "size": "0x8"}, {"name": "USER[7]", "offset": "0x127", "size": "0x8"}, {"name": "USER[8]", "offset": "0x128", "size": "0x8"}, {"name": "USER[9]", "offset": "0x129", "size": "0x8"}, {"name": "USER[10]", "offset": "0x12a", "size": "0x8"}, {"name": "USER[11]", "offset": "0x12b", "size": "0x8"}, {"name": "USER[12]", "offset": "0x12c", "size": "0x8"}, {"name": "USER[13]", "offset": "0x12d", "size": "0x8"}, {"name": "USER[14]", "offset": "0x12e", "size": "0x8"}, {"name": "USER[15]", "offset": "0x12f", "size": "0x8"}, {"name": "USER[16]", "offset": "0x130", "size": "0x8"}, {"name": "USER[17]", "offset": "0x131", "size": "0x8"}, {"name": "USER[18]", "offset": "0x132", "size": "0x8"}, {"name": "USER[19]", "offset": "0x133", "size": "0x8"}, {"name": "USER[20]", "offset": "0x134", "size": "0x8"}, {"name": "USER[21]", "offset": "0x135", "size": "0x8"}, {"name": "USER[22]", "offset": "0x136", "size": "0x8"}, {"name": "NONSECUSER[0]", "offset": "0x1e0"}, {"name": "NSCHKUSER[0]", "offset": "0x1f0"}]}, {"name": "FREQM", "start": "0x40002c00", "end": "0x40002c13", "size": "0x14", "comment": "", "registers": [{"name": "CTRLA", "offset": "0x0", "size": "0x8"}, {"name": "CTRLB", "offset": "0x1", "size": "0x8"}, {"name": "CFGA", "offset": "0x2", "size": "0x10"}, {"name": "INTENCLR", "offset": "0x8", "size": "0x8"}, {"name": "INTENSET", "offset": "0x9", "size": "0x8"}, {"name": "INTFLAG", "offset": "0xa", "size": "0x8"}, {"name": "STATUS", "offset": "0xb", "size": "0x8"}, {"name": "SYNCBUSY", "offset": "0xc"}, {"name": "VALUE", "offset": "0x10"}]}, {"name": "GCLK", "start": "0x40001c00", "end": "0x40001d03", "size": "0x104", "comment": "", "registers": [{"name": "CTRLA", "offset": "0x0", "size": "0x8"}, {"name": "SYNCBUSY", "offset": "0x4"}, {"name": "GENCTRL[0]", "offset": "0x20"}, {"name": "GENCTRL[1]", "offset": "0x24"}, {"name": "GENCTRL[2]", "offset": "0x28"}, {"name": "GENCTRL[3]", "offset": "0x2c"}, {"name": "GENCTRL[4]", "offset": "0x30"}, {"name": "PCHCTRL[0]", "offset": "0x80"}, {"name": "PCHCTRL[1]", "offset": "0x84"}, {"name": "PCHCTRL[2]", "offset": "0x88"}, {"name": "PCHCTRL[3]", "offset": "0x8c"}, {"name": "PCHCTRL[4]", "offset": "0x90"}, {"name": "PCHCTRL[5]", "offset": "0x94"}, {"name": "PCHCTRL[6]", "offset": "0x98"}, {"name": "PCHCTRL[7]", "offset": "0x9c"}, {"name": "PCHCTRL[8]", "offset": "0xa0"}, {"name": "PCHCTRL[9]", "offset": "0xa4"}, {"name": "PCHCTRL[10]", "offset": "0xa8"}, {"name": "PCHCTRL[11]", "offset": "0xac"}, {"name": "PCHCTRL[12]", "offset": "0xb0"}, {"name": "PCHCTRL[13]", "offset": "0xb4"}, {"name": "PCHCTRL[14]", "offset": "0xb8"}, {"name": "PCHCTRL[15]", "offset": "0xbc"}, {"name": "PCHCTRL[16]", "offset": "0xc0"}, {"name": "PCHCTRL[17]", "offset": "0xc4"}, {"name": "PCHCTRL[18]", "offset": "0xc8"}, {"name": "PCHCTRL[19]", "offset": "0xcc"}, {"name": "PCHCTRL[20]", "offset": "0xd0"}]}, {"name": "IDAU", "start": "0x41000000", "end": "0x4100000c", "size": "0xd", "comment": "", "registers": [{"name": "SECCTRL", "offset": "0x1", "size": "0x8"}, {"name": "SCFGB", "offset": "0x4"}, {"name": "SCFGA", "offset": "0x8"}, {"name": "SCFGR", "offset": "0xc", "size": "0x8"}]}, {"name": "MCLK", "start": "0x40000800", "end": "0x4000081f", "size": "0x20", "comment": "", "registers": [{"name": "CTRLA", "offset": "0x0", "size": "0x8"}, {"name": "INTENCLR", "offset": "0x1", "size": "0x8"}, {"name": "INTENSET", "offset": "0x2", "size": "0x8"}, {"name": "INTFLAG", "offset": "0x3", "size": "0x8"}, {"name": "CPUDIV", "offset": "0x4", "size": "0x8"}, {"name": "AHBMASK", "offset": "0x10"}, {"name": "APBAMASK", "offset": "0x14"}, {"name": "APBBMASK", "offset": "0x18"}, {"name": "APBCMASK", "offset": "0x1c"}]}, {"name": "NVMCTRL", "start": "0x41004000", "end": "0x41004047", "size": "0x48", "comment": "", "registers": [{"name": "CTRLA", "offset": "0x0", "size": "0x10"}, {"name": "CTRLB", "offset": "0x4"}, {"name": "CTRLC", "offset": "0x8", "size": "0x8"}, {"name": "EVCTRL", "offset": "0xa", "size": "0x8"}, {"name": "INTENCLR", "offset": "0xc", "size": "0x8"}, {"name": "INTENSET", "offset": "0x10", "size": "0x8"}, {"name": "INTFLAG", "offset": "0x14", "size": "0x8"}, {"name": "STATUS", "offset": "0x18", "size": "0x10"}, {"name": "ADDR", "offset": "0x1c"}, {"name": "SULCK", "offset": "0x20", "size": "0x10"}, {"name": "NSULCK", "offset": "0x22", "size": "0x10"}, {"name": "PARAM", "offset": "0x24"}, {"name": "DSCC", "offset": "0x30"}, {"name": "SECCTRL", "offset": "0x34"}, {"name": "SCFGB", "offset": "0x38"}, {"name": "SCFGAD", "offset": "0x3c"}, {"name": "NONSEC", "offset": "0x40"}, {"name": "NSCHK", "offset": "0x44"}]}, {"name": "NVMCTRL_SEC", "start": "0x41005000", "end": "0x41005047", "size": "0x48", "comment": "", "registers": [{"name": "CTRLA", "offset": "0x0", "size": "0x10"}, {"name": "CTRLB", "offset": "0x4"}, {"name": "CTRLC", "offset": "0x8", "size": "0x8"}, {"name": "EVCTRL", "offset": "0xa", "size": "0x8"}, {"name": "INTENCLR", "offset": "0xc", "size": "0x8"}, {"name": "INTENSET", "offset": "0x10", "size": "0x8"}, {"name": "INTFLAG", "offset": "0x14", "size": "0x8"}, {"name": "STATUS", "offset": "0x18", "size": "0x10"}, {"name": "ADDR", "offset": "0x1c"}, {"name": "SULCK", "offset": "0x20", "size": "0x10"}, {"name": "NSULCK", "offset": "0x22", "size": "0x10"}, {"name": "PARAM", "offset": "0x24"}, {"name": "DSCC", "offset": "0x30"}, {"name": "SECCTRL", "offset": "0x34"}, {"name": "SCFGB", "offset": "0x38"}, {"name": "SCFGAD", "offset": "0x3c"}, {"name": "NONSEC", "offset": "0x40"}, {"name": "NSCHK", "offset": "0x44"}]}, {"name": "OPAMP", "start": "0x42003000", "end": "0x42003010", "size": "0x11", "comment": "", "registers": [{"name": "CTRLA", "offset": "0x0", "size": "0x8"}, {"name": "STATUS", "offset": "0x2", "size": "0x8"}, {"name": "RESCTRL", "offset": "0x10", "size": "0x8"}, {"name": "OPAMPCTRL[0]", "offset": "0x4"}, {"name": "OPAMPCTRL[1]", "offset": "0x8"}, {"name": "OPAMPCTRL[2]", "offset": "0xc"}]}, {"name": "OSCCTRL", "start": "0x40001000", "end": "0x40001040", "size": "0x41", "comment": "", "registers": [{"name": "EVCTRL", "offset": "0x0", "size": "0x8"}, {"name": "INTENCLR", "offset": "0x4"}, {"name": "INTENSET", "offset": "0x8"}, {"name": "INTFLAG", "offset": "0xc"}, {"name": "STATUS", "offset": "0x10"}, {"name": "XOSCCTRL", "offset": "0x14", "size": "0x10"}, {"name": "CFDPRESC", "offset": "0x16", "size": "0x8"}, {"name": "OSC16MCTRL", "offset": "0x18", "size": "0x8"}, {"name": "DFLLULPCTRL", "offset": "0x1c", "size": "0x10"}, {"name": "DFLLULPDITHER", "offset": "0x1e", "size": "0x8"}, {"name": "DFLLULPRREQ", "offset": "0x1f", "size": "0x8"}, {"name": "DFLLULPDLY", "offset": "0x20"}, {"name": "DFLLULPRATIO", "offset": "0x24"}, {"name": "DFLLULPSYNCBUSY", "offset": "0x28"}, {"name": "DPLLCTRLA", "offset": "0x2c", "size": "0x8"}, {"name": "DPLLRATIO", "offset": "0x30"}, {"name": "DPLLCTRLB", "offset": "0x34"}, {"name": "DPLLPRESC", "offset": "0x38", "size": "0x8"}, {"name": "DPLLSYNCBUSY", "offset": "0x3c", "size": "0x8"}, {"name": "DPLLSTATUS", "offset": "0x40", "size": "0x8"}]}, {"name": "OSC32KCTRL", "start": "0x40001400", "end": "0x4000141f", "size": "0x20", "comment": "", "registers": [{"name": "INTENCLR", "offset": "0x0"}, {"name": "INTENSET", "offset": "0x4"}, {"name": "INTFLAG", "offset": "0x8"}, {"name": "STATUS", "offset": "0xc"}, {"name": "RTCCTRL", "offset": "0x10", "size": "0x8"}, {"name": "XOSC32K", "offset": "0x14", "size": "0x10"}, {"name": "CFDCTRL", "offset": "0x16", "size": "0x8"}, {"name": "EVCTRL", "offset": "0x17", "size": "0x8"}, {"name": "OSCULP32K", "offset": "0x1c"}]}, {"name": "PAC", "start": "0x40000000", "end": "0x4000007f", "size": "0x80", "comment": "", "registers": [{"name": "WRCTRL", "offset": "0x0"}, {"name": "EVCTRL", "offset": "0x4", "size": "0x8"}, {"name": "INTENCLR", "offset": "0x8", "size": "0x8"}, {"name": "INTENSET", "offset": "0x9", "size": "0x8"}, {"name": "INTFLAGAHB", "offset": "0x10"}, {"name": "INTFLAGA", "offset": "0x14"}, {"name": "INTFLAGB", "offset": "0x18"}, {"name": "INTFLAGC", "offset": "0x1c"}, {"name": "STATUSA", "offset": "0x34"}, {"name": "STATUSB", "offset": "0x38"}, {"name": "STATUSC", "offset": "0x3c"}, {"name": "NONSECA", "offset": "0x54"}, {"name": "NONSECB", "offset": "0x58"}, {"name": "NONSECC", "offset": "0x5c"}, {"name": "SECLOCKA", "offset": "0x74"}, {"name": "SECLOCKB", "offset": "0x78"}, {"name": "SECLOCKC", "offset": "0x7c"}]}, {"name": "PAC_SEC", "start": "0x40000200", "end": "0x4000027f", "size": "0x80", "comment": "", "registers": [{"name": "WRCTRL", "offset": "0x0"}, {"name": "EVCTRL", "offset": "0x4", "size": "0x8"}, {"name": "INTENCLR", "offset": "0x8", "size": "0x8"}, {"name": "INTENSET", "offset": "0x9", "size": "0x8"}, {"name": "INTFLAGAHB", "offset": "0x10"}, {"name": "INTFLAGA", "offset": "0x14"}, {"name": "INTFLAGB", "offset": "0x18"}, {"name": "INTFLAGC", "offset": "0x1c"}, {"name": "STATUSA", "offset": "0x34"}, {"name": "STATUSB", "offset": "0x38"}, {"name": "STATUSC", "offset": "0x3c"}, {"name": "NONSECA", "offset": "0x54"}, {"name": "NONSECB", "offset": "0x58"}, {"name": "NONSECC", "offset": "0x5c"}, {"name": "SECLOCKA", "offset": "0x74"}, {"name": "SECLOCKB", "offset": "0x78"}, {"name": "SECLOCKC", "offset": "0x7c"}]}, {"name": "PM", "start": "0x40000400", "end": "0x40000409", "size": "0xa", "comment": "", "registers": [{"name": "SLEEPCFG", "offset": "0x1", "size": "0x8"}, {"name": "PLCFG", "offset": "0x2", "size": "0x8"}, {"name": "PWCFG", "offset": "0x3", "size": "0x8"}, {"name": "INTENCLR", "offset": "0x4", "size": "0x8"}, {"name": "INTENSET", "offset": "0x5", "size": "0x8"}, {"name": "INTFLAG", "offset": "0x6", "size": "0x8"}, {"name": "STDBYCFG", "offset": "0x8", "size": "0x10"}]}, {"name": "PORT", "start": "0x40003000", "end": "0x4000307f", "size": "0x80", "comment": "", "registers": []}, {"name": "PORT_SEC", "start": "0x40003200", "end": "0x4000327f", "size": "0x80", "comment": "", "registers": []}, {"name": "PORT_IOBUS", "start": "0x60000000", "end": "0x6000007f", "size": "0x80", "comment": "", "registers": []}, {"name": "PORT_IOBUS_SEC", "start": "0x60000200", "end": "0x6000027f", "size": "0x80", "comment": "", "registers": []}, {"name": "PTC", "start": "0x42002400", "end": "0x42002400", "size": "0x1", "comment": "", "registers": []}, {"name": "RSTC", "start": "0x40000c00", "end": "0x40000c00", "size": "0x1", "comment": "", "registers": [{"name": "RCAUSE", "offset": "0x0", "size": "0x8"}]}, {"name": "RTC", "start": "0x40002400", "end": "0x4000246f", "size": "0x70", "comment": "", "registers": []}, {"name": "SERCOM0", "start": "0x42000400", "end": "0x42000430", "size": "0x31", "comment": "", "registers": []}, {"name": "SERCOM1", "start": "0x42000800", "end": "0x42000830", "size": "0x31", "comment": "", "registers": []}, {"name": "SERCOM2", "start": "0x42000c00", "end": "0x42000c30", "size": "0x31", "comment": "", "registers": []}, {"name": "SUPC", "start": "0x40001800", "end": "0x40001833", "size": "0x34", "comment": "", "registers": [{"name": "INTENCLR", "offset": "0x0"}, {"name": "INTENSET", "offset": "0x4"}, {"name": "INTFLAG", "offset": "0x8"}, {"name": "STATUS", "offset": "0xc"}, {"name": "BOD33", "offset": "0x10"}, {"name": "BOD12", "offset": "0x14"}, {"name": "VREG", "offset": "0x18"}, {"name": "VREF", "offset": "0x1c"}, {"name": "EVCTRL", "offset": "0x2c"}, {"name": "VREGSUSP", "offset": "0x30"}]}, {"name": "TC0", "start": "0x42001000", "end": "0x42001037", "size": "0x38", "comment": "", "registers": []}, {"name": "TC1", "start": "0x42001400", "end": "0x42001437", "size": "0x38", "comment": "", "registers": []}, {"name": "TC2", "start": "0x42001800", "end": "0x42001837", "size": "0x38", "comment": "", "registers": []}, {"name": "TRAM", "start": "0x42003400", "end": "0x4200368f", "size": "0x290", "comment": "", "registers": [{"name": "CTRLA", "offset": "0x0", "size": "0x8"}, {"name": "INTENCLR", "offset": "0x4", "size": "0x8"}, {"name": "INTENSET", "offset": "0x5", "size": "0x8"}, {"name": "INTFLAG", "offset": "0x6", "size": "0x8"}, {"name": "STATUS", "offset": "0x7", "size": "0x8"}, {"name": "SYNCBUSY", "offset": "0x8"}, {"name": "DSCC", "offset": "0xc"}, {"name": "PERMW", "offset": "0x10", "size": "0x8"}, {"name": "PERMR", "offset": "0x11", "size": "0x8"}, {"name": "RAM[0]", "offset": "0x100"}, {"name": "RAM[1]", "offset": "0x104"}, {"name": "RAM[2]", "offset": "0x108"}, {"name": "RAM[3]", "offset": "0x10c"}, {"name": "RAM[4]", "offset": "0x110"}, {"name": "RAM[5]", "offset": "0x114"}, {"name": "RAM[6]", "offset": "0x118"}, {"name": "RAM[7]", "offset": "0x11c"}, {"name": "RAM[8]", "offset": "0x120"}, {"name": "RAM[9]", "offset": "0x124"}, {"name": "RAM[10]", "offset": "0x128"}, {"name": "RAM[11]", "offset": "0x12c"}, {"name": "RAM[12]", "offset": "0x130"}, {"name": "RAM[13]", "offset": "0x134"}, {"name": "RAM[14]", "offset": "0x138"}, {"name": "RAM[15]", "offset": "0x13c"}, {"name": "RAM[16]", "offset": "0x140"}, {"name": "RAM[17]", "offset": "0x144"}, {"name": "RAM[18]", "offset": "0x148"}, {"name": "RAM[19]", "offset": "0x14c"}, {"name": "RAM[20]", "offset": "0x150"}, {"name": "RAM[21]", "offset": "0x154"}, {"name": "RAM[22]", "offset": "0x158"}, {"name": "RAM[23]", "offset": "0x15c"}, {"name": "RAM[24]", "offset": "0x160"}, {"name": "RAM[25]", "offset": "0x164"}, {"name": "RAM[26]", "offset": "0x168"}, {"name": "RAM[27]", "offset": "0x16c"}, {"name": "RAM[28]", "offset": "0x170"}, {"name": "RAM[29]", "offset": "0x174"}, {"name": "RAM[30]", "offset": "0x178"}, {"name": "RAM[31]", "offset": "0x17c"}, {"name": "RAM[32]", "offset": "0x180"}, {"name": "RAM[33]", "offset": "0x184"}, {"name": "RAM[34]", "offset": "0x188"}, {"name": "RAM[35]", "offset": "0x18c"}, {"name": "RAM[36]", "offset": "0x190"}, {"name": "RAM[37]", "offset": "0x194"}, {"name": "RAM[38]", "offset": "0x198"}, {"name": "RAM[39]", "offset": "0x19c"}, {"name": "RAM[40]", "offset": "0x1a0"}, {"name": "RAM[41]", "offset": "0x1a4"}, {"name": "RAM[42]", "offset": "0x1a8"}, {"name": "RAM[43]", "offset": "0x1ac"}, {"name": "RAM[44]", "offset": "0x1b0"}, {"name": "RAM[45]", "offset": "0x1b4"}, {"name": "RAM[46]", "offset": "0x1b8"}, {"name": "RAM[47]", "offset": "0x1bc"}, {"name": "RAM[48]", "offset": "0x1c0"}, {"name": "RAM[49]", "offset": "0x1c4"}, {"name": "RAM[50]", "offset": "0x1c8"}, {"name": "RAM[51]", "offset": "0x1cc"}, {"name": "RAM[52]", "offset": "0x1d0"}, {"name": "RAM[53]", "offset": "0x1d4"}, {"name": "RAM[54]", "offset": "0x1d8"}, {"name": "RAM[55]", "offset": "0x1dc"}, {"name": "RAM[56]", "offset": "0x1e0"}, {"name": "RAM[57]", "offset": "0x1e4"}, {"name": "RAM[58]", "offset": "0x1e8"}, {"name": "RAM[59]", "offset": "0x1ec"}, {"name": "RAM[60]", "offset": "0x1f0"}, {"name": "RAM[61]", "offset": "0x1f4"}, {"name": "RAM[62]", "offset": "0x1f8"}, {"name": "RAM[63]", "offset": "0x1fc"}]}, {"name": "TRNG", "start": "0x42002800", "end": "0x42002823", "size": "0x24", "comment": "", "registers": [{"name": "CTRLA", "offset": "0x0", "size": "0x8"}, {"name": "EVCTRL", "offset": "0x4", "size": "0x8"}, {"name": "INTENCLR", "offset": "0x8", "size": "0x8"}, {"name": "INTENSET", "offset": "0x9", "size": "0x8"}, {"name": "INTFLAG", "offset": "0xa", "size": "0x8"}, {"name": "DATA", "offset": "0x20"}]}, {"name": "WDT", "start": "0x40002000", "end": "0x4000200c", "size": "0xd", "comment": "", "registers": [{"name": "CTRLA", "offset": "0x0", "size": "0x8"}, {"name": "CONFIG", "offset": "0x1", "size": "0x8"}, {"name": "EWCTRL", "offset": "0x2", "size": "0x8"}, {"name": "INTENCLR", "offset": "0x4", "size": "0x8"}, {"name": "INTENSET", "offset": "0x5", "size": "0x8"}, {"name": "INTFLAG", "offset": "0x6", "size": "0x8"}, {"name": "SYNCBUSY", "offset": "0x8"}, {"name": "CLEAR", "offset": "0xc", "size": "0x8"}]}, {"name": "CoreDebug", "start": "0xe000edf0", "end": "0xe000ee0b", "size": "0x1c", "comment": "", "registers": [{"name": "DHCSR", "offset": "0x0"}, {"name": "DCRSR", "offset": "0x4"}, {"name": "DEMCR", "offset": "0xc"}, {"name": "DAUTHCTRL", "offset": "0x14"}, {"name": "DSCSR", "offset": "0x18"}]}, {"name": "CoreDebug_NS", "start": "0xe002edf0", "end": "0xe002ee0b", "size": "0x1c", "comment": "", "registers": [{"name": "DHCSR", "offset": "0x0"}, {"name": "DCRSR", "offset": "0x4"}, {"name": "DEMCR", "offset": "0xc"}, {"name": "DAUTHCTRL", "offset": "0x14"}, {"name": "DSCSR", "offset": "0x18"}]}, {"name": "DIB", "start": "0xe000efb0", "end": "0xe000efff", "size": "0x50", "comment": "", "registers": [{"name": "DLAR", "offset": "0x0"}, {"name": "DLSR", "offset": "0x4"}, {"name": "DAUTHSTATUS", "offset": "0x8"}, {"name": "DDEVARCH", "offset": "0xc"}, {"name": "DDEVTYPE", "offset": "0x1c"}, {"name": "DPIDR4", "offset": "0x20"}, {"name": "DPIDR5", "offset": "0x24"}, {"name": "DPIDR6", "offset": "0x28"}, {"name": "DPIDR7", "offset": "0x2c"}, {"name": "DPIDR0", "offset": "0x30"}, {"name": "DPIDR1", "offset": "0x34"}, {"name": "DPIDR2", "offset": "0x38"}, {"name": "DPIDR3", "offset": "0x3c"}, {"name": "DCIDR0", "offset": "0x40"}, {"name": "DCIDR1", "offset": "0x44"}, {"name": "DCIDR2", "offset": "0x48"}, {"name": "DCIDR3", "offset": "0x4c"}]}, {"name": "DIB_NS", "start": "0xe002efb0", "end": "0xe002efff", "size": "0x50", "comment": "", "registers": [{"name": "DLAR", "offset": "0x0"}, {"name": "DLSR", "offset": "0x4"}, {"name": "DAUTHSTATUS", "offset": "0x8"}, {"name": "DDEVARCH", "offset": "0xc"}, {"name": "DDEVTYPE", "offset": "0x1c"}, {"name": "DPIDR4", "offset": "0x20"}, {"name": "DPIDR5", "offset": "0x24"}, {"name": "DPIDR6", "offset": "0x28"}, {"name": "DPIDR7", "offset": "0x2c"}, {"name": "DPIDR0", "offset": "0x30"}, {"name": "DPIDR1", "offset": "0x34"}, {"name": "DPIDR2", "offset": "0x38"}, {"name": "DPIDR3", "offset": "0x3c"}, {"name": "DCIDR0", "offset": "0x40"}, {"name": "DCIDR1", "offset": "0x44"}, {"name": "DCIDR2", "offset": "0x48"}, {"name": "DCIDR3", "offset": "0x4c"}]}, {"name": "DWT", "start": "0xe0001000", "end": "0xe0001fff", "size": "0x1000", "comment": "", "registers": [{"name": "DWT_CTRL", "offset": "0x0"}, {"name": "DWT_PCSR", "offset": "0x1c"}, {"name": "DWT_LAR", "offset": "0xfb0"}, {"name": "DWT_LSR", "offset": "0xfb4"}, {"name": "DWT_DEVARCH", "offset": "0xfbc"}, {"name": "DWT_DEVTYPE", "offset": "0xfcc"}, {"name": "DWT_PIDR4", "offset": "0xfd0"}, {"name": "DWT_PIDR5", "offset": "0xfd4"}, {"name": "DWT_PIDR6", "offset": "0xfd8"}, {"name": "DWT_PIDR7", "offset": "0xfdc"}, {"name": "DWT_PIDR0", "offset": "0xfe0"}, {"name": "DWT_PIDR1", "offset": "0xfe4"}, {"name": "DWT_PIDR2", "offset": "0xfe8"}, {"name": "DWT_PIDR3", "offset": "0xfec"}, {"name": "DWT_CIDR0", "offset": "0xff0"}, {"name": "DWT_CIDR1", "offset": "0xff4"}, {"name": "DWT_CIDR2", "offset": "0xff8"}, {"name": "DWT_CIDR3", "offset": "0xffc"}]}, {"name": "FPB", "start": "0xe0002000", "end": "0xe0002fff", "size": "0x1000", "comment": "", "registers": [{"name": "FP_CTRL", "offset": "0x0"}, {"name": "FP_REMAP", "offset": "0x4"}, {"name": "FP_LAR", "offset": "0xfb0"}, {"name": "FP_LSR", "offset": "0xfb4"}, {"name": "FP_DEVARCH", "offset": "0xfbc"}, {"name": "FP_DEVTYPE", "offset": "0xfcc"}, {"name": "FP_PIDR4", "offset": "0xfd0"}, {"name": "FP_PIDR5", "offset": "0xfd4"}, {"name": "FP_PIDR6", "offset": "0xfd8"}, {"name": "FP_PIDR7", "offset": "0xfdc"}, {"name": "FP_PIDR0", "offset": "0xfe0"}, {"name": "FP_PIDR1", "offset": "0xfe4"}, {"name": "FP_PIDR2", "offset": "0xfe8"}, {"name": "FP_PIDR3", "offset": "0xfec"}, {"name": "FP_CIDR0", "offset": "0xff0"}, {"name": "FP_CIDR1", "offset": "0xff4"}, {"name": "FP_CIDR2", "offset": "0xff8"}, {"name": "FP_CIDR3", "offset": "0xffc"}, {"name": "FP_COMP[0]", "offset": "0x8"}, {"name": "FP_COMP[1]", "offset": "0xc"}, {"name": "FP_COMP[2]", "offset": "0x10"}, {"name": "FP_COMP[3]", "offset": "0x14"}, {"name": "FP_COMP_BREAKPOINT_MODE[0]", "offset": "0x8"}, {"name": "FP_COMP_BREAKPOINT_MODE[1]", "offset": "0xc"}, {"name": "FP_COMP_BREAKPOINT_MODE[2]", "offset": "0x10"}, {"name": "FP_COMP_BREAKPOINT_MODE[3]", "offset": "0x14"}]}, {"name": "ICB", "start": "0xe000e000", "end": "0xe000e00b", "size": "0xc", "comment": "", "registers": [{"name": "ICTR", "offset": "0x4"}, {"name": "ACTLR", "offset": "0x8"}]}, {"name": "ICB_NS", "start": "0xe002e000", "end": "0xe002e00b", "size": "0xc", "comment": "", "registers": [{"name": "ICTR", "offset": "0x4"}, {"name": "ACTLR", "offset": "0x8"}]}, {"name": "MPU", "start": "0xe000ed90", "end": "0xe000edc7", "size": "0x38", "comment": "", "registers": [{"name": "MPU_TYPE", "offset": "0x0"}, {"name": "MPU_CTRL", "offset": "0x4"}, {"name": "MPU_RNR", "offset": "0x8"}, {"name": "MPU_RBAR", "offset": "0xc"}, {"name": "MPU_RLAR", "offset": "0x10"}, {"name": "MPU_MAIR0", "offset": "0x30"}, {"name": "MPU_MAIR1", "offset": "0x34"}]}, {"name": "MPU_NS", "start": "0xe002ed90", "end": "0xe002edc7", "size": "0x38", "comment": "", "registers": [{"name": "MPU_TYPE", "offset": "0x0"}, {"name": "MPU_CTRL", "offset": "0x4"}, {"name": "MPU_RNR", "offset": "0x8"}, {"name": "MPU_RBAR", "offset": "0xc"}, {"name": "MPU_RLAR", "offset": "0x10"}, {"name": "MPU_MAIR0", "offset": "0x30"}, {"name": "MPU_MAIR1", "offset": "0x34"}]}, {"name": "NVIC", "start": "0xe000e100", "end": "0xe000e447", "size": "0x348", "comment": "", "registers": [{"name": "NVIC_ISER[0]", "offset": "0x0"}, {"name": "NVIC_ISER[1]", "offset": "0x4"}, {"name": "NVIC_ICER[0]", "offset": "0x80"}, {"name": "NVIC_ICER[1]", "offset": "0x84"}, {"name": "NVIC_ISPR[0]", "offset": "0x100"}, {"name": "NVIC_ISPR[1]", "offset": "0x104"}, {"name": "NVIC_ICPR[0]", "offset": "0x180"}, {"name": "NVIC_ICPR[1]", "offset": "0x184"}, {"name": "NVIC_IABR[0]", "offset": "0x200"}, {"name": "NVIC_IABR[1]", "offset": "0x204"}, {"name": "NVIC_ITNS[0]", "offset": "0x280"}, {"name": "NVIC_ITNS[1]", "offset": "0x284"}, {"name": "NVIC_IPR[0]", "offset": "0x300"}, {"name": "NVIC_IPR[1]", "offset": "0x304"}, {"name": "NVIC_IPR[2]", "offset": "0x308"}, {"name": "NVIC_IPR[3]", "offset": "0x30c"}, {"name": "NVIC_IPR[4]", "offset": "0x310"}, {"name": "NVIC_IPR[5]", "offset": "0x314"}, {"name": "NVIC_IPR[6]", "offset": "0x318"}, {"name": "NVIC_IPR[7]", "offset": "0x31c"}, {"name": "NVIC_IPR[8]", "offset": "0x320"}, {"name": "NVIC_IPR[9]", "offset": "0x324"}, {"name": "NVIC_IPR[10]", "offset": "0x328"}, {"name": "NVIC_IPR[11]", "offset": "0x32c"}]}, {"name": "NVIC_NS", "start": "0xe002e100", "end": "0xe002e447", "size": "0x348", "comment": "", "registers": [{"name": "NVIC_ISER[0]", "offset": "0x0"}, {"name": "NVIC_ISER[1]", "offset": "0x4"}, {"name": "NVIC_ICER[0]", "offset": "0x80"}, {"name": "NVIC_ICER[1]", "offset": "0x84"}, {"name": "NVIC_ISPR[0]", "offset": "0x100"}, {"name": "NVIC_ISPR[1]", "offset": "0x104"}, {"name": "NVIC_ICPR[0]", "offset": "0x180"}, {"name": "NVIC_ICPR[1]", "offset": "0x184"}, {"name": "NVIC_IABR[0]", "offset": "0x200"}, {"name": "NVIC_IABR[1]", "offset": "0x204"}, {"name": "NVIC_ITNS[0]", "offset": "0x280"}, {"name": "NVIC_ITNS[1]", "offset": "0x284"}, {"name": "NVIC_IPR[0]", "offset": "0x300"}, {"name": "NVIC_IPR[1]", "offset": "0x304"}, {"name": "NVIC_IPR[2]", "offset": "0x308"}, {"name": "NVIC_IPR[3]", "offset": "0x30c"}, {"name": "NVIC_IPR[4]", "offset": "0x310"}, {"name": "NVIC_IPR[5]", "offset": "0x314"}, {"name": "NVIC_IPR[6]", "offset": "0x318"}, {"name": "NVIC_IPR[7]", "offset": "0x31c"}, {"name": "NVIC_IPR[8]", "offset": "0x320"}, {"name": "NVIC_IPR[9]", "offset": "0x324"}, {"name": "NVIC_IPR[10]", "offset": "0x328"}, {"name": "NVIC_IPR[11]", "offset": "0x32c"}]}, {"name": "SCB", "start": "0xe000ed00", "end": "0xe000ed87", "size": "0x88", "comment": "", "registers": [{"name": "CPUID", "offset": "0x0"}, {"name": "ICSR", "offset": "0x4"}, {"name": "VTOR", "offset": "0x8"}, {"name": "AIRCR", "offset": "0xc"}, {"name": "SCR", "offset": "0x10"}, {"name": "CCR", "offset": "0x14"}, {"name": "SHPR2", "offset": "0x1c"}, {"name": "SHPR3", "offset": "0x20"}, {"name": "SHCSR", "offset": "0x24"}, {"name": "DFSR", "offset": "0x30"}, {"name": "AFSR", "offset": "0x3c"}, {"name": "CLIDR", "offset": "0x78"}, {"name": "CTR", "offset": "0x7c"}, {"name": "CCSIDR", "offset": "0x80"}, {"name": "CSSELR", "offset": "0x84"}]}, {"name": "SCB_NS", "start": "0xe002ed00", "end": "0xe002ed87", "size": "0x88", "comment": "", "registers": [{"name": "CPUID", "offset": "0x0"}, {"name": "ICSR", "offset": "0x4"}, {"name": "VTOR", "offset": "0x8"}, {"name": "AIRCR", "offset": "0xc"}, {"name": "SCR", "offset": "0x10"}, {"name": "CCR", "offset": "0x14"}, {"name": "SHPR2", "offset": "0x1c"}, {"name": "SHPR3", "offset": "0x20"}, {"name": "SHCSR", "offset": "0x24"}, {"name": "DFSR", "offset": "0x30"}, {"name": "AFSR", "offset": "0x3c"}, {"name": "CLIDR", "offset": "0x78"}, {"name": "CTR", "offset": "0x7c"}, {"name": "CCSIDR", "offset": "0x80"}, {"name": "CSSELR", "offset": "0x84"}]}, {"name": "SysTick", "start": "0xe000e010", "end": "0xe000e01f", "size": "0x10", "comment": "", "registers": [{"name": "SYST_CSR", "offset": "0x0"}, {"name": "SYST_RVR", "offset": "0x4"}, {"name": "SYST_CVR", "offset": "0x8"}, {"name": "SYST_CALIB", "offset": "0xc"}]}, {"name": "SysTick_NS", "start": "0xe002e010", "end": "0xe002e01f", "size": "0x10", "comment": "", "registers": [{"name": "SYST_CSR", "offset": "0x0"}, {"name": "SYST_RVR", "offset": "0x4"}, {"name": "SYST_CVR", "offset": "0x8"}, {"name": "SYST_CALIB", "offset": "0xc"}]}], "vector_table": [{"name": "StackPointer_Value", "value": -1, "addr": "0x0", "comment": "Stack pointer initial value"}, {"name": "Reset", "value": -1, "addr": "0x4", "comment": "Priority: -3"}, {"name": "NMI", "value": -1, "addr": "0x8", "comment": "Priority: -2"}, {"name": "HardFault", "value": -1, "addr": "0xc", "comment": "Priority: -1"}, {"name": "SVCall", "value": -1, "addr": "0x2c", "comment": "Priority: 3"}, {"name": "PendSV", "value": -1, "addr": "0x38", "comment": "Priority: 5"}, {"name": "SysTick", "value": -1, "addr": "0x3c", "comment": "Priority: 6"}, {"name": "WDT", "value": 1, "comment": "", "addr": "0x44"}, {"name": "RTC", "value": 2, "comment": "", "addr": "0x48"}, {"name": "EIC_0", "value": 3, "comment": "", "addr": "0x4c"}, {"name": "EIC_0", "value": 3, "comment": "", "addr": "0x4c"}, {"name": "EIC_1", "value": 4, "comment": "", "addr": "0x50"}, {"name": "EIC_1", "value": 4, "comment": "", "addr": "0x50"}, {"name": "EIC_2", "value": 5, "comment": "", "addr": "0x54"}, {"name": "EIC_2", "value": 5, "comment": "", "addr": "0x54"}, {"name": "EIC_3", "value": 6, "comment": "", "addr": "0x58"}, {"name": "EIC_3", "value": 6, "comment": "", "addr": "0x58"}, {"name": "EIC_OTHER", "value": 7, "comment": "", "addr": "0x5c"}, {"name": "EIC_OTHER", "value": 7, "comment": "", "addr": "0x5c"}, {"name": "FREQM", "value": 8, "comment": "", "addr": "0x60"}, {"name": "NVMCTRL", "value": 9, "comment": "", "addr": "0x64"}, {"name": "NVMCTRL", "value": 9, "comment": "", "addr": "0x64"}, {"name": "PORT", "value": 10, "comment": "", "addr": "0x68"}, {"name": "PORT", "value": 10, "comment": "", "addr": "0x68"}, {"name": "PORT", "value": 10, "comment": "", "addr": "0x68"}, {"name": "PORT", "value": 10, "comment": "", "addr": "0x68"}, {"name": "DMAC_0", "value": 11, "comment": "", "addr": "0x6c"}, {"name": "DMAC_1", "value": 12, "comment": "", "addr": "0x70"}, {"name": "DMAC_2", "value": 13, "comment": "", "addr": "0x74"}, {"name": "DMAC_3", "value": 14, "comment": "", "addr": "0x78"}, {"name": "DMAC_OTHER", "value": 15, "comment": "", "addr": "0x7c"}, {"name": "EVSYS_0", "value": 16, "comment": "", "addr": "0x80"}, {"name": "EVSYS_0", "value": 16, "comment": "", "addr": "0x80"}, {"name": "EVSYS_1", "value": 17, "comment": "", "addr": "0x84"}, {"name": "EVSYS_1", "value": 17, "comment": "", "addr": "0x84"}, {"name": "EVSYS_2", "value": 18, "comment": "", "addr": "0x88"}, {"name": "EVSYS_2", "value": 18, "comment": "", "addr": "0x88"}, {"name": "EVSYS_3", "value": 19, "comment": "", "addr": "0x8c"}, {"name": "EVSYS_3", "value": 19, "comment": "", "addr": "0x8c"}, {"name": "EVSYS_NSCHK", "value": 20, "comment": "", "addr": "0x90"}, {"name": "EVSYS_NSCHK", "value": 20, "comment": "", "addr": "0x90"}, {"name": "PAC", "value": 21, "comment": "", "addr": "0x94"}, {"name": "PAC", "value": 21, "comment": "", "addr": "0x94"}, {"name": "SERCOM0_0", "value": 22, "comment": "", "addr": "0x98"}, {"name": "SERCOM0_1", "value": 23, "comment": "", "addr": "0x9c"}, {"name": "SERCOM0_2", "value": 24, "comment": "", "addr": "0xa0"}, {"name": "SERCOM0_OTHER", "value": 25, "comment": "", "addr": "0xa4"}, {"name": "SERCOM1_0", "value": 26, "comment": "", "addr": "0xa8"}, {"name": "SERCOM1_1", "value": 27, "comment": "", "addr": "0xac"}, {"name": "SERCOM1_2", "value": 28, "comment": "", "addr": "0xb0"}, {"name": "SERCOM1_OTHER", "value": 29, "comment": "", "addr": "0xb4"}, {"name": "SERCOM2_0", "value": 30, "comment": "", "addr": "0xb8"}, {"name": "SERCOM2_1", "value": 31, "comment": "", "addr": "0xbc"}, {"name": "SERCOM2_2", "value": 32, "comment": "", "addr": "0xc0"}, {"name": "SERCOM2_OTHER", "value": 33, "comment": "", "addr": "0xc4"}, {"name": "TC0", "value": 34, "comment": "", "addr": "0xc8"}, {"name": "TC1", "value": 35, "comment": "", "addr": "0xcc"}, {"name": "TC2", "value": 36, "comment": "", "addr": "0xd0"}, {"name": "ADC_OTHER", "value": 37, "comment": "", "addr": "0xd4"}, {"name": "ADC_RESRDY", "value": 38, "comment": "", "addr": "0xd8"}, {"name": "AC", "value": 39, "comment": "", "addr": "0xdc"}, {"name": "DAC_UNDERRUN_A", "value": 40, "comment": "", "addr": "0xe0"}, {"name": "DAC_EMPTY", "value": 41, "comment": "", "addr": "0xe4"}, {"name": "PTC", "value": 42, "comment": "", "addr": "0xe8"}, {"name": "TRNG", "value": 43, "comment": "", "addr": "0xec"}, {"name": "TRAM", "value": 44, "comment": "", "addr": "0xf0"}]}