{"brand": "Microchip", "family": "SAME53", "name": "ATSAME53J19A", "bits": 32, "mode": 1, "segments": [{"name": "SRAM", "start": "0x20000000", "end": "0x2003ffff", "size": "0x40000", "type": "DATA"}], "peripherals": [{"name": "AC", "start": "0x42002000", "end": "0x42002025", "size": "0x26", "comment": "", "registers": [{"name": "CTRLA", "offset": "0x0", "size": "0x8"}, {"name": "CTRLB", "offset": "0x1", "size": "0x8"}, {"name": "EVCTRL", "offset": "0x2", "size": "0x10"}, {"name": "INTENCLR", "offset": "0x4", "size": "0x8"}, {"name": "INTENSET", "offset": "0x5", "size": "0x8"}, {"name": "INTFLAG", "offset": "0x6", "size": "0x8"}, {"name": "STATUSA", "offset": "0x7", "size": "0x8"}, {"name": "STATUSB", "offset": "0x8", "size": "0x8"}, {"name": "DBGCTRL", "offset": "0x9", "size": "0x8"}, {"name": "WINCTRL", "offset": "0xa", "size": "0x8"}, {"name": "SYNCBUSY", "offset": "0x20"}, {"name": "CALIB", "offset": "0x24", "size": "0x10"}, {"name": "SCALER[0]", "offset": "0xc", "size": "0x8"}, {"name": "SCALER[1]", "offset": "0xd", "size": "0x8"}, {"name": "COMPCTRL[0]", "offset": "0x10"}, {"name": "COMPCTRL[1]", "offset": "0x14"}]}, {"name": "ADC0", "start": "0x43001c00", "end": "0x43001c49", "size": "0x4a", "comment": "", "registers": [{"name": "CTRLA", "offset": "0x0", "size": "0x10"}, {"name": "EVCTRL", "offset": "0x2", "size": "0x8"}, {"name": "DBGCTRL", "offset": "0x3", "size": "0x8"}, {"name": "INPUTCTRL", "offset": "0x4", "size": "0x10"}, {"name": "CTRLB", "offset": "0x6", "size": "0x10"}, {"name": "REFCTRL", "offset": "0x8", "size": "0x8"}, {"name": "AVGCTRL", "offset": "0xa", "size": "0x8"}, {"name": "SAMPCTRL", "offset": "0xb", "size": "0x8"}, {"name": "WINLT", "offset": "0xc", "size": "0x10"}, {"name": "WINUT", "offset": "0xe", "size": "0x10"}, {"name": "GAINCORR", "offset": "0x10", "size": "0x10"}, {"name": "OFFSETCORR", "offset": "0x12", "size": "0x10"}, {"name": "SWTRIG", "offset": "0x14", "size": "0x8"}, {"name": "INTENCLR", "offset": "0x2c", "size": "0x8"}, {"name": "INTENSET", "offset": "0x2d", "size": "0x8"}, {"name": "INTFLAG", "offset": "0x2e", "size": "0x8"}, {"name": "STATUS", "offset": "0x2f", "size": "0x8"}, {"name": "SYNCBUSY", "offset": "0x30"}, {"name": "DSEQDATA", "offset": "0x34"}, {"name": "DSEQCTRL", "offset": "0x38"}, {"name": "DSEQSTAT", "offset": "0x3c"}, {"name": "RESULT", "offset": "0x40", "size": "0x10"}, {"name": "RESS", "offset": "0x44", "size": "0x10"}, {"name": "CALIB", "offset": "0x48", "size": "0x10"}]}, {"name": "ADC1", "start": "0x43002000", "end": "0x43002049", "size": "0x4a", "comment": "", "registers": [{"name": "CTRLA", "offset": "0x0", "size": "0x10"}, {"name": "EVCTRL", "offset": "0x2", "size": "0x8"}, {"name": "DBGCTRL", "offset": "0x3", "size": "0x8"}, {"name": "INPUTCTRL", "offset": "0x4", "size": "0x10"}, {"name": "CTRLB", "offset": "0x6", "size": "0x10"}, {"name": "REFCTRL", "offset": "0x8", "size": "0x8"}, {"name": "AVGCTRL", "offset": "0xa", "size": "0x8"}, {"name": "SAMPCTRL", "offset": "0xb", "size": "0x8"}, {"name": "WINLT", "offset": "0xc", "size": "0x10"}, {"name": "WINUT", "offset": "0xe", "size": "0x10"}, {"name": "GAINCORR", "offset": "0x10", "size": "0x10"}, {"name": "OFFSETCORR", "offset": "0x12", "size": "0x10"}, {"name": "SWTRIG", "offset": "0x14", "size": "0x8"}, {"name": "INTENCLR", "offset": "0x2c", "size": "0x8"}, {"name": "INTENSET", "offset": "0x2d", "size": "0x8"}, {"name": "INTFLAG", "offset": "0x2e", "size": "0x8"}, {"name": "STATUS", "offset": "0x2f", "size": "0x8"}, {"name": "SYNCBUSY", "offset": "0x30"}, {"name": "DSEQDATA", "offset": "0x34"}, {"name": "DSEQCTRL", "offset": "0x38"}, {"name": "DSEQSTAT", "offset": "0x3c"}, {"name": "RESULT", "offset": "0x40", "size": "0x10"}, {"name": "RESS", "offset": "0x44", "size": "0x10"}, {"name": "CALIB", "offset": "0x48", "size": "0x10"}]}, {"name": "AES", "start": "0x42002400", "end": "0x42002487", "size": "0x88", "comment": "", "registers": [{"name": "CTRLA", "offset": "0x0"}, {"name": "CTRLB", "offset": "0x4", "size": "0x8"}, {"name": "INTENCLR", "offset": "0x5", "size": "0x8"}, {"name": "INTENSET", "offset": "0x6", "size": "0x8"}, {"name": "INTFLAG", "offset": "0x7", "size": "0x8"}, {"name": "DATABUFPTR", "offset": "0x8", "size": "0x8"}, {"name": "DBGCTRL", "offset": "0x9", "size": "0x8"}, {"name": "INDATA", "offset": "0x38"}, {"name": "CIPLEN", "offset": "0x80"}, {"name": "RANDSEED", "offset": "0x84"}, {"name": "KEYWORD[0]", "offset": "0xc"}, {"name": "KEYWORD[1]", "offset": "0x10"}, {"name": "KEYWORD[2]", "offset": "0x14"}, {"name": "KEYWORD[3]", "offset": "0x18"}, {"name": "KEYWORD[4]", "offset": "0x1c"}, {"name": "KEYWORD[5]", "offset": "0x20"}, {"name": "KEYWORD[6]", "offset": "0x24"}, {"name": "KEYWORD[7]", "offset": "0x28"}, {"name": "INTVECTV[0]", "offset": "0x3c"}, {"name": "INTVECTV[1]", "offset": "0x40"}, {"name": "INTVECTV[2]", "offset": "0x44"}, {"name": "INTVECTV[3]", "offset": "0x48"}, {"name": "HASHKEY[0]", "offset": "0x5c"}, {"name": "HASHKEY[1]", "offset": "0x60"}, {"name": "HASHKEY[2]", "offset": "0x64"}, {"name": "HASHKEY[3]", "offset": "0x68"}, {"name": "GHASH[0]", "offset": "0x6c"}, {"name": "GHASH[1]", "offset": "0x70"}, {"name": "GHASH[2]", "offset": "0x74"}, {"name": "GHASH[3]", "offset": "0x78"}]}, {"name": "CCL", "start": "0x42003800", "end": "0x42003817", "size": "0x18", "comment": "", "registers": [{"name": "CTRL", "offset": "0x0", "size": "0x8"}, {"name": "SEQCTRL[0]", "offset": "0x4", "size": "0x8"}, {"name": "SEQCTRL[1]", "offset": "0x5", "size": "0x8"}, {"name": "LUTCTRL[0]", "offset": "0x8"}, {"name": "LUTCTRL[1]", "offset": "0xc"}, {"name": "LUTCTRL[2]", "offset": "0x10"}, {"name": "LUTCTRL[3]", "offset": "0x14"}]}, {"name": "CMCC", "start": "0x41006000", "end": "0x41006037", "size": "0x38", "comment": "", "registers": [{"name": "TYPE", "offset": "0x0"}, {"name": "CFG", "offset": "0x4"}, {"name": "CTRL", "offset": "0x8"}, {"name": "SR", "offset": "0xc"}, {"name": "LCKWAY", "offset": "0x10"}, {"name": "MAINT0", "offset": "0x20"}, {"name": "MAINT1", "offset": "0x24"}, {"name": "MCFG", "offset": "0x28"}, {"name": "MEN", "offset": "0x2c"}, {"name": "MCTRL", "offset": "0x30"}, {"name": "MSR", "offset": "0x34"}]}, {"name": "DAC", "start": "0x43002400", "end": "0x4300241f", "size": "0x20", "comment": "", "registers": [{"name": "CTRLA", "offset": "0x0", "size": "0x8"}, {"name": "CTRLB", "offset": "0x1", "size": "0x8"}, {"name": "EVCTRL", "offset": "0x2", "size": "0x8"}, {"name": "INTENCLR", "offset": "0x4", "size": "0x8"}, {"name": "INTENSET", "offset": "0x5", "size": "0x8"}, {"name": "INTFLAG", "offset": "0x6", "size": "0x8"}, {"name": "STATUS", "offset": "0x7", "size": "0x8"}, {"name": "SYNCBUSY", "offset": "0x8"}, {"name": "DBGCTRL", "offset": "0x18", "size": "0x8"}, {"name": "DACCTRL[0]", "offset": "0xc", "size": "0x10"}, {"name": "DACCTRL[1]", "offset": "0xe", "size": "0x10"}, {"name": "DATA[0]", "offset": "0x10", "size": "0x10"}, {"name": "DATA[1]", "offset": "0x12", "size": "0x10"}, {"name": "DATABUF[0]", "offset": "0x14", "size": "0x10"}, {"name": "DATABUF[1]", "offset": "0x16", "size": "0x10"}, {"name": "RESULT[0]", "offset": "0x1c", "size": "0x10"}, {"name": "RESULT[1]", "offset": "0x1e", "size": "0x10"}]}, {"name": "DMAC", "start": "0x4100a000", "end": "0x4100a35f", "size": "0x360", "comment": "", "registers": [{"name": "CTRL", "offset": "0x0", "size": "0x10"}, {"name": "CRCCTRL", "offset": "0x2", "size": "0x10"}, {"name": "CRCDATAIN", "offset": "0x4"}, {"name": "CRCCHKSUM", "offset": "0x8"}, {"name": "CRCSTATUS", "offset": "0xc", "size": "0x8"}, {"name": "DBGCTRL", "offset": "0xd", "size": "0x8"}, {"name": "SWTRIGCTRL", "offset": "0x10"}, {"name": "PRICTRL0", "offset": "0x14"}, {"name": "INTPEND", "offset": "0x20", "size": "0x10"}, {"name": "INTSTATUS", "offset": "0x24"}, {"name": "BUSYCH", "offset": "0x28"}, {"name": "PENDCH", "offset": "0x2c"}, {"name": "ACTIVE", "offset": "0x30"}, {"name": "BASEADDR", "offset": "0x34"}, {"name": "WRBADDR", "offset": "0x38"}]}, {"name": "DSU", "start": "0x41002000", "end": "0x41003fff", "size": "0x2000", "comment": "", "registers": [{"name": "CTRL", "offset": "0x0", "size": "0x8"}, {"name": "STATUSA", "offset": "0x1", "size": "0x8"}, {"name": "STATUSB", "offset": "0x2", "size": "0x8"}, {"name": "ADDR", "offset": "0x4"}, {"name": "LENGTH", "offset": "0x8"}, {"name": "DATA", "offset": "0xc"}, {"name": "DID", "offset": "0x18"}, {"name": "CFG", "offset": "0x1c"}, {"name": "ENTRY0", "offset": "0x1000"}, {"name": "ENTRY1", "offset": "0x1004"}, {"name": "END", "offset": "0x1008"}, {"name": "MEMTYPE", "offset": "0x1fcc"}, {"name": "PID4", "offset": "0x1fd0"}, {"name": "PID5", "offset": "0x1fd4"}, {"name": "PID6", "offset": "0x1fd8"}, {"name": "PID7", "offset": "0x1fdc"}, {"name": "PID0", "offset": "0x1fe0"}, {"name": "PID1", "offset": "0x1fe4"}, {"name": "PID2", "offset": "0x1fe8"}, {"name": "PID3", "offset": "0x1fec"}, {"name": "CID0", "offset": "0x1ff0"}, {"name": "CID1", "offset": "0x1ff4"}, {"name": "CID2", "offset": "0x1ff8"}, {"name": "CID3", "offset": "0x1ffc"}, {"name": "DCC[0]", "offset": "0x10"}, {"name": "DCC[1]", "offset": "0x14"}, {"name": "DCFG[0]", "offset": "0xf0"}, {"name": "DCFG[1]", "offset": "0xf4"}]}, {"name": "EIC", "start": "0x40002800", "end": "0x4000283b", "size": "0x3c", "comment": "", "registers": [{"name": "CTRLA", "offset": "0x0", "size": "0x8"}, {"name": "NMICTRL", "offset": "0x1", "size": "0x8"}, {"name": "NMIFLAG", "offset": "0x2", "size": "0x10"}, {"name": "SYNCBUSY", "offset": "0x4"}, {"name": "EVCTRL", "offset": "0x8"}, {"name": "INTENCLR", "offset": "0xc"}, {"name": "INTENSET", "offset": "0x10"}, {"name": "INTFLAG", "offset": "0x14"}, {"name": "ASYNCH", "offset": "0x18"}, {"name": "DEBOUNCEN", "offset": "0x30"}, {"name": "DPRESCALER", "offset": "0x34"}, {"name": "PINSTATE", "offset": "0x38"}, {"name": "CONFIG[0]", "offset": "0x1c"}, {"name": "CONFIG[1]", "offset": "0x20"}]}, {"name": "EVSYS", "start": "0x4100e000", "end": "0x4100e2bb", "size": "0x2bc", "comment": "", "registers": [{"name": "CTRLA", "offset": "0x0", "size": "0x8"}, {"name": "SWEVT", "offset": "0x4"}, {"name": "PRICTRL", "offset": "0x8", "size": "0x8"}, {"name": "INTPEND", "offset": "0x10", "size": "0x10"}, {"name": "INTSTATUS", "offset": "0x14"}, {"name": "BUSYCH", "offset": "0x18"}, {"name": "READYUSR", "offset": "0x1c"}, {"name": "USER[0]", "offset": "0x120"}, {"name": "USER[1]", "offset": "0x124"}, {"name": "USER[2]", "offset": "0x128"}, {"name": "USER[3]", "offset": "0x12c"}, {"name": "USER[4]", "offset": "0x130"}, {"name": "USER[5]", "offset": "0x134"}, {"name": "USER[6]", "offset": "0x138"}, {"name": "USER[7]", "offset": "0x13c"}, {"name": "USER[8]", "offset": "0x140"}, {"name": "USER[9]", "offset": "0x144"}, {"name": "USER[10]", "offset": "0x148"}, {"name": "USER[11]", "offset": "0x14c"}, {"name": "USER[12]", "offset": "0x150"}, {"name": "USER[13]", "offset": "0x154"}, {"name": "USER[14]", "offset": "0x158"}, {"name": "USER[15]", "offset": "0x15c"}, {"name": "USER[16]", "offset": "0x160"}, {"name": "USER[17]", "offset": "0x164"}, {"name": "USER[18]", "offset": "0x168"}, {"name": "USER[19]", "offset": "0x16c"}, {"name": "USER[20]", "offset": "0x170"}, {"name": "USER[21]", "offset": "0x174"}, {"name": "USER[22]", "offset": "0x178"}, {"name": "USER[23]", "offset": "0x17c"}, {"name": "USER[24]", "offset": "0x180"}, {"name": "USER[25]", "offset": "0x184"}, {"name": "USER[26]", "offset": "0x188"}, {"name": "USER[27]", "offset": "0x18c"}, {"name": "USER[28]", "offset": "0x190"}, {"name": "USER[29]", "offset": "0x194"}, {"name": "USER[30]", "offset": "0x198"}, {"name": "USER[31]", "offset": "0x19c"}, {"name": "USER[32]", "offset": "0x1a0"}, {"name": "USER[33]", "offset": "0x1a4"}, {"name": "USER[34]", "offset": "0x1a8"}, {"name": "USER[35]", "offset": "0x1ac"}, {"name": "USER[36]", "offset": "0x1b0"}, {"name": "USER[37]", "offset": "0x1b4"}, {"name": "USER[38]", "offset": "0x1b8"}, {"name": "USER[39]", "offset": "0x1bc"}, {"name": "USER[40]", "offset": "0x1c0"}, {"name": "USER[41]", "offset": "0x1c4"}, {"name": "USER[42]", "offset": "0x1c8"}, {"name": "USER[43]", "offset": "0x1cc"}, {"name": "USER[44]", "offset": "0x1d0"}, {"name": "USER[45]", "offset": "0x1d4"}, {"name": "USER[46]", "offset": "0x1d8"}, {"name": "USER[47]", "offset": "0x1dc"}, {"name": "USER[48]", "offset": "0x1e0"}, {"name": "USER[49]", "offset": "0x1e4"}, {"name": "USER[50]", "offset": "0x1e8"}, {"name": "USER[51]", "offset": "0x1ec"}, {"name": "USER[52]", "offset": "0x1f0"}, {"name": "USER[53]", "offset": "0x1f4"}, {"name": "USER[54]", "offset": "0x1f8"}, {"name": "USER[55]", "offset": "0x1fc"}, {"name": "USER[56]", "offset": "0x200"}, {"name": "USER[57]", "offset": "0x204"}, {"name": "USER[58]", "offset": "0x208"}, {"name": "USER[59]", "offset": "0x20c"}, {"name": "USER[60]", "offset": "0x210"}, {"name": "USER[61]", "offset": "0x214"}, {"name": "USER[62]", "offset": "0x218"}, {"name": "USER[63]", "offset": "0x21c"}, {"name": "USER[64]", "offset": "0x220"}, {"name": "USER[65]", "offset": "0x224"}, {"name": "USER[66]", "offset": "0x228"}]}, {"name": "FREQM", "start": "0x40002c00", "end": "0x40002c13", "size": "0x14", "comment": "", "registers": [{"name": "CTRLA", "offset": "0x0", "size": "0x8"}, {"name": "CTRLB", "offset": "0x1", "size": "0x8"}, {"name": "CFGA", "offset": "0x2", "size": "0x10"}, {"name": "INTENCLR", "offset": "0x8", "size": "0x8"}, {"name": "INTENSET", "offset": "0x9", "size": "0x8"}, {"name": "INTFLAG", "offset": "0xa", "size": "0x8"}, {"name": "STATUS", "offset": "0xb", "size": "0x8"}, {"name": "SYNCBUSY", "offset": "0xc"}, {"name": "VALUE", "offset": "0x10"}]}, {"name": "GCLK", "start": "0x40001c00", "end": "0x40001d9f", "size": "0x1a0", "comment": "", "registers": [{"name": "CTRLA", "offset": "0x0", "size": "0x8"}, {"name": "SYNCBUSY", "offset": "0x4"}, {"name": "GENCTRL[0]", "offset": "0x20"}, {"name": "GENCTRL[1]", "offset": "0x24"}, {"name": "GENCTRL[2]", "offset": "0x28"}, {"name": "GENCTRL[3]", "offset": "0x2c"}, {"name": "GENCTRL[4]", "offset": "0x30"}, {"name": "GENCTRL[5]", "offset": "0x34"}, {"name": "GENCTRL[6]", "offset": "0x38"}, {"name": "GENCTRL[7]", "offset": "0x3c"}, {"name": "GENCTRL[8]", "offset": "0x40"}, {"name": "GENCTRL[9]", "offset": "0x44"}, {"name": "GENCTRL[10]", "offset": "0x48"}, {"name": "GENCTRL[11]", "offset": "0x4c"}, {"name": "PCHCTRL[0]", "offset": "0x80"}, {"name": "PCHCTRL[1]", "offset": "0x84"}, {"name": "PCHCTRL[2]", "offset": "0x88"}, {"name": "PCHCTRL[3]", "offset": "0x8c"}, {"name": "PCHCTRL[4]", "offset": "0x90"}, {"name": "PCHCTRL[5]", "offset": "0x94"}, {"name": "PCHCTRL[6]", "offset": "0x98"}, {"name": "PCHCTRL[7]", "offset": "0x9c"}, {"name": "PCHCTRL[8]", "offset": "0xa0"}, {"name": "PCHCTRL[9]", "offset": "0xa4"}, {"name": "PCHCTRL[10]", "offset": "0xa8"}, {"name": "PCHCTRL[11]", "offset": "0xac"}, {"name": "PCHCTRL[12]", "offset": "0xb0"}, {"name": "PCHCTRL[13]", "offset": "0xb4"}, {"name": "PCHCTRL[14]", "offset": "0xb8"}, {"name": "PCHCTRL[15]", "offset": "0xbc"}, {"name": "PCHCTRL[16]", "offset": "0xc0"}, {"name": "PCHCTRL[17]", "offset": "0xc4"}, {"name": "PCHCTRL[18]", "offset": "0xc8"}, {"name": "PCHCTRL[19]", "offset": "0xcc"}, {"name": "PCHCTRL[20]", "offset": "0xd0"}, {"name": "PCHCTRL[21]", "offset": "0xd4"}, {"name": "PCHCTRL[22]", "offset": "0xd8"}, {"name": "PCHCTRL[23]", "offset": "0xdc"}, {"name": "PCHCTRL[24]", "offset": "0xe0"}, {"name": "PCHCTRL[25]", "offset": "0xe4"}, {"name": "PCHCTRL[26]", "offset": "0xe8"}, {"name": "PCHCTRL[27]", "offset": "0xec"}, {"name": "PCHCTRL[28]", "offset": "0xf0"}, {"name": "PCHCTRL[29]", "offset": "0xf4"}, {"name": "PCHCTRL[30]", "offset": "0xf8"}, {"name": "PCHCTRL[31]", "offset": "0xfc"}, {"name": "PCHCTRL[32]", "offset": "0x100"}, {"name": "PCHCTRL[33]", "offset": "0x104"}, {"name": "PCHCTRL[34]", "offset": "0x108"}, {"name": "PCHCTRL[35]", "offset": "0x10c"}, {"name": "PCHCTRL[36]", "offset": "0x110"}, {"name": "PCHCTRL[37]", "offset": "0x114"}, {"name": "PCHCTRL[38]", "offset": "0x118"}, {"name": "PCHCTRL[39]", "offset": "0x11c"}, {"name": "PCHCTRL[40]", "offset": "0x120"}, {"name": "PCHCTRL[41]", "offset": "0x124"}, {"name": "PCHCTRL[42]", "offset": "0x128"}, {"name": "PCHCTRL[43]", "offset": "0x12c"}, {"name": "PCHCTRL[44]", "offset": "0x130"}, {"name": "PCHCTRL[45]", "offset": "0x134"}, {"name": "PCHCTRL[46]", "offset": "0x138"}, {"name": "PCHCTRL[47]", "offset": "0x13c"}]}, {"name": "GMAC", "start": "0x42000800", "end": "0x42000a7f", "size": "0x280", "comment": "", "registers": [{"name": "NCR", "offset": "0x0"}, {"name": "NCFGR", "offset": "0x4"}, {"name": "NSR", "offset": "0x8"}, {"name": "UR", "offset": "0xc"}, {"name": "DCFGR", "offset": "0x10"}, {"name": "TSR", "offset": "0x14"}, {"name": "RBQB", "offset": "0x18"}, {"name": "TBQB", "offset": "0x1c"}, {"name": "RSR", "offset": "0x20"}, {"name": "ISR", "offset": "0x24"}, {"name": "IER", "offset": "0x28"}, {"name": "IDR", "offset": "0x2c"}, {"name": "IMR", "offset": "0x30"}, {"name": "MAN", "offset": "0x34"}, {"name": "RPQ", "offset": "0x38"}, {"name": "TPQ", "offset": "0x3c"}, {"name": "TPSF", "offset": "0x40"}, {"name": "RPSF", "offset": "0x44"}, {"name": "RJFML", "offset": "0x48"}, {"name": "HRB", "offset": "0x80"}, {"name": "HRT", "offset": "0x84"}, {"name": "WOL", "offset": "0xb8"}, {"name": "IPGS", "offset": "0xbc"}, {"name": "SVLAN", "offset": "0xc0"}, {"name": "TPFCP", "offset": "0xc4"}, {"name": "SAMB1", "offset": "0xc8"}, {"name": "SAMT1", "offset": "0xcc"}, {"name": "NSC", "offset": "0xdc"}, {"name": "SCL", "offset": "0xe0"}, {"name": "SCH", "offset": "0xe4"}, {"name": "EFTSH", "offset": "0xe8"}, {"name": "EFRSH", "offset": "0xec"}, {"name": "PEFTSH", "offset": "0xf0"}, {"name": "PEFRSH", "offset": "0xf4"}, {"name": "OTLO", "offset": "0x100"}, {"name": "OTHI", "offset": "0x104"}, {"name": "FT", "offset": "0x108"}, {"name": "BCFT", "offset": "0x10c"}, {"name": "MFT", "offset": "0x110"}, {"name": "PFT", "offset": "0x114"}, {"name": "BFT64", "offset": "0x118"}, {"name": "TBFT127", "offset": "0x11c"}, {"name": "TBFT255", "offset": "0x120"}, {"name": "TBFT511", "offset": "0x124"}, {"name": "TBFT1023", "offset": "0x128"}, {"name": "TBFT1518", "offset": "0x12c"}, {"name": "GTBFT1518", "offset": "0x130"}, {"name": "TUR", "offset": "0x134"}, {"name": "SCF", "offset": "0x138"}, {"name": "MCF", "offset": "0x13c"}, {"name": "EC", "offset": "0x140"}, {"name": "LC", "offset": "0x144"}, {"name": "DTF", "offset": "0x148"}, {"name": "CSE", "offset": "0x14c"}, {"name": "ORLO", "offset": "0x150"}, {"name": "ORHI", "offset": "0x154"}, {"name": "FR", "offset": "0x158"}, {"name": "BCFR", "offset": "0x15c"}, {"name": "MFR", "offset": "0x160"}, {"name": "PFR", "offset": "0x164"}, {"name": "BFR64", "offset": "0x168"}, {"name": "TBFR127", "offset": "0x16c"}, {"name": "TBFR255", "offset": "0x170"}, {"name": "TBFR511", "offset": "0x174"}, {"name": "TBFR1023", "offset": "0x178"}, {"name": "TBFR1518", "offset": "0x17c"}, {"name": "TMXBFR", "offset": "0x180"}, {"name": "UFR", "offset": "0x184"}, {"name": "OFR", "offset": "0x188"}, {"name": "JR", "offset": "0x18c"}, {"name": "FCSE", "offset": "0x190"}, {"name": "LFFE", "offset": "0x194"}, {"name": "RSE", "offset": "0x198"}, {"name": "AE", "offset": "0x19c"}, {"name": "RRE", "offset": "0x1a0"}, {"name": "ROE", "offset": "0x1a4"}, {"name": "IHCE", "offset": "0x1a8"}, {"name": "TCE", "offset": "0x1ac"}, {"name": "UCE", "offset": "0x1b0"}, {"name": "TISUBN", "offset": "0x1bc"}, {"name": "TSH", "offset": "0x1c0"}, {"name": "TSSSL", "offset": "0x1c8"}, {"name": "TSSN", "offset": "0x1cc"}, {"name": "TSL", "offset": "0x1d0"}, {"name": "TN", "offset": "0x1d4"}, {"name": "TA", "offset": "0x1d8"}, {"name": "TI", "offset": "0x1dc"}, {"name": "EFTSL", "offset": "0x1e0"}, {"name": "EFTN", "offset": "0x1e4"}, {"name": "EFRSL", "offset": "0x1e8"}, {"name": "EFRN", "offset": "0x1ec"}, {"name": "PEFTSL", "offset": "0x1f0"}, {"name": "PEFTN", "offset": "0x1f4"}, {"name": "PEFRSL", "offset": "0x1f8"}, {"name": "PEFRN", "offset": "0x1fc"}, {"name": "RLPITR", "offset": "0x270"}, {"name": "RLPITI", "offset": "0x274"}, {"name": "TLPITR", "offset": "0x278"}, {"name": "TLPITI", "offset": "0x27c"}, {"name": "TIDM[0]", "offset": "0xa8"}, {"name": "TIDM[1]", "offset": "0xac"}, {"name": "TIDM[2]", "offset": "0xb0"}, {"name": "TIDM[3]", "offset": "0xb4"}]}, {"name": "HMATRIX", "start": "0x4100c000", "end": "0x4100c0af", "size": "0xb0", "comment": "", "registers": []}, {"name": "ICM", "start": "0x42002c00", "end": "0x42002c57", "size": "0x58", "comment": "", "registers": [{"name": "CFG", "offset": "0x0"}, {"name": "CTRL", "offset": "0x4"}, {"name": "SR", "offset": "0x8"}, {"name": "IER", "offset": "0x10"}, {"name": "IDR", "offset": "0x14"}, {"name": "IMR", "offset": "0x18"}, {"name": "ISR", "offset": "0x1c"}, {"name": "UASR", "offset": "0x20"}, {"name": "DSCR", "offset": "0x30"}, {"name": "HASH", "offset": "0x34"}, {"name": "UIHVAL[0]", "offset": "0x38"}, {"name": "UIHVAL[1]", "offset": "0x3c"}, {"name": "UIHVAL[2]", "offset": "0x40"}, {"name": "UIHVAL[3]", "offset": "0x44"}, {"name": "UIHVAL[4]", "offset": "0x48"}, {"name": "UIHVAL[5]", "offset": "0x4c"}, {"name": "UIHVAL[6]", "offset": "0x50"}, {"name": "UIHVAL[7]", "offset": "0x54"}]}, {"name": "I2S", "start": "0x43002800", "end": "0x43002837", "size": "0x38", "comment": "", "registers": [{"name": "CTRLA", "offset": "0x0", "size": "0x8"}, {"name": "INTENCLR", "offset": "0xc", "size": "0x10"}, {"name": "INTENSET", "offset": "0x10", "size": "0x10"}, {"name": "INTFLAG", "offset": "0x14", "size": "0x10"}, {"name": "SYNCBUSY", "offset": "0x18", "size": "0x10"}, {"name": "TXCTRL", "offset": "0x20"}, {"name": "RXCTRL", "offset": "0x24"}, {"name": "TXDATA", "offset": "0x30"}, {"name": "RXDATA", "offset": "0x34"}, {"name": "CLKCTRL[0]", "offset": "0x4"}, {"name": "CLKCTRL[1]", "offset": "0x8"}]}, {"name": "MCLK", "start": "0x40000800", "end": "0x40000823", "size": "0x24", "comment": "", "registers": [{"name": "INTENCLR", "offset": "0x1", "size": "0x8"}, {"name": "INTENSET", "offset": "0x2", "size": "0x8"}, {"name": "INTFLAG", "offset": "0x3", "size": "0x8"}, {"name": "HSDIV", "offset": "0x4", "size": "0x8"}, {"name": "CPUDIV", "offset": "0x5", "size": "0x8"}, {"name": "AHBMASK", "offset": "0x10"}, {"name": "APBAMASK", "offset": "0x14"}, {"name": "APBBMASK", "offset": "0x18"}, {"name": "APBCMASK", "offset": "0x1c"}, {"name": "APBDMASK", "offset": "0x20"}]}, {"name": "NVMCTRL", "start": "0x41004000", "end": "0x4100402f", "size": "0x30", "comment": "", "registers": [{"name": "CTRLA", "offset": "0x0", "size": "0x10"}, {"name": "CTRLB", "offset": "0x4", "size": "0x10"}, {"name": "PARAM", "offset": "0x8"}, {"name": "INTENCLR", "offset": "0xc", "size": "0x10"}, {"name": "INTENSET", "offset": "0xe", "size": "0x10"}, {"name": "INTFLAG", "offset": "0x10", "size": "0x10"}, {"name": "STATUS", "offset": "0x12", "size": "0x10"}, {"name": "ADDR", "offset": "0x14"}, {"name": "RUNLOCK", "offset": "0x18"}, {"name": "ECCERR", "offset": "0x24"}, {"name": "DBGCTRL", "offset": "0x28", "size": "0x8"}, {"name": "SEECFG", "offset": "0x2a", "size": "0x8"}, {"name": "SEESTAT", "offset": "0x2c"}, {"name": "PBLDATA[0]", "offset": "0x1c"}, {"name": "PBLDATA[1]", "offset": "0x20"}]}, {"name": "OSCCTRL", "start": "0x40001000", "end": "0x40001057", "size": "0x58", "comment": "", "registers": [{"name": "EVCTRL", "offset": "0x0", "size": "0x8"}, {"name": "INTENCLR", "offset": "0x4"}, {"name": "INTENSET", "offset": "0x8"}, {"name": "INTFLAG", "offset": "0xc"}, {"name": "STATUS", "offset": "0x10"}, {"name": "DFLLCTRLA", "offset": "0x1c", "size": "0x8"}, {"name": "DFLLCTRLB", "offset": "0x20", "size": "0x8"}, {"name": "DFLLVAL", "offset": "0x24"}, {"name": "DFLLMUL", "offset": "0x28"}, {"name": "DFLLSYNC", "offset": "0x2c", "size": "0x8"}, {"name": "XOSCCTRL[0]", "offset": "0x14"}, {"name": "XOSCCTRL[1]", "offset": "0x18"}]}, {"name": "OSC32KCTRL", "start": "0x40001400", "end": "0x4000141f", "size": "0x20", "comment": "", "registers": [{"name": "INTENCLR", "offset": "0x0"}, {"name": "INTENSET", "offset": "0x4"}, {"name": "INTFLAG", "offset": "0x8"}, {"name": "STATUS", "offset": "0xc"}, {"name": "RTCCTRL", "offset": "0x10", "size": "0x8"}, {"name": "XOSC32K", "offset": "0x14", "size": "0x10"}, {"name": "CFDCTRL", "offset": "0x16", "size": "0x8"}, {"name": "EVCTRL", "offset": "0x17", "size": "0x8"}, {"name": "OSCULP32K", "offset": "0x1c"}]}, {"name": "PAC", "start": "0x40000000", "end": "0x40000043", "size": "0x44", "comment": "", "registers": [{"name": "WRCTRL", "offset": "0x0"}, {"name": "EVCTRL", "offset": "0x4", "size": "0x8"}, {"name": "INTENCLR", "offset": "0x8", "size": "0x8"}, {"name": "INTENSET", "offset": "0x9", "size": "0x8"}, {"name": "INTFLAGAHB", "offset": "0x10"}, {"name": "INTFLAGA", "offset": "0x14"}, {"name": "INTFLAGB", "offset": "0x18"}, {"name": "INTFLAGC", "offset": "0x1c"}, {"name": "INTFLAGD", "offset": "0x20"}, {"name": "STATUSA", "offset": "0x34"}, {"name": "STATUSB", "offset": "0x38"}, {"name": "STATUSC", "offset": "0x3c"}, {"name": "STATUSD", "offset": "0x40"}]}, {"name": "PCC", "start": "0x43002c00", "end": "0x43002ce7", "size": "0xe8", "comment": "", "registers": [{"name": "MR", "offset": "0x0"}, {"name": "IER", "offset": "0x4"}, {"name": "IDR", "offset": "0x8"}, {"name": "IMR", "offset": "0xc"}, {"name": "ISR", "offset": "0x10"}, {"name": "RHR", "offset": "0x14"}, {"name": "WPMR", "offset": "0xe0"}, {"name": "WPSR", "offset": "0xe4"}]}, {"name": "PDEC", "start": "0x42001c00", "end": "0x42001c37", "size": "0x38", "comment": "", "registers": [{"name": "CTRLA", "offset": "0x0"}, {"name": "CTRLBCLR", "offset": "0x4", "size": "0x8"}, {"name": "CTRLBSET", "offset": "0x5", "size": "0x8"}, {"name": "EVCTRL", "offset": "0x6", "size": "0x10"}, {"name": "INTENCLR", "offset": "0x8", "size": "0x8"}, {"name": "INTENSET", "offset": "0x9", "size": "0x8"}, {"name": "INTFLAG", "offset": "0xa", "size": "0x8"}, {"name": "STATUS", "offset": "0xc", "size": "0x10"}, {"name": "DBGCTRL", "offset": "0xf", "size": "0x8"}, {"name": "SYNCBUSY", "offset": "0x10"}, {"name": "PRESC", "offset": "0x14", "size": "0x8"}, {"name": "FILTER", "offset": "0x15", "size": "0x8"}, {"name": "PRESCBUF", "offset": "0x18", "size": "0x8"}, {"name": "FILTERBUF", "offset": "0x19", "size": "0x8"}, {"name": "COUNT", "offset": "0x1c"}, {"name": "CC[0]", "offset": "0x20"}, {"name": "CC[1]", "offset": "0x24"}, {"name": "CCBUF[0]", "offset": "0x30"}, {"name": "CCBUF[1]", "offset": "0x34"}]}, {"name": "PM", "start": "0x40000400", "end": "0x40000412", "size": "0x13", "comment": "", "registers": [{"name": "CTRLA", "offset": "0x0", "size": "0x8"}, {"name": "SLEEPCFG", "offset": "0x1", "size": "0x8"}, {"name": "INTENCLR", "offset": "0x4", "size": "0x8"}, {"name": "INTENSET", "offset": "0x5", "size": "0x8"}, {"name": "INTFLAG", "offset": "0x6", "size": "0x8"}, {"name": "STDBYCFG", "offset": "0x8", "size": "0x8"}, {"name": "HIBCFG", "offset": "0x9", "size": "0x8"}, {"name": "BKUPCFG", "offset": "0xa", "size": "0x8"}, {"name": "PWSAKDLY", "offset": "0x12", "size": "0x8"}]}, {"name": "PORT", "start": "0x41008000", "end": "0x410080ff", "size": "0x100", "comment": "", "registers": []}, {"name": "QSPI", "start": "0x42003400", "end": "0x42003447", "size": "0x48", "comment": "", "registers": [{"name": "CTRLA", "offset": "0x0"}, {"name": "CTRLB", "offset": "0x4"}, {"name": "BAUD", "offset": "0x8"}, {"name": "RXDATA", "offset": "0xc"}, {"name": "TXDATA", "offset": "0x10"}, {"name": "INTENCLR", "offset": "0x14"}, {"name": "INTENSET", "offset": "0x18"}, {"name": "INTFLAG", "offset": "0x1c"}, {"name": "STATUS", "offset": "0x20"}, {"name": "INSTRADDR", "offset": "0x30"}, {"name": "INSTRCTRL", "offset": "0x34"}, {"name": "INSTRFRAME", "offset": "0x38"}, {"name": "SCRAMBCTRL", "offset": "0x40"}, {"name": "SCRAMBKEY", "offset": "0x44"}]}, {"name": "RAMECC", "start": "0x41020000", "end": "0x4102000f", "size": "0x10", "comment": "", "registers": [{"name": "INTENCLR", "offset": "0x0", "size": "0x8"}, {"name": "INTENSET", "offset": "0x1", "size": "0x8"}, {"name": "INTFLAG", "offset": "0x2", "size": "0x8"}, {"name": "STATUS", "offset": "0x3", "size": "0x8"}, {"name": "ERRADDR", "offset": "0x4"}, {"name": "DBGCTRL", "offset": "0xf", "size": "0x8"}]}, {"name": "RSTC", "start": "0x40000c00", "end": "0x40000c02", "size": "0x3", "comment": "", "registers": [{"name": "RCAUSE", "offset": "0x0", "size": "0x8"}, {"name": "BKUPEXIT", "offset": "0x2", "size": "0x8"}]}, {"name": "RTC", "start": "0x40002400", "end": "0x4000249f", "size": "0xa0", "comment": "", "registers": []}, {"name": "SDHC0", "start": "0x45000000", "end": "0x45000234", "size": "0x235", "comment": "", "registers": [{"name": "SSAR", "offset": "0x0"}, {"name": "SSAR_CMD23_MODE", "offset": "0x0"}, {"name": "BSR", "offset": "0x4", "size": "0x10"}, {"name": "BCR", "offset": "0x6", "size": "0x10"}, {"name": "ARG1R", "offset": "0x8"}, {"name": "TMR", "offset": "0xc", "size": "0x10"}, {"name": "CR", "offset": "0xe", "size": "0x10"}, {"name": "BDPR", "offset": "0x20"}, {"name": "PSR", "offset": "0x24"}, {"name": "HC1R", "offset": "0x28", "size": "0x8"}, {"name": "HC1R_EMMC_MODE", "offset": "0x28", "size": "0x8"}, {"name": "PCR", "offset": "0x29", "size": "0x8"}, {"name": "BGCR", "offset": "0x2a", "size": "0x8"}, {"name": "BGCR_EMMC_MODE", "offset": "0x2a", "size": "0x8"}, {"name": "WCR", "offset": "0x2b", "size": "0x8"}, {"name": "CCR", "offset": "0x2c", "size": "0x10"}, {"name": "TCR", "offset": "0x2e", "size": "0x8"}, {"name": "SRR", "offset": "0x2f", "size": "0x8"}, {"name": "NISTR", "offset": "0x30", "size": "0x10"}, {"name": "NISTR_EMMC_MODE", "offset": "0x30", "size": "0x10"}, {"name": "EISTR", "offset": "0x32", "size": "0x10"}, {"name": "EISTR_EMMC_MODE", "offset": "0x32", "size": "0x10"}, {"name": "NISTER", "offset": "0x34", "size": "0x10"}, {"name": "NISTER_EMMC_MODE", "offset": "0x34", "size": "0x10"}, {"name": "EISTER", "offset": "0x36", "size": "0x10"}, {"name": "EISTER_EMMC_MODE", "offset": "0x36", "size": "0x10"}, {"name": "NISIER", "offset": "0x38", "size": "0x10"}, {"name": "NISIER_EMMC_MODE", "offset": "0x38", "size": "0x10"}, {"name": "EISIER", "offset": "0x3a", "size": "0x10"}, {"name": "EISIER_EMMC_MODE", "offset": "0x3a", "size": "0x10"}, {"name": "ACESR", "offset": "0x3c", "size": "0x10"}, {"name": "HC2R", "offset": "0x3e", "size": "0x10"}, {"name": "HC2R_EMMC_MODE", "offset": "0x3e", "size": "0x10"}, {"name": "CA0R", "offset": "0x40"}, {"name": "CA1R", "offset": "0x44"}, {"name": "MCCAR", "offset": "0x48"}, {"name": "FERACES", "offset": "0x50", "size": "0x10"}, {"name": "FEREIS", "offset": "0x52", "size": "0x10"}, {"name": "AESR", "offset": "0x54", "size": "0x8"}, {"name": "SISR", "offset": "0xfc", "size": "0x10"}, {"name": "HCVR", "offset": "0xfe", "size": "0x10"}, {"name": "MC1R", "offset": "0x204", "size": "0x8"}, {"name": "MC2R", "offset": "0x205", "size": "0x8"}, {"name": "ACR", "offset": "0x208"}, {"name": "CC2R", "offset": "0x20c"}, {"name": "CACR", "offset": "0x230"}, {"name": "DBGR", "offset": "0x234", "size": "0x8"}, {"name": "RR[0]", "offset": "0x10"}, {"name": "RR[1]", "offset": "0x14"}, {"name": "RR[2]", "offset": "0x18"}, {"name": "RR[3]", "offset": "0x1c"}, {"name": "ASAR[0]", "offset": "0x58"}, {"name": "PVR[0]", "offset": "0x60", "size": "0x10"}, {"name": "PVR[1]", "offset": "0x62", "size": "0x10"}, {"name": "PVR[2]", "offset": "0x64", "size": "0x10"}, {"name": "PVR[3]", "offset": "0x66", "size": "0x10"}, {"name": "PVR[4]", "offset": "0x68", "size": "0x10"}, {"name": "PVR[5]", "offset": "0x6a", "size": "0x10"}, {"name": "PVR[6]", "offset": "0x6c", "size": "0x10"}, {"name": "PVR[7]", "offset": "0x6e", "size": "0x10"}]}, {"name": "SERCOM0", "start": "0x40003000", "end": "0x40003030", "size": "0x31", "comment": "", "registers": []}, {"name": "SERCOM1", "start": "0x40003400", "end": "0x40003430", "size": "0x31", "comment": "", "registers": []}, {"name": "SERCOM2", "start": "0x41012000", "end": "0x41012030", "size": "0x31", "comment": "", "registers": []}, {"name": "SERCOM3", "start": "0x41014000", "end": "0x41014030", "size": "0x31", "comment": "", "registers": []}, {"name": "SERCOM4", "start": "0x43000000", "end": "0x43000030", "size": "0x31", "comment": "", "registers": []}, {"name": "SERCOM5", "start": "0x43000400", "end": "0x43000430", "size": "0x31", "comment": "", "registers": []}, {"name": "SUPC", "start": "0x40001800", "end": "0x4000182b", "size": "0x2c", "comment": "", "registers": [{"name": "INTENCLR", "offset": "0x0"}, {"name": "INTENSET", "offset": "0x4"}, {"name": "INTFLAG", "offset": "0x8"}, {"name": "STATUS", "offset": "0xc"}, {"name": "BOD33", "offset": "0x10"}, {"name": "VREG", "offset": "0x18"}, {"name": "VREF", "offset": "0x1c"}, {"name": "BBPS", "offset": "0x20"}, {"name": "BKOUT", "offset": "0x24"}, {"name": "BKIN", "offset": "0x28"}]}, {"name": "TC0", "start": "0x40003800", "end": "0x40003837", "size": "0x38", "comment": "", "registers": []}, {"name": "TC1", "start": "0x40003c00", "end": "0x40003c37", "size": "0x38", "comment": "", "registers": []}, {"name": "TC2", "start": "0x4101a000", "end": "0x4101a037", "size": "0x38", "comment": "", "registers": []}, {"name": "TC3", "start": "0x4101c000", "end": "0x4101c037", "size": "0x38", "comment": "", "registers": []}, {"name": "TC4", "start": "0x42001400", "end": "0x42001437", "size": "0x38", "comment": "", "registers": []}, {"name": "TC5", "start": "0x42001800", "end": "0x42001837", "size": "0x38", "comment": "", "registers": []}, {"name": "TCC0", "start": "0x41016000", "end": "0x41016087", "size": "0x88", "comment": "", "registers": [{"name": "CTRLA", "offset": "0x0"}, {"name": "CTRLBCLR", "offset": "0x4", "size": "0x8"}, {"name": "CTRLBSET", "offset": "0x5", "size": "0x8"}, {"name": "SYNCBUSY", "offset": "0x8"}, {"name": "FCTRLA", "offset": "0xc"}, {"name": "FCTRLB", "offset": "0x10"}, {"name": "WEXCTRL", "offset": "0x14"}, {"name": "DRVCTRL", "offset": "0x18"}, {"name": "DBGCTRL", "offset": "0x1e", "size": "0x8"}, {"name": "EVCTRL", "offset": "0x20"}, {"name": "INTENCLR", "offset": "0x24"}, {"name": "INTENSET", "offset": "0x28"}, {"name": "INTFLAG", "offset": "0x2c"}, {"name": "STATUS", "offset": "0x30"}, {"name": "COUNT", "offset": "0x34"}, {"name": "COUNT_DITH4_MODE", "offset": "0x34"}, {"name": "COUNT_DITH5_MODE", "offset": "0x34"}, {"name": "COUNT_DITH6_MODE", "offset": "0x34"}, {"name": "PATT", "offset": "0x38", "size": "0x10"}, {"name": "WAVE", "offset": "0x3c"}, {"name": "PER", "offset": "0x40"}, {"name": "PER_DITH4_MODE", "offset": "0x40"}, {"name": "PER_DITH5_MODE", "offset": "0x40"}, {"name": "PER_DITH6_MODE", "offset": "0x40"}, {"name": "PATTBUF", "offset": "0x64", "size": "0x10"}, {"name": "PERBUF", "offset": "0x6c"}, {"name": "PERBUF_DITH4_MODE", "offset": "0x6c"}, {"name": "PERBUF_DITH5_MODE", "offset": "0x6c"}, {"name": "PERBUF_DITH6_MODE", "offset": "0x6c"}, {"name": "CC[0]", "offset": "0x44"}, {"name": "CC[1]", "offset": "0x48"}, {"name": "CC[2]", "offset": "0x4c"}, {"name": "CC[3]", "offset": "0x50"}, {"name": "CC[4]", "offset": "0x54"}, {"name": "CC[5]", "offset": "0x58"}, {"name": "CC_DITH4_MODE[0]", "offset": "0x44"}, {"name": "CC_DITH4_MODE[1]", "offset": "0x48"}, {"name": "CC_DITH4_MODE[2]", "offset": "0x4c"}, {"name": "CC_DITH4_MODE[3]", "offset": "0x50"}, {"name": "CC_DITH4_MODE[4]", "offset": "0x54"}, {"name": "CC_DITH4_MODE[5]", "offset": "0x58"}, {"name": "CC_DITH5_MODE[0]", "offset": "0x44"}, {"name": "CC_DITH5_MODE[1]", "offset": "0x48"}, {"name": "CC_DITH5_MODE[2]", "offset": "0x4c"}, {"name": "CC_DITH5_MODE[3]", "offset": "0x50"}, {"name": "CC_DITH5_MODE[4]", "offset": "0x54"}, {"name": "CC_DITH5_MODE[5]", "offset": "0x58"}, {"name": "CC_DITH6_MODE[0]", "offset": "0x44"}, {"name": "CC_DITH6_MODE[1]", "offset": "0x48"}, {"name": "CC_DITH6_MODE[2]", "offset": "0x4c"}, {"name": "CC_DITH6_MODE[3]", "offset": "0x50"}, {"name": "CC_DITH6_MODE[4]", "offset": "0x54"}, {"name": "CC_DITH6_MODE[5]", "offset": "0x58"}, {"name": "CCBUF[0]", "offset": "0x70"}, {"name": "CCBUF[1]", "offset": "0x74"}, {"name": "CCBUF[2]", "offset": "0x78"}, {"name": "CCBUF[3]", "offset": "0x7c"}, {"name": "CCBUF[4]", "offset": "0x80"}, {"name": "CCBUF[5]", "offset": "0x84"}, {"name": "CCBUF_DITH4_MODE[0]", "offset": "0x70"}, {"name": "CCBUF_DITH4_MODE[1]", "offset": "0x74"}, {"name": "CCBUF_DITH4_MODE[2]", "offset": "0x78"}, {"name": "CCBUF_DITH4_MODE[3]", "offset": "0x7c"}, {"name": "CCBUF_DITH4_MODE[4]", "offset": "0x80"}, {"name": "CCBUF_DITH4_MODE[5]", "offset": "0x84"}, {"name": "CCBUF_DITH5_MODE[0]", "offset": "0x70"}, {"name": "CCBUF_DITH5_MODE[1]", "offset": "0x74"}, {"name": "CCBUF_DITH5_MODE[2]", "offset": "0x78"}, {"name": "CCBUF_DITH5_MODE[3]", "offset": "0x7c"}, {"name": "CCBUF_DITH5_MODE[4]", "offset": "0x80"}, {"name": "CCBUF_DITH5_MODE[5]", "offset": "0x84"}, {"name": "CCBUF_DITH6_MODE[0]", "offset": "0x70"}, {"name": "CCBUF_DITH6_MODE[1]", "offset": "0x74"}, {"name": "CCBUF_DITH6_MODE[2]", "offset": "0x78"}, {"name": "CCBUF_DITH6_MODE[3]", "offset": "0x7c"}, {"name": "CCBUF_DITH6_MODE[4]", "offset": "0x80"}, {"name": "CCBUF_DITH6_MODE[5]", "offset": "0x84"}]}, {"name": "TCC1", "start": "0x41018000", "end": "0x41018087", "size": "0x88", "comment": "", "registers": [{"name": "CTRLA", "offset": "0x0"}, {"name": "CTRLBCLR", "offset": "0x4", "size": "0x8"}, {"name": "CTRLBSET", "offset": "0x5", "size": "0x8"}, {"name": "SYNCBUSY", "offset": "0x8"}, {"name": "FCTRLA", "offset": "0xc"}, {"name": "FCTRLB", "offset": "0x10"}, {"name": "WEXCTRL", "offset": "0x14"}, {"name": "DRVCTRL", "offset": "0x18"}, {"name": "DBGCTRL", "offset": "0x1e", "size": "0x8"}, {"name": "EVCTRL", "offset": "0x20"}, {"name": "INTENCLR", "offset": "0x24"}, {"name": "INTENSET", "offset": "0x28"}, {"name": "INTFLAG", "offset": "0x2c"}, {"name": "STATUS", "offset": "0x30"}, {"name": "COUNT", "offset": "0x34"}, {"name": "COUNT_DITH4_MODE", "offset": "0x34"}, {"name": "COUNT_DITH5_MODE", "offset": "0x34"}, {"name": "COUNT_DITH6_MODE", "offset": "0x34"}, {"name": "PATT", "offset": "0x38", "size": "0x10"}, {"name": "WAVE", "offset": "0x3c"}, {"name": "PER", "offset": "0x40"}, {"name": "PER_DITH4_MODE", "offset": "0x40"}, {"name": "PER_DITH5_MODE", "offset": "0x40"}, {"name": "PER_DITH6_MODE", "offset": "0x40"}, {"name": "PATTBUF", "offset": "0x64", "size": "0x10"}, {"name": "PERBUF", "offset": "0x6c"}, {"name": "PERBUF_DITH4_MODE", "offset": "0x6c"}, {"name": "PERBUF_DITH5_MODE", "offset": "0x6c"}, {"name": "PERBUF_DITH6_MODE", "offset": "0x6c"}, {"name": "CC[0]", "offset": "0x44"}, {"name": "CC[1]", "offset": "0x48"}, {"name": "CC[2]", "offset": "0x4c"}, {"name": "CC[3]", "offset": "0x50"}, {"name": "CC[4]", "offset": "0x54"}, {"name": "CC[5]", "offset": "0x58"}, {"name": "CC_DITH4_MODE[0]", "offset": "0x44"}, {"name": "CC_DITH4_MODE[1]", "offset": "0x48"}, {"name": "CC_DITH4_MODE[2]", "offset": "0x4c"}, {"name": "CC_DITH4_MODE[3]", "offset": "0x50"}, {"name": "CC_DITH4_MODE[4]", "offset": "0x54"}, {"name": "CC_DITH4_MODE[5]", "offset": "0x58"}, {"name": "CC_DITH5_MODE[0]", "offset": "0x44"}, {"name": "CC_DITH5_MODE[1]", "offset": "0x48"}, {"name": "CC_DITH5_MODE[2]", "offset": "0x4c"}, {"name": "CC_DITH5_MODE[3]", "offset": "0x50"}, {"name": "CC_DITH5_MODE[4]", "offset": "0x54"}, {"name": "CC_DITH5_MODE[5]", "offset": "0x58"}, {"name": "CC_DITH6_MODE[0]", "offset": "0x44"}, {"name": "CC_DITH6_MODE[1]", "offset": "0x48"}, {"name": "CC_DITH6_MODE[2]", "offset": "0x4c"}, {"name": "CC_DITH6_MODE[3]", "offset": "0x50"}, {"name": "CC_DITH6_MODE[4]", "offset": "0x54"}, {"name": "CC_DITH6_MODE[5]", "offset": "0x58"}, {"name": "CCBUF[0]", "offset": "0x70"}, {"name": "CCBUF[1]", "offset": "0x74"}, {"name": "CCBUF[2]", "offset": "0x78"}, {"name": "CCBUF[3]", "offset": "0x7c"}, {"name": "CCBUF[4]", "offset": "0x80"}, {"name": "CCBUF[5]", "offset": "0x84"}, {"name": "CCBUF_DITH4_MODE[0]", "offset": "0x70"}, {"name": "CCBUF_DITH4_MODE[1]", "offset": "0x74"}, {"name": "CCBUF_DITH4_MODE[2]", "offset": "0x78"}, {"name": "CCBUF_DITH4_MODE[3]", "offset": "0x7c"}, {"name": "CCBUF_DITH4_MODE[4]", "offset": "0x80"}, {"name": "CCBUF_DITH4_MODE[5]", "offset": "0x84"}, {"name": "CCBUF_DITH5_MODE[0]", "offset": "0x70"}, {"name": "CCBUF_DITH5_MODE[1]", "offset": "0x74"}, {"name": "CCBUF_DITH5_MODE[2]", "offset": "0x78"}, {"name": "CCBUF_DITH5_MODE[3]", "offset": "0x7c"}, {"name": "CCBUF_DITH5_MODE[4]", "offset": "0x80"}, {"name": "CCBUF_DITH5_MODE[5]", "offset": "0x84"}, {"name": "CCBUF_DITH6_MODE[0]", "offset": "0x70"}, {"name": "CCBUF_DITH6_MODE[1]", "offset": "0x74"}, {"name": "CCBUF_DITH6_MODE[2]", "offset": "0x78"}, {"name": "CCBUF_DITH6_MODE[3]", "offset": "0x7c"}, {"name": "CCBUF_DITH6_MODE[4]", "offset": "0x80"}, {"name": "CCBUF_DITH6_MODE[5]", "offset": "0x84"}]}, {"name": "TCC2", "start": "0x42000c00", "end": "0x42000c87", "size": "0x88", "comment": "", "registers": [{"name": "CTRLA", "offset": "0x0"}, {"name": "CTRLBCLR", "offset": "0x4", "size": "0x8"}, {"name": "CTRLBSET", "offset": "0x5", "size": "0x8"}, {"name": "SYNCBUSY", "offset": "0x8"}, {"name": "FCTRLA", "offset": "0xc"}, {"name": "FCTRLB", "offset": "0x10"}, {"name": "WEXCTRL", "offset": "0x14"}, {"name": "DRVCTRL", "offset": "0x18"}, {"name": "DBGCTRL", "offset": "0x1e", "size": "0x8"}, {"name": "EVCTRL", "offset": "0x20"}, {"name": "INTENCLR", "offset": "0x24"}, {"name": "INTENSET", "offset": "0x28"}, {"name": "INTFLAG", "offset": "0x2c"}, {"name": "STATUS", "offset": "0x30"}, {"name": "COUNT", "offset": "0x34"}, {"name": "COUNT_DITH4_MODE", "offset": "0x34"}, {"name": "COUNT_DITH5_MODE", "offset": "0x34"}, {"name": "COUNT_DITH6_MODE", "offset": "0x34"}, {"name": "PATT", "offset": "0x38", "size": "0x10"}, {"name": "WAVE", "offset": "0x3c"}, {"name": "PER", "offset": "0x40"}, {"name": "PER_DITH4_MODE", "offset": "0x40"}, {"name": "PER_DITH5_MODE", "offset": "0x40"}, {"name": "PER_DITH6_MODE", "offset": "0x40"}, {"name": "PATTBUF", "offset": "0x64", "size": "0x10"}, {"name": "PERBUF", "offset": "0x6c"}, {"name": "PERBUF_DITH4_MODE", "offset": "0x6c"}, {"name": "PERBUF_DITH5_MODE", "offset": "0x6c"}, {"name": "PERBUF_DITH6_MODE", "offset": "0x6c"}, {"name": "CC[0]", "offset": "0x44"}, {"name": "CC[1]", "offset": "0x48"}, {"name": "CC[2]", "offset": "0x4c"}, {"name": "CC[3]", "offset": "0x50"}, {"name": "CC[4]", "offset": "0x54"}, {"name": "CC[5]", "offset": "0x58"}, {"name": "CC_DITH4_MODE[0]", "offset": "0x44"}, {"name": "CC_DITH4_MODE[1]", "offset": "0x48"}, {"name": "CC_DITH4_MODE[2]", "offset": "0x4c"}, {"name": "CC_DITH4_MODE[3]", "offset": "0x50"}, {"name": "CC_DITH4_MODE[4]", "offset": "0x54"}, {"name": "CC_DITH4_MODE[5]", "offset": "0x58"}, {"name": "CC_DITH5_MODE[0]", "offset": "0x44"}, {"name": "CC_DITH5_MODE[1]", "offset": "0x48"}, {"name": "CC_DITH5_MODE[2]", "offset": "0x4c"}, {"name": "CC_DITH5_MODE[3]", "offset": "0x50"}, {"name": "CC_DITH5_MODE[4]", "offset": "0x54"}, {"name": "CC_DITH5_MODE[5]", "offset": "0x58"}, {"name": "CC_DITH6_MODE[0]", "offset": "0x44"}, {"name": "CC_DITH6_MODE[1]", "offset": "0x48"}, {"name": "CC_DITH6_MODE[2]", "offset": "0x4c"}, {"name": "CC_DITH6_MODE[3]", "offset": "0x50"}, {"name": "CC_DITH6_MODE[4]", "offset": "0x54"}, {"name": "CC_DITH6_MODE[5]", "offset": "0x58"}, {"name": "CCBUF[0]", "offset": "0x70"}, {"name": "CCBUF[1]", "offset": "0x74"}, {"name": "CCBUF[2]", "offset": "0x78"}, {"name": "CCBUF[3]", "offset": "0x7c"}, {"name": "CCBUF[4]", "offset": "0x80"}, {"name": "CCBUF[5]", "offset": "0x84"}, {"name": "CCBUF_DITH4_MODE[0]", "offset": "0x70"}, {"name": "CCBUF_DITH4_MODE[1]", "offset": "0x74"}, {"name": "CCBUF_DITH4_MODE[2]", "offset": "0x78"}, {"name": "CCBUF_DITH4_MODE[3]", "offset": "0x7c"}, {"name": "CCBUF_DITH4_MODE[4]", "offset": "0x80"}, {"name": "CCBUF_DITH4_MODE[5]", "offset": "0x84"}, {"name": "CCBUF_DITH5_MODE[0]", "offset": "0x70"}, {"name": "CCBUF_DITH5_MODE[1]", "offset": "0x74"}, {"name": "CCBUF_DITH5_MODE[2]", "offset": "0x78"}, {"name": "CCBUF_DITH5_MODE[3]", "offset": "0x7c"}, {"name": "CCBUF_DITH5_MODE[4]", "offset": "0x80"}, {"name": "CCBUF_DITH5_MODE[5]", "offset": "0x84"}, {"name": "CCBUF_DITH6_MODE[0]", "offset": "0x70"}, {"name": "CCBUF_DITH6_MODE[1]", "offset": "0x74"}, {"name": "CCBUF_DITH6_MODE[2]", "offset": "0x78"}, {"name": "CCBUF_DITH6_MODE[3]", "offset": "0x7c"}, {"name": "CCBUF_DITH6_MODE[4]", "offset": "0x80"}, {"name": "CCBUF_DITH6_MODE[5]", "offset": "0x84"}]}, {"name": "TCC3", "start": "0x42001000", "end": "0x42001087", "size": "0x88", "comment": "", "registers": [{"name": "CTRLA", "offset": "0x0"}, {"name": "CTRLBCLR", "offset": "0x4", "size": "0x8"}, {"name": "CTRLBSET", "offset": "0x5", "size": "0x8"}, {"name": "SYNCBUSY", "offset": "0x8"}, {"name": "FCTRLA", "offset": "0xc"}, {"name": "FCTRLB", "offset": "0x10"}, {"name": "WEXCTRL", "offset": "0x14"}, {"name": "DRVCTRL", "offset": "0x18"}, {"name": "DBGCTRL", "offset": "0x1e", "size": "0x8"}, {"name": "EVCTRL", "offset": "0x20"}, {"name": "INTENCLR", "offset": "0x24"}, {"name": "INTENSET", "offset": "0x28"}, {"name": "INTFLAG", "offset": "0x2c"}, {"name": "STATUS", "offset": "0x30"}, {"name": "COUNT", "offset": "0x34"}, {"name": "COUNT_DITH4_MODE", "offset": "0x34"}, {"name": "COUNT_DITH5_MODE", "offset": "0x34"}, {"name": "COUNT_DITH6_MODE", "offset": "0x34"}, {"name": "PATT", "offset": "0x38", "size": "0x10"}, {"name": "WAVE", "offset": "0x3c"}, {"name": "PER", "offset": "0x40"}, {"name": "PER_DITH4_MODE", "offset": "0x40"}, {"name": "PER_DITH5_MODE", "offset": "0x40"}, {"name": "PER_DITH6_MODE", "offset": "0x40"}, {"name": "PATTBUF", "offset": "0x64", "size": "0x10"}, {"name": "PERBUF", "offset": "0x6c"}, {"name": "PERBUF_DITH4_MODE", "offset": "0x6c"}, {"name": "PERBUF_DITH5_MODE", "offset": "0x6c"}, {"name": "PERBUF_DITH6_MODE", "offset": "0x6c"}, {"name": "CC[0]", "offset": "0x44"}, {"name": "CC[1]", "offset": "0x48"}, {"name": "CC[2]", "offset": "0x4c"}, {"name": "CC[3]", "offset": "0x50"}, {"name": "CC[4]", "offset": "0x54"}, {"name": "CC[5]", "offset": "0x58"}, {"name": "CC_DITH4_MODE[0]", "offset": "0x44"}, {"name": "CC_DITH4_MODE[1]", "offset": "0x48"}, {"name": "CC_DITH4_MODE[2]", "offset": "0x4c"}, {"name": "CC_DITH4_MODE[3]", "offset": "0x50"}, {"name": "CC_DITH4_MODE[4]", "offset": "0x54"}, {"name": "CC_DITH4_MODE[5]", "offset": "0x58"}, {"name": "CC_DITH5_MODE[0]", "offset": "0x44"}, {"name": "CC_DITH5_MODE[1]", "offset": "0x48"}, {"name": "CC_DITH5_MODE[2]", "offset": "0x4c"}, {"name": "CC_DITH5_MODE[3]", "offset": "0x50"}, {"name": "CC_DITH5_MODE[4]", "offset": "0x54"}, {"name": "CC_DITH5_MODE[5]", "offset": "0x58"}, {"name": "CC_DITH6_MODE[0]", "offset": "0x44"}, {"name": "CC_DITH6_MODE[1]", "offset": "0x48"}, {"name": "CC_DITH6_MODE[2]", "offset": "0x4c"}, {"name": "CC_DITH6_MODE[3]", "offset": "0x50"}, {"name": "CC_DITH6_MODE[4]", "offset": "0x54"}, {"name": "CC_DITH6_MODE[5]", "offset": "0x58"}, {"name": "CCBUF[0]", "offset": "0x70"}, {"name": "CCBUF[1]", "offset": "0x74"}, {"name": "CCBUF[2]", "offset": "0x78"}, {"name": "CCBUF[3]", "offset": "0x7c"}, {"name": "CCBUF[4]", "offset": "0x80"}, {"name": "CCBUF[5]", "offset": "0x84"}, {"name": "CCBUF_DITH4_MODE[0]", "offset": "0x70"}, {"name": "CCBUF_DITH4_MODE[1]", "offset": "0x74"}, {"name": "CCBUF_DITH4_MODE[2]", "offset": "0x78"}, {"name": "CCBUF_DITH4_MODE[3]", "offset": "0x7c"}, {"name": "CCBUF_DITH4_MODE[4]", "offset": "0x80"}, {"name": "CCBUF_DITH4_MODE[5]", "offset": "0x84"}, {"name": "CCBUF_DITH5_MODE[0]", "offset": "0x70"}, {"name": "CCBUF_DITH5_MODE[1]", "offset": "0x74"}, {"name": "CCBUF_DITH5_MODE[2]", "offset": "0x78"}, {"name": "CCBUF_DITH5_MODE[3]", "offset": "0x7c"}, {"name": "CCBUF_DITH5_MODE[4]", "offset": "0x80"}, {"name": "CCBUF_DITH5_MODE[5]", "offset": "0x84"}, {"name": "CCBUF_DITH6_MODE[0]", "offset": "0x70"}, {"name": "CCBUF_DITH6_MODE[1]", "offset": "0x74"}, {"name": "CCBUF_DITH6_MODE[2]", "offset": "0x78"}, {"name": "CCBUF_DITH6_MODE[3]", "offset": "0x7c"}, {"name": "CCBUF_DITH6_MODE[4]", "offset": "0x80"}, {"name": "CCBUF_DITH6_MODE[5]", "offset": "0x84"}]}, {"name": "TCC4", "start": "0x43001000", "end": "0x43001087", "size": "0x88", "comment": "", "registers": [{"name": "CTRLA", "offset": "0x0"}, {"name": "CTRLBCLR", "offset": "0x4", "size": "0x8"}, {"name": "CTRLBSET", "offset": "0x5", "size": "0x8"}, {"name": "SYNCBUSY", "offset": "0x8"}, {"name": "FCTRLA", "offset": "0xc"}, {"name": "FCTRLB", "offset": "0x10"}, {"name": "WEXCTRL", "offset": "0x14"}, {"name": "DRVCTRL", "offset": "0x18"}, {"name": "DBGCTRL", "offset": "0x1e", "size": "0x8"}, {"name": "EVCTRL", "offset": "0x20"}, {"name": "INTENCLR", "offset": "0x24"}, {"name": "INTENSET", "offset": "0x28"}, {"name": "INTFLAG", "offset": "0x2c"}, {"name": "STATUS", "offset": "0x30"}, {"name": "COUNT", "offset": "0x34"}, {"name": "COUNT_DITH4_MODE", "offset": "0x34"}, {"name": "COUNT_DITH5_MODE", "offset": "0x34"}, {"name": "COUNT_DITH6_MODE", "offset": "0x34"}, {"name": "PATT", "offset": "0x38", "size": "0x10"}, {"name": "WAVE", "offset": "0x3c"}, {"name": "PER", "offset": "0x40"}, {"name": "PER_DITH4_MODE", "offset": "0x40"}, {"name": "PER_DITH5_MODE", "offset": "0x40"}, {"name": "PER_DITH6_MODE", "offset": "0x40"}, {"name": "PATTBUF", "offset": "0x64", "size": "0x10"}, {"name": "PERBUF", "offset": "0x6c"}, {"name": "PERBUF_DITH4_MODE", "offset": "0x6c"}, {"name": "PERBUF_DITH5_MODE", "offset": "0x6c"}, {"name": "PERBUF_DITH6_MODE", "offset": "0x6c"}, {"name": "CC[0]", "offset": "0x44"}, {"name": "CC[1]", "offset": "0x48"}, {"name": "CC[2]", "offset": "0x4c"}, {"name": "CC[3]", "offset": "0x50"}, {"name": "CC[4]", "offset": "0x54"}, {"name": "CC[5]", "offset": "0x58"}, {"name": "CC_DITH4_MODE[0]", "offset": "0x44"}, {"name": "CC_DITH4_MODE[1]", "offset": "0x48"}, {"name": "CC_DITH4_MODE[2]", "offset": "0x4c"}, {"name": "CC_DITH4_MODE[3]", "offset": "0x50"}, {"name": "CC_DITH4_MODE[4]", "offset": "0x54"}, {"name": "CC_DITH4_MODE[5]", "offset": "0x58"}, {"name": "CC_DITH5_MODE[0]", "offset": "0x44"}, {"name": "CC_DITH5_MODE[1]", "offset": "0x48"}, {"name": "CC_DITH5_MODE[2]", "offset": "0x4c"}, {"name": "CC_DITH5_MODE[3]", "offset": "0x50"}, {"name": "CC_DITH5_MODE[4]", "offset": "0x54"}, {"name": "CC_DITH5_MODE[5]", "offset": "0x58"}, {"name": "CC_DITH6_MODE[0]", "offset": "0x44"}, {"name": "CC_DITH6_MODE[1]", "offset": "0x48"}, {"name": "CC_DITH6_MODE[2]", "offset": "0x4c"}, {"name": "CC_DITH6_MODE[3]", "offset": "0x50"}, {"name": "CC_DITH6_MODE[4]", "offset": "0x54"}, {"name": "CC_DITH6_MODE[5]", "offset": "0x58"}, {"name": "CCBUF[0]", "offset": "0x70"}, {"name": "CCBUF[1]", "offset": "0x74"}, {"name": "CCBUF[2]", "offset": "0x78"}, {"name": "CCBUF[3]", "offset": "0x7c"}, {"name": "CCBUF[4]", "offset": "0x80"}, {"name": "CCBUF[5]", "offset": "0x84"}, {"name": "CCBUF_DITH4_MODE[0]", "offset": "0x70"}, {"name": "CCBUF_DITH4_MODE[1]", "offset": "0x74"}, {"name": "CCBUF_DITH4_MODE[2]", "offset": "0x78"}, {"name": "CCBUF_DITH4_MODE[3]", "offset": "0x7c"}, {"name": "CCBUF_DITH4_MODE[4]", "offset": "0x80"}, {"name": "CCBUF_DITH4_MODE[5]", "offset": "0x84"}, {"name": "CCBUF_DITH5_MODE[0]", "offset": "0x70"}, {"name": "CCBUF_DITH5_MODE[1]", "offset": "0x74"}, {"name": "CCBUF_DITH5_MODE[2]", "offset": "0x78"}, {"name": "CCBUF_DITH5_MODE[3]", "offset": "0x7c"}, {"name": "CCBUF_DITH5_MODE[4]", "offset": "0x80"}, {"name": "CCBUF_DITH5_MODE[5]", "offset": "0x84"}, {"name": "CCBUF_DITH6_MODE[0]", "offset": "0x70"}, {"name": "CCBUF_DITH6_MODE[1]", "offset": "0x74"}, {"name": "CCBUF_DITH6_MODE[2]", "offset": "0x78"}, {"name": "CCBUF_DITH6_MODE[3]", "offset": "0x7c"}, {"name": "CCBUF_DITH6_MODE[4]", "offset": "0x80"}, {"name": "CCBUF_DITH6_MODE[5]", "offset": "0x84"}]}, {"name": "TRNG", "start": "0x42002800", "end": "0x42002823", "size": "0x24", "comment": "", "registers": [{"name": "CTRLA", "offset": "0x0", "size": "0x8"}, {"name": "EVCTRL", "offset": "0x4", "size": "0x8"}, {"name": "INTENCLR", "offset": "0x8", "size": "0x8"}, {"name": "INTENSET", "offset": "0x9", "size": "0x8"}, {"name": "INTFLAG", "offset": "0xa", "size": "0x8"}, {"name": "DATA", "offset": "0x20"}]}, {"name": "USB", "start": "0x41000000", "end": "0x410001ff", "size": "0x200", "comment": "", "registers": []}, {"name": "WDT", "start": "0x40002000", "end": "0x4000200c", "size": "0xd", "comment": "", "registers": [{"name": "CTRLA", "offset": "0x0", "size": "0x8"}, {"name": "CONFIG", "offset": "0x1", "size": "0x8"}, {"name": "EWCTRL", "offset": "0x2", "size": "0x8"}, {"name": "INTENCLR", "offset": "0x4", "size": "0x8"}, {"name": "INTENSET", "offset": "0x5", "size": "0x8"}, {"name": "INTFLAG", "offset": "0x6", "size": "0x8"}, {"name": "SYNCBUSY", "offset": "0x8"}, {"name": "CLEAR", "offset": "0xc", "size": "0x8"}]}, {"name": "CoreDebug", "start": "0xe000edf0", "end": "0xe000edff", "size": "0x10", "comment": "", "registers": [{"name": "DHCSR", "offset": "0x0"}, {"name": "DCRSR", "offset": "0x4"}, {"name": "DCRDR", "offset": "0x8"}, {"name": "DEMCR", "offset": "0xc"}]}, {"name": "DWT", "start": "0xe0001000", "end": "0xe000105b", "size": "0x5c", "comment": "", "registers": [{"name": "CTRL", "offset": "0x0"}, {"name": "CYCCNT", "offset": "0x4"}, {"name": "CPICNT", "offset": "0x8"}, {"name": "EXCCNT", "offset": "0xc"}, {"name": "SLEEPCNT", "offset": "0x10"}, {"name": "LSUCNT", "offset": "0x14"}, {"name": "FOLDCNT", "offset": "0x18"}, {"name": "PCSR", "offset": "0x1c"}, {"name": "COMP0", "offset": "0x20"}, {"name": "MASK0", "offset": "0x24"}, {"name": "FUNCTION0", "offset": "0x28"}, {"name": "COMP1", "offset": "0x30"}, {"name": "MASK1", "offset": "0x34"}, {"name": "FUNCTION1", "offset": "0x38"}, {"name": "COMP2", "offset": "0x40"}, {"name": "MASK2", "offset": "0x44"}, {"name": "FUNCTION2", "offset": "0x48"}, {"name": "COMP3", "offset": "0x50"}, {"name": "MASK3", "offset": "0x54"}, {"name": "FUNCTION3", "offset": "0x58"}]}, {"name": "ETM", "start": "0xe0041000", "end": "0xe0041fff", "size": "0x1000", "comment": "", "registers": [{"name": "CR", "offset": "0x0"}, {"name": "CCR", "offset": "0x4"}, {"name": "TRIGGER", "offset": "0x8"}, {"name": "SR", "offset": "0x10"}, {"name": "SCR", "offset": "0x14"}, {"name": "TEEVR", "offset": "0x20"}, {"name": "TECR1", "offset": "0x24"}, {"name": "FFLR", "offset": "0x28"}, {"name": "CNTRLDVR1", "offset": "0x140"}, {"name": "SYNCFR", "offset": "0x1e0"}, {"name": "IDR", "offset": "0x1e4"}, {"name": "CCER", "offset": "0x1e8"}, {"name": "TESSEICR", "offset": "0x1f0"}, {"name": "TSEVT", "offset": "0x1f8"}, {"name": "TRACEIDR", "offset": "0x200"}, {"name": "IDR2", "offset": "0x208"}, {"name": "PDSR", "offset": "0x314"}, {"name": "ITMISCIN", "offset": "0xee0"}, {"name": "ITTRIGOUT", "offset": "0xee8"}, {"name": "ITATBCTR2", "offset": "0xef0"}, {"name": "ITATBCTR0", "offset": "0xef8"}, {"name": "ITCTRL", "offset": "0xf00"}, {"name": "CLAIMSET", "offset": "0xfa0"}, {"name": "CLAIMCLR", "offset": "0xfa4"}, {"name": "LAR", "offset": "0xfb0"}, {"name": "LSR", "offset": "0xfb4"}, {"name": "AUTHSTATUS", "offset": "0xfb8"}, {"name": "DEVTYPE", "offset": "0xfcc"}, {"name": "PIDR4", "offset": "0xfd0"}, {"name": "PIDR5", "offset": "0xfd4"}, {"name": "PIDR6", "offset": "0xfd8"}, {"name": "PIDR7", "offset": "0xfdc"}, {"name": "PIDR0", "offset": "0xfe0"}, {"name": "PIDR1", "offset": "0xfe4"}, {"name": "PIDR2", "offset": "0xfe8"}, {"name": "PIDR3", "offset": "0xfec"}, {"name": "CIDR0", "offset": "0xff0"}, {"name": "CIDR1", "offset": "0xff4"}, {"name": "CIDR2", "offset": "0xff8"}, {"name": "CIDR3", "offset": "0xffc"}]}, {"name": "FPU", "start": "0xe000ef30", "end": "0xe000ef47", "size": "0x18", "comment": "", "registers": [{"name": "FPCCR", "offset": "0x4"}, {"name": "FPCAR", "offset": "0x8"}, {"name": "FPDSCR", "offset": "0xc"}, {"name": "MVFR0", "offset": "0x10"}, {"name": "MVFR1", "offset": "0x14"}]}, {"name": "ITM", "start": "0xe0000000", "end": "0xe0000eff", "size": "0xf00", "comment": "", "registers": [{"name": "TER", "offset": "0xe00"}, {"name": "TPR", "offset": "0xe40"}, {"name": "TCR", "offset": "0xe80"}, {"name": "IWR", "offset": "0xef8"}, {"name": "IRR", "offset": "0xefc"}, {"name": "PORT_WORD_MODE[0]", "offset": "0x0"}, {"name": "PORT_WORD_MODE[1]", "offset": "0x4"}, {"name": "PORT_WORD_MODE[2]", "offset": "0x8"}, {"name": "PORT_WORD_MODE[3]", "offset": "0xc"}, {"name": "PORT_WORD_MODE[4]", "offset": "0x10"}, {"name": "PORT_WORD_MODE[5]", "offset": "0x14"}, {"name": "PORT_WORD_MODE[6]", "offset": "0x18"}, {"name": "PORT_WORD_MODE[7]", "offset": "0x1c"}, {"name": "PORT_WORD_MODE[8]", "offset": "0x20"}, {"name": "PORT_WORD_MODE[9]", "offset": "0x24"}, {"name": "PORT_WORD_MODE[10]", "offset": "0x28"}, {"name": "PORT_WORD_MODE[11]", "offset": "0x2c"}, {"name": "PORT_WORD_MODE[12]", "offset": "0x30"}, {"name": "PORT_WORD_MODE[13]", "offset": "0x34"}, {"name": "PORT_WORD_MODE[14]", "offset": "0x38"}, {"name": "PORT_WORD_MODE[15]", "offset": "0x3c"}, {"name": "PORT_WORD_MODE[16]", "offset": "0x40"}, {"name": "PORT_WORD_MODE[17]", "offset": "0x44"}, {"name": "PORT_WORD_MODE[18]", "offset": "0x48"}, {"name": "PORT_WORD_MODE[19]", "offset": "0x4c"}, {"name": "PORT_WORD_MODE[20]", "offset": "0x50"}, {"name": "PORT_WORD_MODE[21]", "offset": "0x54"}, {"name": "PORT_WORD_MODE[22]", "offset": "0x58"}, {"name": "PORT_WORD_MODE[23]", "offset": "0x5c"}, {"name": "PORT_WORD_MODE[24]", "offset": "0x60"}, {"name": "PORT_WORD_MODE[25]", "offset": "0x64"}, {"name": "PORT_WORD_MODE[26]", "offset": "0x68"}, {"name": "PORT_WORD_MODE[27]", "offset": "0x6c"}, {"name": "PORT_WORD_MODE[28]", "offset": "0x70"}, {"name": "PORT_WORD_MODE[29]", "offset": "0x74"}, {"name": "PORT_WORD_MODE[30]", "offset": "0x78"}, {"name": "PORT_WORD_MODE[31]", "offset": "0x7c"}, {"name": "PORT_BYTE_MODE[0]", "offset": "0x0"}, {"name": "PORT_BYTE_MODE[1]", "offset": "0x4"}, {"name": "PORT_BYTE_MODE[2]", "offset": "0x8"}, {"name": "PORT_BYTE_MODE[3]", "offset": "0xc"}, {"name": "PORT_BYTE_MODE[4]", "offset": "0x10"}, {"name": "PORT_BYTE_MODE[5]", "offset": "0x14"}, {"name": "PORT_BYTE_MODE[6]", "offset": "0x18"}, {"name": "PORT_BYTE_MODE[7]", "offset": "0x1c"}, {"name": "PORT_BYTE_MODE[8]", "offset": "0x20"}, {"name": "PORT_BYTE_MODE[9]", "offset": "0x24"}, {"name": "PORT_BYTE_MODE[10]", "offset": "0x28"}, {"name": "PORT_BYTE_MODE[11]", "offset": "0x2c"}, {"name": "PORT_BYTE_MODE[12]", "offset": "0x30"}, {"name": "PORT_BYTE_MODE[13]", "offset": "0x34"}, {"name": "PORT_BYTE_MODE[14]", "offset": "0x38"}, {"name": "PORT_BYTE_MODE[15]", "offset": "0x3c"}, {"name": "PORT_BYTE_MODE[16]", "offset": "0x40"}, {"name": "PORT_BYTE_MODE[17]", "offset": "0x44"}, {"name": "PORT_BYTE_MODE[18]", "offset": "0x48"}, {"name": "PORT_BYTE_MODE[19]", "offset": "0x4c"}, {"name": "PORT_BYTE_MODE[20]", "offset": "0x50"}, {"name": "PORT_BYTE_MODE[21]", "offset": "0x54"}, {"name": "PORT_BYTE_MODE[22]", "offset": "0x58"}, {"name": "PORT_BYTE_MODE[23]", "offset": "0x5c"}, {"name": "PORT_BYTE_MODE[24]", "offset": "0x60"}, {"name": "PORT_BYTE_MODE[25]", "offset": "0x64"}, {"name": "PORT_BYTE_MODE[26]", "offset": "0x68"}, {"name": "PORT_BYTE_MODE[27]", "offset": "0x6c"}, {"name": "PORT_BYTE_MODE[28]", "offset": "0x70"}, {"name": "PORT_BYTE_MODE[29]", "offset": "0x74"}, {"name": "PORT_BYTE_MODE[30]", "offset": "0x78"}, {"name": "PORT_BYTE_MODE[31]", "offset": "0x7c"}, {"name": "PORT_HWORD_MODE[0]", "offset": "0x0"}, {"name": "PORT_HWORD_MODE[1]", "offset": "0x4"}, {"name": "PORT_HWORD_MODE[2]", "offset": "0x8"}, {"name": "PORT_HWORD_MODE[3]", "offset": "0xc"}, {"name": "PORT_HWORD_MODE[4]", "offset": "0x10"}, {"name": "PORT_HWORD_MODE[5]", "offset": "0x14"}, {"name": "PORT_HWORD_MODE[6]", "offset": "0x18"}, {"name": "PORT_HWORD_MODE[7]", "offset": "0x1c"}, {"name": "PORT_HWORD_MODE[8]", "offset": "0x20"}, {"name": "PORT_HWORD_MODE[9]", "offset": "0x24"}, {"name": "PORT_HWORD_MODE[10]", "offset": "0x28"}, {"name": "PORT_HWORD_MODE[11]", "offset": "0x2c"}, {"name": "PORT_HWORD_MODE[12]", "offset": "0x30"}, {"name": "PORT_HWORD_MODE[13]", "offset": "0x34"}, {"name": "PORT_HWORD_MODE[14]", "offset": "0x38"}, {"name": "PORT_HWORD_MODE[15]", "offset": "0x3c"}, {"name": "PORT_HWORD_MODE[16]", "offset": "0x40"}, {"name": "PORT_HWORD_MODE[17]", "offset": "0x44"}, {"name": "PORT_HWORD_MODE[18]", "offset": "0x48"}, {"name": "PORT_HWORD_MODE[19]", "offset": "0x4c"}, {"name": "PORT_HWORD_MODE[20]", "offset": "0x50"}, {"name": "PORT_HWORD_MODE[21]", "offset": "0x54"}, {"name": "PORT_HWORD_MODE[22]", "offset": "0x58"}, {"name": "PORT_HWORD_MODE[23]", "offset": "0x5c"}, {"name": "PORT_HWORD_MODE[24]", "offset": "0x60"}, {"name": "PORT_HWORD_MODE[25]", "offset": "0x64"}, {"name": "PORT_HWORD_MODE[26]", "offset": "0x68"}, {"name": "PORT_HWORD_MODE[27]", "offset": "0x6c"}, {"name": "PORT_HWORD_MODE[28]", "offset": "0x70"}, {"name": "PORT_HWORD_MODE[29]", "offset": "0x74"}, {"name": "PORT_HWORD_MODE[30]", "offset": "0x78"}, {"name": "PORT_HWORD_MODE[31]", "offset": "0x7c"}]}, {"name": "MPU", "start": "0xe000ed90", "end": "0xe000edbb", "size": "0x2c", "comment": "", "registers": [{"name": "TYPE", "offset": "0x0"}, {"name": "CTRL", "offset": "0x4"}, {"name": "RNR", "offset": "0x8"}, {"name": "RBAR", "offset": "0xc"}, {"name": "RASR", "offset": "0x10"}, {"name": "RBAR_A1", "offset": "0x14"}, {"name": "RASR_A1", "offset": "0x18"}, {"name": "RBAR_A2", "offset": "0x1c"}, {"name": "RASR_A2", "offset": "0x20"}, {"name": "RBAR_A3", "offset": "0x24"}, {"name": "RASR_A3", "offset": "0x28"}]}, {"name": "NVIC", "start": "0xe000e100", "end": "0xe000ef03", "size": "0xe04", "comment": "", "registers": [{"name": "STIR", "offset": "0xe00"}, {"name": "ISER[0]", "offset": "0x0"}, {"name": "ISER[1]", "offset": "0x4"}, {"name": "ISER[2]", "offset": "0x8"}, {"name": "ISER[3]", "offset": "0xc"}, {"name": "ISER[4]", "offset": "0x10"}, {"name": "ICER[0]", "offset": "0x80"}, {"name": "ICER[1]", "offset": "0x84"}, {"name": "ICER[2]", "offset": "0x88"}, {"name": "ICER[3]", "offset": "0x8c"}, {"name": "ICER[4]", "offset": "0x90"}, {"name": "ISPR[0]", "offset": "0x100"}, {"name": "ISPR[1]", "offset": "0x104"}, {"name": "ISPR[2]", "offset": "0x108"}, {"name": "ISPR[3]", "offset": "0x10c"}, {"name": "ISPR[4]", "offset": "0x110"}, {"name": "ICPR[0]", "offset": "0x180"}, {"name": "ICPR[1]", "offset": "0x184"}, {"name": "ICPR[2]", "offset": "0x188"}, {"name": "ICPR[3]", "offset": "0x18c"}, {"name": "ICPR[4]", "offset": "0x190"}, {"name": "IABR[0]", "offset": "0x200"}, {"name": "IABR[1]", "offset": "0x204"}, {"name": "IABR[2]", "offset": "0x208"}, {"name": "IABR[3]", "offset": "0x20c"}, {"name": "IABR[4]", "offset": "0x210"}, {"name": "IP[0]", "offset": "0x300", "size": "0x8"}, {"name": "IP[1]", "offset": "0x301", "size": "0x8"}, {"name": "IP[2]", "offset": "0x302", "size": "0x8"}, {"name": "IP[3]", "offset": "0x303", "size": "0x8"}, {"name": "IP[4]", "offset": "0x304", "size": "0x8"}, {"name": "IP[5]", "offset": "0x305", "size": "0x8"}, {"name": "IP[6]", "offset": "0x306", "size": "0x8"}, {"name": "IP[7]", "offset": "0x307", "size": "0x8"}, {"name": "IP[8]", "offset": "0x308", "size": "0x8"}, {"name": "IP[9]", "offset": "0x309", "size": "0x8"}, {"name": "IP[10]", "offset": "0x30a", "size": "0x8"}, {"name": "IP[11]", "offset": "0x30b", "size": "0x8"}, {"name": "IP[12]", "offset": "0x30c", "size": "0x8"}, {"name": "IP[13]", "offset": "0x30d", "size": "0x8"}, {"name": "IP[14]", "offset": "0x30e", "size": "0x8"}, {"name": "IP[15]", "offset": "0x30f", "size": "0x8"}, {"name": "IP[16]", "offset": "0x310", "size": "0x8"}, {"name": "IP[17]", "offset": "0x311", "size": "0x8"}, {"name": "IP[18]", "offset": "0x312", "size": "0x8"}, {"name": "IP[19]", "offset": "0x313", "size": "0x8"}, {"name": "IP[20]", "offset": "0x314", "size": "0x8"}, {"name": "IP[21]", "offset": "0x315", "size": "0x8"}, {"name": "IP[22]", "offset": "0x316", "size": "0x8"}, {"name": "IP[23]", "offset": "0x317", "size": "0x8"}, {"name": "IP[24]", "offset": "0x318", "size": "0x8"}, {"name": "IP[25]", "offset": "0x319", "size": "0x8"}, {"name": "IP[26]", "offset": "0x31a", "size": "0x8"}, {"name": "IP[27]", "offset": "0x31b", "size": "0x8"}, {"name": "IP[28]", "offset": "0x31c", "size": "0x8"}, {"name": "IP[29]", "offset": "0x31d", "size": "0x8"}, {"name": "IP[30]", "offset": "0x31e", "size": "0x8"}, {"name": "IP[31]", "offset": "0x31f", "size": "0x8"}, {"name": "IP[32]", "offset": "0x320", "size": "0x8"}, {"name": "IP[33]", "offset": "0x321", "size": "0x8"}, {"name": "IP[34]", "offset": "0x322", "size": "0x8"}]}, {"name": "SysTick", "start": "0xe000e010", "end": "0xe000e01f", "size": "0x10", "comment": "", "registers": [{"name": "CSR", "offset": "0x0"}, {"name": "RVR", "offset": "0x4"}, {"name": "CVR", "offset": "0x8"}, {"name": "CALIB", "offset": "0xc"}]}, {"name": "SystemControl", "start": "0xe000e000", "end": "0xe000ed8b", "size": "0xd8c", "comment": "", "registers": [{"name": "ICTR", "offset": "0x4"}, {"name": "ACTLR", "offset": "0x8"}, {"name": "CPUID", "offset": "0xd00"}, {"name": "ICSR", "offset": "0xd04"}, {"name": "VTOR", "offset": "0xd08"}, {"name": "AIRCR", "offset": "0xd0c"}, {"name": "SCR", "offset": "0xd10"}, {"name": "CCR", "offset": "0xd14"}, {"name": "SHPR1", "offset": "0xd18"}, {"name": "SHPR2", "offset": "0xd1c"}, {"name": "SHPR3", "offset": "0xd20"}, {"name": "SHCSR", "offset": "0xd24"}, {"name": "CFSR", "offset": "0xd28"}, {"name": "HFSR", "offset": "0xd2c"}, {"name": "DFSR", "offset": "0xd30"}, {"name": "MMFAR", "offset": "0xd34"}, {"name": "BFAR", "offset": "0xd38"}, {"name": "AFSR", "offset": "0xd3c"}, {"name": "DFR", "offset": "0xd48"}, {"name": "ADR", "offset": "0xd4c"}, {"name": "CPACR", "offset": "0xd88"}, {"name": "PFR[0]", "offset": "0xd40"}, {"name": "PFR[1]", "offset": "0xd44"}, {"name": "MMFR[0]", "offset": "0xd50"}, {"name": "MMFR[1]", "offset": "0xd54"}, {"name": "MMFR[2]", "offset": "0xd58"}, {"name": "MMFR[3]", "offset": "0xd5c"}, {"name": "ISAR[0]", "offset": "0xd60"}, {"name": "ISAR[1]", "offset": "0xd64"}, {"name": "ISAR[2]", "offset": "0xd68"}, {"name": "ISAR[3]", "offset": "0xd6c"}, {"name": "ISAR[4]", "offset": "0xd70"}]}, {"name": "TPI", "start": "0xe0040000", "end": "0xe0040fcf", "size": "0xfd0", "comment": "", "registers": [{"name": "SSPSR", "offset": "0x0"}, {"name": "CSPSR", "offset": "0x4"}, {"name": "ACPR", "offset": "0x10"}, {"name": "SPPR", "offset": "0xf0"}, {"name": "FFSR", "offset": "0x300"}, {"name": "FFCR", "offset": "0x304"}, {"name": "FSCR", "offset": "0x308"}, {"name": "TRIGGER", "offset": "0xee8"}, {"name": "FIFO0", "offset": "0xeec"}, {"name": "ITATBCTR2", "offset": "0xef0"}, {"name": "ITATBCTR0", "offset": "0xef8"}, {"name": "FIFO1", "offset": "0xefc"}, {"name": "ITCTRL", "offset": "0xf00"}, {"name": "CLAIMSET", "offset": "0xfa0"}, {"name": "CLAIMCLR", "offset": "0xfa4"}, {"name": "DEVID", "offset": "0xfc8"}, {"name": "DEVTYPE", "offset": "0xfcc"}]}], "vector_table": [{"name": "StackPointer_Value", "value": -1, "addr": "0x0", "comment": "Stack pointer initial value"}, {"name": "Reset", "value": -1, "addr": "0x4", "comment": "Priority: -3"}, {"name": "NMI", "value": -1, "addr": "0x8", "comment": "Priority: -2"}, {"name": "HardFault", "value": -1, "addr": "0xc", "comment": "Priority: -1"}, {"name": "SVCall", "value": -1, "addr": "0x2c", "comment": "Priority: 3"}, {"name": "PendSV", "value": -1, "addr": "0x38", "comment": "Priority: 5"}, {"name": "SysTick", "value": -1, "addr": "0x3c", "comment": "Priority: 6"}, {"name": "PM", "value": 0, "comment": "", "addr": "0x40"}, {"name": "MCLK", "value": 1, "comment": "", "addr": "0x44"}, {"name": "OSCCTRL_XOSC0", "value": 2, "comment": "", "addr": "0x48"}, {"name": "OSCCTRL_XOSC1", "value": 3, "comment": "", "addr": "0x4c"}, {"name": "OSCCTRL_DFLL", "value": 4, "comment": "", "addr": "0x50"}, {"name": "OSCCTRL_DPLL0", "value": 5, "comment": "", "addr": "0x54"}, {"name": "OSCCTRL_DPLL1", "value": 6, "comment": "", "addr": "0x58"}, {"name": "OSC32KCTRL", "value": 7, "comment": "", "addr": "0x5c"}, {"name": "SUPC_OTHER", "value": 8, "comment": "", "addr": "0x60"}, {"name": "SUPC_BODDET", "value": 9, "comment": "", "addr": "0x64"}, {"name": "WDT", "value": 10, "comment": "", "addr": "0x68"}, {"name": "RTC", "value": 11, "comment": "", "addr": "0x6c"}, {"name": "EIC_EXTINT_0", "value": 12, "comment": "", "addr": "0x70"}, {"name": "EIC_EXTINT_1", "value": 13, "comment": "", "addr": "0x74"}, {"name": "EIC_EXTINT_2", "value": 14, "comment": "", "addr": "0x78"}, {"name": "EIC_EXTINT_3", "value": 15, "comment": "", "addr": "0x7c"}, {"name": "EIC_EXTINT_4", "value": 16, "comment": "", "addr": "0x80"}, {"name": "EIC_EXTINT_5", "value": 17, "comment": "", "addr": "0x84"}, {"name": "EIC_EXTINT_6", "value": 18, "comment": "", "addr": "0x88"}, {"name": "EIC_EXTINT_7", "value": 19, "comment": "", "addr": "0x8c"}, {"name": "EIC_EXTINT_8", "value": 20, "comment": "", "addr": "0x90"}, {"name": "EIC_EXTINT_9", "value": 21, "comment": "", "addr": "0x94"}, {"name": "EIC_EXTINT_10", "value": 22, "comment": "", "addr": "0x98"}, {"name": "EIC_EXTINT_11", "value": 23, "comment": "", "addr": "0x9c"}, {"name": "EIC_EXTINT_12", "value": 24, "comment": "", "addr": "0xa0"}, {"name": "EIC_EXTINT_13", "value": 25, "comment": "", "addr": "0xa4"}, {"name": "EIC_EXTINT_14", "value": 26, "comment": "", "addr": "0xa8"}, {"name": "EIC_EXTINT_15", "value": 27, "comment": "", "addr": "0xac"}, {"name": "FREQM", "value": 28, "comment": "", "addr": "0xb0"}, {"name": "NVMCTRL_0", "value": 29, "comment": "", "addr": "0xb4"}, {"name": "NVMCTRL_1", "value": 30, "comment": "", "addr": "0xb8"}, {"name": "DMAC_0", "value": 31, "comment": "", "addr": "0xbc"}, {"name": "DMAC_1", "value": 32, "comment": "", "addr": "0xc0"}, {"name": "DMAC_2", "value": 33, "comment": "", "addr": "0xc4"}, {"name": "DMAC_3", "value": 34, "comment": "", "addr": "0xc8"}, {"name": "DMAC_OTHER", "value": 35, "comment": "", "addr": "0xcc"}, {"name": "EVSYS_0", "value": 36, "comment": "", "addr": "0xd0"}, {"name": "EVSYS_1", "value": 37, "comment": "", "addr": "0xd4"}, {"name": "EVSYS_2", "value": 38, "comment": "", "addr": "0xd8"}, {"name": "EVSYS_3", "value": 39, "comment": "", "addr": "0xdc"}, {"name": "EVSYS_OTHER", "value": 40, "comment": "", "addr": "0xe0"}, {"name": "PAC", "value": 41, "comment": "", "addr": "0xe4"}, {"name": "RAMECC", "value": 45, "comment": "", "addr": "0xf4"}, {"name": "SERCOM0_0", "value": 46, "comment": "", "addr": "0xf8"}, {"name": "SERCOM0_1", "value": 47, "comment": "", "addr": "0xfc"}, {"name": "SERCOM0_2", "value": 48, "comment": "", "addr": "0x100"}, {"name": "SERCOM0_OTHER", "value": 49, "comment": "", "addr": "0x104"}, {"name": "SERCOM1_0", "value": 50, "comment": "", "addr": "0x108"}, {"name": "SERCOM1_1", "value": 51, "comment": "", "addr": "0x10c"}, {"name": "SERCOM1_2", "value": 52, "comment": "", "addr": "0x110"}, {"name": "SERCOM1_OTHER", "value": 53, "comment": "", "addr": "0x114"}, {"name": "SERCOM2_0", "value": 54, "comment": "", "addr": "0x118"}, {"name": "SERCOM2_1", "value": 55, "comment": "", "addr": "0x11c"}, {"name": "SERCOM2_2", "value": 56, "comment": "", "addr": "0x120"}, {"name": "SERCOM2_OTHER", "value": 57, "comment": "", "addr": "0x124"}, {"name": "SERCOM3_0", "value": 58, "comment": "", "addr": "0x128"}, {"name": "SERCOM3_1", "value": 59, "comment": "", "addr": "0x12c"}, {"name": "SERCOM3_2", "value": 60, "comment": "", "addr": "0x130"}, {"name": "SERCOM3_OTHER", "value": 61, "comment": "", "addr": "0x134"}, {"name": "SERCOM4_0", "value": 62, "comment": "", "addr": "0x138"}, {"name": "SERCOM4_1", "value": 63, "comment": "", "addr": "0x13c"}, {"name": "SERCOM4_2", "value": 64, "comment": "", "addr": "0x140"}, {"name": "SERCOM4_OTHER", "value": 65, "comment": "", "addr": "0x144"}, {"name": "SERCOM5_0", "value": 66, "comment": "", "addr": "0x148"}, {"name": "SERCOM5_1", "value": 67, "comment": "", "addr": "0x14c"}, {"name": "SERCOM5_2", "value": 68, "comment": "", "addr": "0x150"}, {"name": "SERCOM5_OTHER", "value": 69, "comment": "", "addr": "0x154"}, {"name": "USB_OTHER", "value": 80, "comment": "", "addr": "0x180"}, {"name": "USB_SOF_HSOF", "value": 81, "comment": "", "addr": "0x184"}, {"name": "USB_TRCPT0", "value": 82, "comment": "", "addr": "0x188"}, {"name": "USB_TRCPT1", "value": 83, "comment": "", "addr": "0x18c"}, {"name": "GMAC", "value": 84, "comment": "", "addr": "0x190"}, {"name": "TCC0_OTHER", "value": 85, "comment": "", "addr": "0x194"}, {"name": "TCC0_MC0", "value": 86, "comment": "", "addr": "0x198"}, {"name": "TCC0_MC1", "value": 87, "comment": "", "addr": "0x19c"}, {"name": "TCC0_MC2", "value": 88, "comment": "", "addr": "0x1a0"}, {"name": "TCC0_MC3", "value": 89, "comment": "", "addr": "0x1a4"}, {"name": "TCC0_MC4", "value": 90, "comment": "", "addr": "0x1a8"}, {"name": "TCC0_MC5", "value": 91, "comment": "", "addr": "0x1ac"}, {"name": "TCC1_OTHER", "value": 92, "comment": "", "addr": "0x1b0"}, {"name": "TCC1_MC0", "value": 93, "comment": "", "addr": "0x1b4"}, {"name": "TCC1_MC1", "value": 94, "comment": "", "addr": "0x1b8"}, {"name": "TCC1_MC2", "value": 95, "comment": "", "addr": "0x1bc"}, {"name": "TCC1_MC3", "value": 96, "comment": "", "addr": "0x1c0"}, {"name": "TCC2_OTHER", "value": 97, "comment": "", "addr": "0x1c4"}, {"name": "TCC2_MC0", "value": 98, "comment": "", "addr": "0x1c8"}, {"name": "TCC2_MC1", "value": 99, "comment": "", "addr": "0x1cc"}, {"name": "TCC2_MC2", "value": 100, "comment": "", "addr": "0x1d0"}, {"name": "TCC3_OTHER", "value": 101, "comment": "", "addr": "0x1d4"}, {"name": "TCC3_MC0", "value": 102, "comment": "", "addr": "0x1d8"}, {"name": "TCC3_MC1", "value": 103, "comment": "", "addr": "0x1dc"}, {"name": "TCC4_OTHER", "value": 104, "comment": "", "addr": "0x1e0"}, {"name": "TCC4_MC0", "value": 105, "comment": "", "addr": "0x1e4"}, {"name": "TCC4_MC1", "value": 106, "comment": "", "addr": "0x1e8"}, {"name": "TC0", "value": 107, "comment": "", "addr": "0x1ec"}, {"name": "TC1", "value": 108, "comment": "", "addr": "0x1f0"}, {"name": "TC2", "value": 109, "comment": "", "addr": "0x1f4"}, {"name": "TC3", "value": 110, "comment": "", "addr": "0x1f8"}, {"name": "TC4", "value": 111, "comment": "", "addr": "0x1fc"}, {"name": "TC5", "value": 112, "comment": "", "addr": "0x200"}, {"name": "PDEC_OTHER", "value": 115, "comment": "", "addr": "0x20c"}, {"name": "PDEC_MC0", "value": 116, "comment": "", "addr": "0x210"}, {"name": "PDEC_MC1", "value": 117, "comment": "", "addr": "0x214"}, {"name": "ADC0_OTHER", "value": 118, "comment": "", "addr": "0x218"}, {"name": "ADC0_RESRDY", "value": 119, "comment": "", "addr": "0x21c"}, {"name": "ADC1_OTHER", "value": 120, "comment": "", "addr": "0x220"}, {"name": "ADC1_RESRDY", "value": 121, "comment": "", "addr": "0x224"}, {"name": "AC", "value": 122, "comment": "", "addr": "0x228"}, {"name": "DAC_OTHER", "value": 123, "comment": "", "addr": "0x22c"}, {"name": "DAC_EMPTY_0", "value": 124, "comment": "", "addr": "0x230"}, {"name": "DAC_EMPTY_1", "value": 125, "comment": "", "addr": "0x234"}, {"name": "DAC_RESRDY_0", "value": 126, "comment": "", "addr": "0x238"}, {"name": "DAC_RESRDY_1", "value": 127, "comment": "", "addr": "0x23c"}, {"name": "I2S", "value": 128, "comment": "", "addr": "0x240"}, {"name": "PCC", "value": 129, "comment": "", "addr": "0x244"}, {"name": "AES", "value": 130, "comment": "", "addr": "0x248"}, {"name": "TRNG", "value": 131, "comment": "", "addr": "0x24c"}, {"name": "ICM", "value": 132, "comment": "", "addr": "0x250"}, {"name": "QSPI", "value": 134, "comment": "", "addr": "0x258"}, {"name": "SDHC0", "value": 135, "comment": "", "addr": "0x25c"}]}