{"brand": "Microchip", "family": "SAMD20", "name": "ATSAMD20G15", "bits": 32, "mode": 1, "segments": [{"name": "SRAM", "start": "0x20000000", "end": "0x20007fff", "size": "0x8000", "type": "DATA"}], "peripherals": [{"name": "AC", "start": "0x42004400", "end": "0x42004421", "size": "0x22", "comment": "", "registers": [{"name": "CTRLA", "offset": "0x0", "size": "0x8"}, {"name": "CTRLB", "offset": "0x1", "size": "0x8"}, {"name": "EVCTRL", "offset": "0x2", "size": "0x10"}, {"name": "INTENCLR", "offset": "0x4", "size": "0x8"}, {"name": "INTENSET", "offset": "0x5", "size": "0x8"}, {"name": "INTFLAG", "offset": "0x6", "size": "0x8"}, {"name": "STATUSA", "offset": "0x8", "size": "0x8"}, {"name": "STATUSB", "offset": "0x9", "size": "0x8"}, {"name": "STATUSC", "offset": "0xa", "size": "0x8"}, {"name": "WINCTRL", "offset": "0xc", "size": "0x8"}, {"name": "COMPCTRL[0]", "offset": "0x10"}, {"name": "COMPCTRL[1]", "offset": "0x14"}, {"name": "SCALER[0]", "offset": "0x20", "size": "0x8"}, {"name": "SCALER[1]", "offset": "0x21", "size": "0x8"}]}, {"name": "ADC", "start": "0x42004000", "end": "0x4200402a", "size": "0x2b", "comment": "", "registers": [{"name": "CTRLA", "offset": "0x0", "size": "0x8"}, {"name": "REFCTRL", "offset": "0x1", "size": "0x8"}, {"name": "AVGCTRL", "offset": "0x2", "size": "0x8"}, {"name": "SAMPCTRL", "offset": "0x3", "size": "0x8"}, {"name": "CTRLB", "offset": "0x4", "size": "0x10"}, {"name": "WINCTRL", "offset": "0x8", "size": "0x8"}, {"name": "SWTRIG", "offset": "0xc", "size": "0x8"}, {"name": "INPUTCTRL", "offset": "0x10"}, {"name": "EVCTRL", "offset": "0x14", "size": "0x8"}, {"name": "INTENCLR", "offset": "0x16", "size": "0x8"}, {"name": "INTENSET", "offset": "0x17", "size": "0x8"}, {"name": "INTFLAG", "offset": "0x18", "size": "0x8"}, {"name": "STATUS", "offset": "0x19", "size": "0x8"}, {"name": "RESULT", "offset": "0x1a", "size": "0x10"}, {"name": "WINLT", "offset": "0x1c", "size": "0x10"}, {"name": "WINUT", "offset": "0x20", "size": "0x10"}, {"name": "GAINCORR", "offset": "0x24", "size": "0x10"}, {"name": "OFFSETCORR", "offset": "0x26", "size": "0x10"}, {"name": "CALIB", "offset": "0x28", "size": "0x10"}, {"name": "DBGCTRL", "offset": "0x2a", "size": "0x8"}]}, {"name": "DAC", "start": "0x42004800", "end": "0x4200480d", "size": "0xe", "comment": "", "registers": [{"name": "CTRLA", "offset": "0x0", "size": "0x8"}, {"name": "CTRLB", "offset": "0x1", "size": "0x8"}, {"name": "EVCTRL", "offset": "0x2", "size": "0x8"}, {"name": "INTENCLR", "offset": "0x4", "size": "0x8"}, {"name": "INTENSET", "offset": "0x5", "size": "0x8"}, {"name": "INTFLAG", "offset": "0x6", "size": "0x8"}, {"name": "STATUS", "offset": "0x7", "size": "0x8"}, {"name": "DATA", "offset": "0x8", "size": "0x10"}, {"name": "DATABUF", "offset": "0xc", "size": "0x10"}]}, {"name": "DSU", "start": "0x41002000", "end": "0x41003fff", "size": "0x2000", "comment": "", "registers": [{"name": "CTRL", "offset": "0x0", "size": "0x8"}, {"name": "STATUSA", "offset": "0x1", "size": "0x8"}, {"name": "STATUSB", "offset": "0x2", "size": "0x8"}, {"name": "ADDR", "offset": "0x4"}, {"name": "LENGTH", "offset": "0x8"}, {"name": "DATA", "offset": "0xc"}, {"name": "DID", "offset": "0x18"}, {"name": "ENTRY0", "offset": "0x1000"}, {"name": "ENTRY1", "offset": "0x1004"}, {"name": "END", "offset": "0x1008"}, {"name": "MEMTYPE", "offset": "0x1fcc"}, {"name": "PID4", "offset": "0x1fd0"}, {"name": "PID5", "offset": "0x1fd4"}, {"name": "PID6", "offset": "0x1fd8"}, {"name": "PID7", "offset": "0x1fdc"}, {"name": "PID0", "offset": "0x1fe0"}, {"name": "PID1", "offset": "0x1fe4"}, {"name": "PID2", "offset": "0x1fe8"}, {"name": "PID3", "offset": "0x1fec"}, {"name": "CID0", "offset": "0x1ff0"}, {"name": "CID1", "offset": "0x1ff4"}, {"name": "CID2", "offset": "0x1ff8"}, {"name": "CID3", "offset": "0x1ffc"}, {"name": "DCC[0]", "offset": "0x10"}, {"name": "DCC[1]", "offset": "0x14"}, {"name": "DCFG[0]", "offset": "0xf0"}, {"name": "DCFG[1]", "offset": "0xf4"}]}, {"name": "EIC", "start": "0x40001800", "end": "0x4000181f", "size": "0x20", "comment": "", "registers": [{"name": "CTRL", "offset": "0x0", "size": "0x8"}, {"name": "STATUS", "offset": "0x1", "size": "0x8"}, {"name": "NMICTRL", "offset": "0x2", "size": "0x8"}, {"name": "NMIFLAG", "offset": "0x3", "size": "0x8"}, {"name": "EVCTRL", "offset": "0x4"}, {"name": "INTENCLR", "offset": "0x8"}, {"name": "INTENSET", "offset": "0xc"}, {"name": "INTFLAG", "offset": "0x10"}, {"name": "WAKEUP", "offset": "0x14"}, {"name": "CONFIG[0]", "offset": "0x18"}, {"name": "CONFIG[1]", "offset": "0x1c"}]}, {"name": "EVSYS", "start": "0x42000400", "end": "0x4200041b", "size": "0x1c", "comment": "", "registers": [{"name": "CTRL", "offset": "0x0", "size": "0x8"}, {"name": "CHANNEL", "offset": "0x4"}, {"name": "USER", "offset": "0x8", "size": "0x10"}, {"name": "CHSTATUS", "offset": "0xc"}, {"name": "INTENCLR", "offset": "0x10"}, {"name": "INTENSET", "offset": "0x14"}, {"name": "INTFLAG", "offset": "0x18"}]}, {"name": "GCLK", "start": "0x40000c00", "end": "0x40000c0b", "size": "0xc", "comment": "", "registers": [{"name": "CTRL", "offset": "0x0", "size": "0x8"}, {"name": "STATUS", "offset": "0x1", "size": "0x8"}, {"name": "CLKCTRL", "offset": "0x2", "size": "0x10"}, {"name": "GENCTRL", "offset": "0x4"}, {"name": "GENDIV", "offset": "0x8"}]}, {"name": "NVMCTRL", "start": "0x41004000", "end": "0x41004021", "size": "0x22", "comment": "", "registers": [{"name": "CTRLA", "offset": "0x0", "size": "0x10"}, {"name": "CTRLB", "offset": "0x4"}, {"name": "PARAM", "offset": "0x8"}, {"name": "INTENCLR", "offset": "0xc", "size": "0x8"}, {"name": "INTENSET", "offset": "0x10", "size": "0x8"}, {"name": "INTFLAG", "offset": "0x14", "size": "0x8"}, {"name": "STATUS", "offset": "0x18", "size": "0x10"}, {"name": "ADDR", "offset": "0x1c"}, {"name": "LOCK", "offset": "0x20", "size": "0x10"}]}, {"name": "PAC0", "start": "0x40000000", "end": "0x40000007", "size": "0x8", "comment": "", "registers": [{"name": "WPCLR", "offset": "0x0"}, {"name": "WPSET", "offset": "0x4"}]}, {"name": "PAC1", "start": "0x41000000", "end": "0x41000007", "size": "0x8", "comment": "", "registers": [{"name": "WPCLR", "offset": "0x0"}, {"name": "WPSET", "offset": "0x4"}]}, {"name": "PAC2", "start": "0x42000000", "end": "0x42000007", "size": "0x8", "comment": "", "registers": [{"name": "WPCLR", "offset": "0x0"}, {"name": "WPSET", "offset": "0x4"}]}, {"name": "PM", "start": "0x40000400", "end": "0x40000438", "size": "0x39", "comment": "", "registers": [{"name": "CTRL", "offset": "0x0", "size": "0x8"}, {"name": "SLEEP", "offset": "0x1", "size": "0x8"}, {"name": "CPUSEL", "offset": "0x8", "size": "0x8"}, {"name": "APBASEL", "offset": "0x9", "size": "0x8"}, {"name": "APBBSEL", "offset": "0xa", "size": "0x8"}, {"name": "APBCSEL", "offset": "0xb", "size": "0x8"}, {"name": "AHBMASK", "offset": "0x14"}, {"name": "APBAMASK", "offset": "0x18"}, {"name": "APBBMASK", "offset": "0x1c"}, {"name": "APBCMASK", "offset": "0x20"}, {"name": "INTENCLR", "offset": "0x34", "size": "0x8"}, {"name": "INTENSET", "offset": "0x35", "size": "0x8"}, {"name": "INTFLAG", "offset": "0x36", "size": "0x8"}, {"name": "RCAUSE", "offset": "0x38", "size": "0x8"}]}, {"name": "PORT", "start": "0x41004400", "end": "0x410044ff", "size": "0x100", "comment": "", "registers": []}, {"name": "PORT_IOBUS", "start": "0x60000000", "end": "0x600000ff", "size": "0x100", "comment": "", "registers": []}, {"name": "PTC", "start": "0x42004c00", "end": "0x42004c00", "size": "0x1", "comment": "", "registers": []}, {"name": "RTC", "start": "0x40001400", "end": "0x4000141c", "size": "0x1d", "comment": "", "registers": []}, {"name": "SERCOM0", "start": "0x42000800", "end": "0x42000819", "size": "0x1a", "comment": "", "registers": []}, {"name": "SERCOM1", "start": "0x42000c00", "end": "0x42000c19", "size": "0x1a", "comment": "", "registers": []}, {"name": "SERCOM2", "start": "0x42001000", "end": "0x42001019", "size": "0x1a", "comment": "", "registers": []}, {"name": "SERCOM3", "start": "0x42001400", "end": "0x42001419", "size": "0x1a", "comment": "", "registers": []}, {"name": "SERCOM4", "start": "0x42001800", "end": "0x42001819", "size": "0x1a", "comment": "", "registers": []}, {"name": "SERCOM5", "start": "0x42001c00", "end": "0x42001c19", "size": "0x1a", "comment": "", "registers": []}, {"name": "SYSCTRL", "start": "0x40000800", "end": "0x40000843", "size": "0x44", "comment": "", "registers": [{"name": "INTENCLR", "offset": "0x0"}, {"name": "INTENSET", "offset": "0x4"}, {"name": "INTFLAG", "offset": "0x8"}, {"name": "PCLKSR", "offset": "0xc"}, {"name": "XOSC", "offset": "0x10", "size": "0x10"}, {"name": "XOSC32K", "offset": "0x14", "size": "0x10"}, {"name": "OSC32K", "offset": "0x18"}, {"name": "OSCULP32K", "offset": "0x1c", "size": "0x8"}, {"name": "OSC8M", "offset": "0x20"}, {"name": "DFLLCTRL", "offset": "0x24", "size": "0x10"}, {"name": "DFLLVAL", "offset": "0x28"}, {"name": "DFLLMUL", "offset": "0x2c"}, {"name": "DFLLSYNC", "offset": "0x30", "size": "0x8"}, {"name": "BOD33", "offset": "0x34"}, {"name": "VREG", "offset": "0x3c", "size": "0x10"}, {"name": "VREF", "offset": "0x40"}]}, {"name": "TC0", "start": "0x42002000", "end": "0x4200201f", "size": "0x20", "comment": "", "registers": []}, {"name": "TC1", "start": "0x42002400", "end": "0x4200241f", "size": "0x20", "comment": "", "registers": []}, {"name": "TC2", "start": "0x42002800", "end": "0x4200281f", "size": "0x20", "comment": "", "registers": []}, {"name": "TC3", "start": "0x42002c00", "end": "0x42002c1f", "size": "0x20", "comment": "", "registers": []}, {"name": "TC4", "start": "0x42003000", "end": "0x4200301f", "size": "0x20", "comment": "", "registers": []}, {"name": "TC5", "start": "0x42003400", "end": "0x4200341f", "size": "0x20", "comment": "", "registers": []}, {"name": "WDT", "start": "0x40001000", "end": "0x40001008", "size": "0x9", "comment": "", "registers": [{"name": "CTRL", "offset": "0x0", "size": "0x8"}, {"name": "CONFIG", "offset": "0x1", "size": "0x8"}, {"name": "EWCTRL", "offset": "0x2", "size": "0x8"}, {"name": "INTENCLR", "offset": "0x4", "size": "0x8"}, {"name": "INTENSET", "offset": "0x5", "size": "0x8"}, {"name": "INTFLAG", "offset": "0x6", "size": "0x8"}, {"name": "STATUS", "offset": "0x7", "size": "0x8"}, {"name": "CLEAR", "offset": "0x8", "size": "0x8"}]}, {"name": "NVIC", "start": "0xe000e100", "end": "0xe000e41b", "size": "0x31c", "comment": "", "registers": [{"name": "ISER", "offset": "0x0"}, {"name": "ICER", "offset": "0x80"}, {"name": "ISPR", "offset": "0x100"}, {"name": "ICPR", "offset": "0x180"}, {"name": "IPR[0]", "offset": "0x300"}, {"name": "IPR[1]", "offset": "0x304"}, {"name": "IPR[2]", "offset": "0x308"}, {"name": "IPR[3]", "offset": "0x30c"}, {"name": "IPR[4]", "offset": "0x310"}, {"name": "IPR[5]", "offset": "0x314"}, {"name": "IPR[6]", "offset": "0x318"}]}, {"name": "SysTick", "start": "0xe000e010", "end": "0xe000e01f", "size": "0x10", "comment": "", "registers": [{"name": "CSR", "offset": "0x0"}, {"name": "RVR", "offset": "0x4"}, {"name": "CVR", "offset": "0x8"}, {"name": "CALIB", "offset": "0xc"}]}, {"name": "SystemControl", "start": "0xe000e000", "end": "0xe000ed33", "size": "0xd34", "comment": "", "registers": [{"name": "CPUID", "offset": "0xd00"}, {"name": "ICSR", "offset": "0xd04"}, {"name": "VTOR", "offset": "0xd08"}, {"name": "AIRCR", "offset": "0xd0c"}, {"name": "SCR", "offset": "0xd10"}, {"name": "CCR", "offset": "0xd14"}, {"name": "SHPR2", "offset": "0xd1c"}, {"name": "SHPR3", "offset": "0xd20"}, {"name": "SHCSR", "offset": "0xd24"}, {"name": "DFSR", "offset": "0xd30"}]}], "vector_table": [{"name": "StackPointer_Value", "value": -1, "addr": "0x0", "comment": "Stack pointer initial value"}, {"name": "Reset", "value": -1, "addr": "0x4", "comment": "Priority: -3"}, {"name": "NMI", "value": -1, "addr": "0x8", "comment": "Priority: -2"}, {"name": "HardFault", "value": -1, "addr": "0xc", "comment": "Priority: -1"}, {"name": "SVCall", "value": -1, "addr": "0x2c", "comment": "Priority: 3"}, {"name": "PendSV", "value": -1, "addr": "0x38", "comment": "Priority: 5"}, {"name": "SysTick", "value": -1, "addr": "0x3c", "comment": "Priority: 6"}, {"name": "PM", "value": 0, "comment": "", "addr": "0x40"}, {"name": "SYSCTRL", "value": 1, "comment": "", "addr": "0x44"}, {"name": "WDT", "value": 2, "comment": "", "addr": "0x48"}, {"name": "RTC", "value": 3, "comment": "", "addr": "0x4c"}, {"name": "EIC", "value": 4, "comment": "", "addr": "0x50"}, {"name": "NVMCTRL", "value": 5, "comment": "", "addr": "0x54"}, {"name": "EVSYS", "value": 6, "comment": "", "addr": "0x58"}, {"name": "SERCOM0", "value": 7, "comment": "", "addr": "0x5c"}, {"name": "SERCOM1", "value": 8, "comment": "", "addr": "0x60"}, {"name": "SERCOM2", "value": 9, "comment": "", "addr": "0x64"}, {"name": "SERCOM3", "value": 10, "comment": "", "addr": "0x68"}, {"name": "SERCOM4", "value": 11, "comment": "", "addr": "0x6c"}, {"name": "SERCOM5", "value": 12, "comment": "", "addr": "0x70"}, {"name": "TC0", "value": 13, "comment": "", "addr": "0x74"}, {"name": "TC1", "value": 14, "comment": "", "addr": "0x78"}, {"name": "TC2", "value": 15, "comment": "", "addr": "0x7c"}, {"name": "TC3", "value": 16, "comment": "", "addr": "0x80"}, {"name": "TC4", "value": 17, "comment": "", "addr": "0x84"}, {"name": "TC5", "value": 18, "comment": "", "addr": "0x88"}, {"name": "ADC", "value": 21, "comment": "", "addr": "0x94"}, {"name": "AC", "value": 22, "comment": "", "addr": "0x98"}, {"name": "DAC", "value": 23, "comment": "", "addr": "0x9c"}, {"name": "PTC", "value": 24, "comment": "", "addr": "0xa0"}]}