{"brand": "Microchip", "family": "SAM4E", "name": "ATSAM4E16C", "bits": 32, "mode": 1, "segments": [{"name": "SRAM", "start": "0x20000000", "end": "0x2001ffff", "size": "0x20000", "type": "DATA"}, {"name": "SRAM_ALIAS", "start": "0x22000000", "end": "0x2201ffff", "size": "0x20000", "type": "DATA"}], "peripherals": [{"name": "PWM", "start": "0x40000000", "end": "0x40003fff", "size": "0x4000", "comment": "", "registers": [{"name": "CLK", "offset": "0x0"}, {"name": "ENA", "offset": "0x4"}, {"name": "DIS", "offset": "0x8"}, {"name": "SR", "offset": "0xc"}, {"name": "IER1", "offset": "0x10"}, {"name": "IDR1", "offset": "0x14"}, {"name": "IMR1", "offset": "0x18"}, {"name": "ISR1", "offset": "0x1c"}, {"name": "SCM", "offset": "0x20"}, {"name": "SCUC", "offset": "0x28"}, {"name": "SCUP", "offset": "0x2c"}, {"name": "SCUPUPD", "offset": "0x30"}, {"name": "IER2", "offset": "0x34"}, {"name": "IDR2", "offset": "0x38"}, {"name": "IMR2", "offset": "0x3c"}, {"name": "ISR2", "offset": "0x40"}, {"name": "OOV", "offset": "0x44"}, {"name": "OS", "offset": "0x48"}, {"name": "OSS", "offset": "0x4c"}, {"name": "OSC", "offset": "0x50"}, {"name": "OSSUPD", "offset": "0x54"}, {"name": "OSCUPD", "offset": "0x58"}, {"name": "FMR", "offset": "0x5c"}, {"name": "FSR", "offset": "0x60"}, {"name": "FCR", "offset": "0x64"}, {"name": "FPV1", "offset": "0x68"}, {"name": "FPE", "offset": "0x6c"}, {"name": "SSPR", "offset": "0xa0"}, {"name": "SSPUP", "offset": "0xa4"}, {"name": "SMMR", "offset": "0xb0"}, {"name": "FPV2", "offset": "0xc0"}, {"name": "WPCR", "offset": "0xe4"}, {"name": "WPSR", "offset": "0xe8"}, {"name": "CMPV0", "offset": "0x130"}, {"name": "CMPVUPD0", "offset": "0x134"}, {"name": "CMPM0", "offset": "0x138"}, {"name": "CMPMUPD0", "offset": "0x13c"}, {"name": "CMPV1", "offset": "0x140"}, {"name": "CMPVUPD1", "offset": "0x144"}, {"name": "CMPM1", "offset": "0x148"}, {"name": "CMPMUPD1", "offset": "0x14c"}, {"name": "CMPV2", "offset": "0x150"}, {"name": "CMPVUPD2", "offset": "0x154"}, {"name": "CMPM2", "offset": "0x158"}, {"name": "CMPMUPD2", "offset": "0x15c"}, {"name": "CMPV3", "offset": "0x160"}, {"name": "CMPVUPD3", "offset": "0x164"}, {"name": "CMPM3", "offset": "0x168"}, {"name": "CMPMUPD3", "offset": "0x16c"}, {"name": "CMPV4", "offset": "0x170"}, {"name": "CMPVUPD4", "offset": "0x174"}, {"name": "CMPM4", "offset": "0x178"}, {"name": "CMPMUPD4", "offset": "0x17c"}, {"name": "CMPV5", "offset": "0x180"}, {"name": "CMPVUPD5", "offset": "0x184"}, {"name": "CMPM5", "offset": "0x188"}, {"name": "CMPMUPD5", "offset": "0x18c"}, {"name": "CMPV6", "offset": "0x190"}, {"name": "CMPVUPD6", "offset": "0x194"}, {"name": "CMPM6", "offset": "0x198"}, {"name": "CMPMUPD6", "offset": "0x19c"}, {"name": "CMPV7", "offset": "0x1a0"}, {"name": "CMPVUPD7", "offset": "0x1a4"}, {"name": "CMPM7", "offset": "0x1a8"}, {"name": "CMPMUPD7", "offset": "0x1ac"}, {"name": "CMR0", "offset": "0x200"}, {"name": "CDTY0", "offset": "0x204"}, {"name": "CDTYUPD0", "offset": "0x208"}, {"name": "CPRD0", "offset": "0x20c"}, {"name": "CPRDUPD0", "offset": "0x210"}, {"name": "CCNT0", "offset": "0x214"}, {"name": "DT0", "offset": "0x218"}, {"name": "DTUPD0", "offset": "0x21c"}, {"name": "CMR1", "offset": "0x220"}, {"name": "CDTY1", "offset": "0x224"}, {"name": "CDTYUPD1", "offset": "0x228"}, {"name": "CPRD1", "offset": "0x22c"}, {"name": "CPRDUPD1", "offset": "0x230"}, {"name": "CCNT1", "offset": "0x234"}, {"name": "DT1", "offset": "0x238"}, {"name": "DTUPD1", "offset": "0x23c"}, {"name": "CMR2", "offset": "0x240"}, {"name": "CDTY2", "offset": "0x244"}, {"name": "CDTYUPD2", "offset": "0x248"}, {"name": "CPRD2", "offset": "0x24c"}, {"name": "CPRDUPD2", "offset": "0x250"}, {"name": "CCNT2", "offset": "0x254"}, {"name": "DT2", "offset": "0x258"}, {"name": "DTUPD2", "offset": "0x25c"}, {"name": "CMR3", "offset": "0x260"}, {"name": "CDTY3", "offset": "0x264"}, {"name": "CDTYUPD3", "offset": "0x268"}, {"name": "CPRD3", "offset": "0x26c"}, {"name": "CPRDUPD3", "offset": "0x270"}, {"name": "CCNT3", "offset": "0x274"}, {"name": "DT3", "offset": "0x278"}, {"name": "DTUPD3", "offset": "0x27c"}, {"name": "CMUPD0", "offset": "0x400"}, {"name": "CAE0", "offset": "0x404"}, {"name": "CAEUPD0", "offset": "0x408"}, {"name": "CMUPD1", "offset": "0x420"}, {"name": "CAE1", "offset": "0x424"}, {"name": "CAEUPD1", "offset": "0x428"}, {"name": "CMUPD2", "offset": "0x440"}, {"name": "CAE2", "offset": "0x444"}, {"name": "CAEUPD2", "offset": "0x448"}, {"name": "CMUPD3", "offset": "0x460"}, {"name": "CAE3", "offset": "0x464"}, {"name": "CAEUPD3", "offset": "0x468"}, {"name": "TPR", "offset": "0x108"}, {"name": "TCR", "offset": "0x10c"}, {"name": "TNPR", "offset": "0x118"}, {"name": "TNCR", "offset": "0x11c"}, {"name": "PTCR", "offset": "0x120"}, {"name": "PTSR", "offset": "0x124"}, {"name": "ELMR0", "offset": "0x7c"}, {"name": "ELMR1", "offset": "0x80"}]}, {"name": "AES", "start": "0x40004000", "end": "0x40007fff", "size": "0x4000", "comment": "", "registers": [{"name": "CR", "offset": "0x0"}, {"name": "MR", "offset": "0x4"}, {"name": "IER", "offset": "0x10"}, {"name": "IDR", "offset": "0x14"}, {"name": "IMR", "offset": "0x18"}, {"name": "ISR", "offset": "0x1c"}, {"name": "KEYWR0", "offset": "0x20"}, {"name": "KEYWR1", "offset": "0x24"}, {"name": "KEYWR2", "offset": "0x28"}, {"name": "KEYWR3", "offset": "0x2c"}, {"name": "KEYWR4", "offset": "0x30"}, {"name": "KEYWR5", "offset": "0x34"}, {"name": "KEYWR6", "offset": "0x38"}, {"name": "KEYWR7", "offset": "0x3c"}, {"name": "IDATAR0", "offset": "0x40"}, {"name": "IDATAR1", "offset": "0x44"}, {"name": "IDATAR2", "offset": "0x48"}, {"name": "IDATAR3", "offset": "0x4c"}, {"name": "ODATAR0", "offset": "0x50"}, {"name": "ODATAR1", "offset": "0x54"}, {"name": "ODATAR2", "offset": "0x58"}, {"name": "ODATAR3", "offset": "0x5c"}, {"name": "IVR0", "offset": "0x60"}, {"name": "IVR1", "offset": "0x64"}, {"name": "IVR2", "offset": "0x68"}, {"name": "IVR3", "offset": "0x6c"}]}, {"name": "CAN0", "start": "0x40010000", "end": "0x40013fff", "size": "0x4000", "comment": "", "registers": [{"name": "MR", "offset": "0x0"}, {"name": "IER", "offset": "0x4"}, {"name": "IDR", "offset": "0x8"}, {"name": "IMR", "offset": "0xc"}, {"name": "SR", "offset": "0x10"}, {"name": "BR", "offset": "0x14"}, {"name": "TIM", "offset": "0x18"}, {"name": "TIMESTP", "offset": "0x1c"}, {"name": "ECR", "offset": "0x20"}, {"name": "TCR", "offset": "0x24"}, {"name": "ACR", "offset": "0x28"}, {"name": "WPMR", "offset": "0xe4"}, {"name": "WPSR", "offset": "0xe8"}, {"name": "MMR0", "offset": "0x200"}, {"name": "MAM0", "offset": "0x204"}, {"name": "MID0", "offset": "0x208"}, {"name": "MFID0", "offset": "0x20c"}, {"name": "MSR0", "offset": "0x210"}, {"name": "MDL0", "offset": "0x214"}, {"name": "MDH0", "offset": "0x218"}, {"name": "MCR0", "offset": "0x21c"}, {"name": "MMR1", "offset": "0x220"}, {"name": "MAM1", "offset": "0x224"}, {"name": "MID1", "offset": "0x228"}, {"name": "MFID1", "offset": "0x22c"}, {"name": "MSR1", "offset": "0x230"}, {"name": "MDL1", "offset": "0x234"}, {"name": "MDH1", "offset": "0x238"}, {"name": "MCR1", "offset": "0x23c"}, {"name": "MMR2", "offset": "0x240"}, {"name": "MAM2", "offset": "0x244"}, {"name": "MID2", "offset": "0x248"}, {"name": "MFID2", "offset": "0x24c"}, {"name": "MSR2", "offset": "0x250"}, {"name": "MDL2", "offset": "0x254"}, {"name": "MDH2", "offset": "0x258"}, {"name": "MCR2", "offset": "0x25c"}, {"name": "MMR3", "offset": "0x260"}, {"name": "MAM3", "offset": "0x264"}, {"name": "MID3", "offset": "0x268"}, {"name": "MFID3", "offset": "0x26c"}, {"name": "MSR3", "offset": "0x270"}, {"name": "MDL3", "offset": "0x274"}, {"name": "MDH3", "offset": "0x278"}, {"name": "MCR3", "offset": "0x27c"}, {"name": "MMR4", "offset": "0x280"}, {"name": "MAM4", "offset": "0x284"}, {"name": "MID4", "offset": "0x288"}, {"name": "MFID4", "offset": "0x28c"}, {"name": "MSR4", "offset": "0x290"}, {"name": "MDL4", "offset": "0x294"}, {"name": "MDH4", "offset": "0x298"}, {"name": "MCR4", "offset": "0x29c"}, {"name": "MMR5", "offset": "0x2a0"}, {"name": "MAM5", "offset": "0x2a4"}, {"name": "MID5", "offset": "0x2a8"}, {"name": "MFID5", "offset": "0x2ac"}, {"name": "MSR5", "offset": "0x2b0"}, {"name": "MDL5", "offset": "0x2b4"}, {"name": "MDH5", "offset": "0x2b8"}, {"name": "MCR5", "offset": "0x2bc"}, {"name": "MMR6", "offset": "0x2c0"}, {"name": "MAM6", "offset": "0x2c4"}, {"name": "MID6", "offset": "0x2c8"}, {"name": "MFID6", "offset": "0x2cc"}, {"name": "MSR6", "offset": "0x2d0"}, {"name": "MDL6", "offset": "0x2d4"}, {"name": "MDH6", "offset": "0x2d8"}, {"name": "MCR6", "offset": "0x2dc"}, {"name": "MMR7", "offset": "0x2e0"}, {"name": "MAM7", "offset": "0x2e4"}, {"name": "MID7", "offset": "0x2e8"}, {"name": "MFID7", "offset": "0x2ec"}, {"name": "MSR7", "offset": "0x2f0"}, {"name": "MDL7", "offset": "0x2f4"}, {"name": "MDH7", "offset": "0x2f8"}, {"name": "MCR7", "offset": "0x2fc"}]}, {"name": "CAN1", "start": "0x40014000", "end": "0x40017fff", "size": "0x4000", "comment": "", "registers": [{"name": "MR", "offset": "0x0"}, {"name": "IER", "offset": "0x4"}, {"name": "IDR", "offset": "0x8"}, {"name": "IMR", "offset": "0xc"}, {"name": "SR", "offset": "0x10"}, {"name": "BR", "offset": "0x14"}, {"name": "TIM", "offset": "0x18"}, {"name": "TIMESTP", "offset": "0x1c"}, {"name": "ECR", "offset": "0x20"}, {"name": "TCR", "offset": "0x24"}, {"name": "ACR", "offset": "0x28"}, {"name": "WPMR", "offset": "0xe4"}, {"name": "WPSR", "offset": "0xe8"}, {"name": "MMR0", "offset": "0x200"}, {"name": "MAM0", "offset": "0x204"}, {"name": "MID0", "offset": "0x208"}, {"name": "MFID0", "offset": "0x20c"}, {"name": "MSR0", "offset": "0x210"}, {"name": "MDL0", "offset": "0x214"}, {"name": "MDH0", "offset": "0x218"}, {"name": "MCR0", "offset": "0x21c"}, {"name": "MMR1", "offset": "0x220"}, {"name": "MAM1", "offset": "0x224"}, {"name": "MID1", "offset": "0x228"}, {"name": "MFID1", "offset": "0x22c"}, {"name": "MSR1", "offset": "0x230"}, {"name": "MDL1", "offset": "0x234"}, {"name": "MDH1", "offset": "0x238"}, {"name": "MCR1", "offset": "0x23c"}, {"name": "MMR2", "offset": "0x240"}, {"name": "MAM2", "offset": "0x244"}, {"name": "MID2", "offset": "0x248"}, {"name": "MFID2", "offset": "0x24c"}, {"name": "MSR2", "offset": "0x250"}, {"name": "MDL2", "offset": "0x254"}, {"name": "MDH2", "offset": "0x258"}, {"name": "MCR2", "offset": "0x25c"}, {"name": "MMR3", "offset": "0x260"}, {"name": "MAM3", "offset": "0x264"}, {"name": "MID3", "offset": "0x268"}, {"name": "MFID3", "offset": "0x26c"}, {"name": "MSR3", "offset": "0x270"}, {"name": "MDL3", "offset": "0x274"}, {"name": "MDH3", "offset": "0x278"}, {"name": "MCR3", "offset": "0x27c"}, {"name": "MMR4", "offset": "0x280"}, {"name": "MAM4", "offset": "0x284"}, {"name": "MID4", "offset": "0x288"}, {"name": "MFID4", "offset": "0x28c"}, {"name": "MSR4", "offset": "0x290"}, {"name": "MDL4", "offset": "0x294"}, {"name": "MDH4", "offset": "0x298"}, {"name": "MCR4", "offset": "0x29c"}, {"name": "MMR5", "offset": "0x2a0"}, {"name": "MAM5", "offset": "0x2a4"}, {"name": "MID5", "offset": "0x2a8"}, {"name": "MFID5", "offset": "0x2ac"}, {"name": "MSR5", "offset": "0x2b0"}, {"name": "MDL5", "offset": "0x2b4"}, {"name": "MDH5", "offset": "0x2b8"}, {"name": "MCR5", "offset": "0x2bc"}, {"name": "MMR6", "offset": "0x2c0"}, {"name": "MAM6", "offset": "0x2c4"}, {"name": "MID6", "offset": "0x2c8"}, {"name": "MFID6", "offset": "0x2cc"}, {"name": "MSR6", "offset": "0x2d0"}, {"name": "MDL6", "offset": "0x2d4"}, {"name": "MDH6", "offset": "0x2d8"}, {"name": "MCR6", "offset": "0x2dc"}, {"name": "MMR7", "offset": "0x2e0"}, {"name": "MAM7", "offset": "0x2e4"}, {"name": "MID7", "offset": "0x2e8"}, {"name": "MFID7", "offset": "0x2ec"}, {"name": "MSR7", "offset": "0x2f0"}, {"name": "MDL7", "offset": "0x2f4"}, {"name": "MDH7", "offset": "0x2f8"}, {"name": "MCR7", "offset": "0x2fc"}]}, {"name": "GMAC", "start": "0x40034000", "end": "0x40037fff", "size": "0x4000", "comment": "", "registers": [{"name": "NCR", "offset": "0x0"}, {"name": "NCFGR", "offset": "0x4"}, {"name": "NSR", "offset": "0x8"}, {"name": "UR", "offset": "0xc"}, {"name": "DCFGR", "offset": "0x10"}, {"name": "TSR", "offset": "0x14"}, {"name": "RBQB", "offset": "0x18"}, {"name": "TBQB", "offset": "0x1c"}, {"name": "RSR", "offset": "0x20"}, {"name": "ISR", "offset": "0x24"}, {"name": "IER", "offset": "0x28"}, {"name": "IDR", "offset": "0x2c"}, {"name": "IMR", "offset": "0x30"}, {"name": "MAN", "offset": "0x34"}, {"name": "RPQ", "offset": "0x38"}, {"name": "TPQ", "offset": "0x3c"}, {"name": "HRB", "offset": "0x80"}, {"name": "HRT", "offset": "0x84"}, {"name": "SAB1", "offset": "0x88"}, {"name": "SAT1", "offset": "0x8c"}, {"name": "SAB2", "offset": "0x90"}, {"name": "SAT2", "offset": "0x94"}, {"name": "SAB3", "offset": "0x98"}, {"name": "SAT3", "offset": "0x9c"}, {"name": "SAB4", "offset": "0xa0"}, {"name": "SAT4", "offset": "0xa4"}, {"name": "IPGS", "offset": "0xbc"}, {"name": "SVLAN", "offset": "0xc0"}, {"name": "TPFCP", "offset": "0xc4"}, {"name": "SAMB1", "offset": "0xc8"}, {"name": "SAMT1", "offset": "0xcc"}, {"name": "OTLO", "offset": "0x100"}, {"name": "OTHI", "offset": "0x104"}, {"name": "FT", "offset": "0x108"}, {"name": "BCFT", "offset": "0x10c"}, {"name": "MFT", "offset": "0x110"}, {"name": "PFT", "offset": "0x114"}, {"name": "BFT64", "offset": "0x118"}, {"name": "TBFT127", "offset": "0x11c"}, {"name": "TBFT255", "offset": "0x120"}, {"name": "TBFT511", "offset": "0x124"}, {"name": "TBFT1023", "offset": "0x128"}, {"name": "TBFT1518", "offset": "0x12c"}, {"name": "GTBFT1518", "offset": "0x130"}, {"name": "TUR", "offset": "0x134"}, {"name": "SCF", "offset": "0x138"}, {"name": "MCF", "offset": "0x13c"}, {"name": "EC", "offset": "0x140"}, {"name": "LC", "offset": "0x144"}, {"name": "DTF", "offset": "0x148"}, {"name": "CSE", "offset": "0x14c"}, {"name": "ORLO", "offset": "0x150"}, {"name": "ORHI", "offset": "0x154"}, {"name": "FR", "offset": "0x158"}, {"name": "BCFR", "offset": "0x15c"}, {"name": "MFR", "offset": "0x160"}, {"name": "PFR", "offset": "0x164"}, {"name": "BFR64", "offset": "0x168"}, {"name": "TBFR127", "offset": "0x16c"}, {"name": "TBFR255", "offset": "0x170"}, {"name": "TBFR511", "offset": "0x174"}, {"name": "TBFR1023", "offset": "0x178"}, {"name": "TBFR1518", "offset": "0x17c"}, {"name": "TMXBFR", "offset": "0x180"}, {"name": "UFR", "offset": "0x184"}, {"name": "OFR", "offset": "0x188"}, {"name": "JR", "offset": "0x18c"}, {"name": "FCSE", "offset": "0x190"}, {"name": "LFFE", "offset": "0x194"}, {"name": "RSE", "offset": "0x198"}, {"name": "AE", "offset": "0x19c"}, {"name": "RRE", "offset": "0x1a0"}, {"name": "ROE", "offset": "0x1a4"}, {"name": "IHCE", "offset": "0x1a8"}, {"name": "TCE", "offset": "0x1ac"}, {"name": "UCE", "offset": "0x1b0"}, {"name": "TSSS", "offset": "0x1c8"}, {"name": "TSSN", "offset": "0x1cc"}, {"name": "TS", "offset": "0x1d0"}, {"name": "TN", "offset": "0x1d4"}, {"name": "TA", "offset": "0x1d8"}, {"name": "TI", "offset": "0x1dc"}, {"name": "EFTS", "offset": "0x1e0"}, {"name": "EFTN", "offset": "0x1e4"}, {"name": "EFRS", "offset": "0x1e8"}, {"name": "EFRN", "offset": "0x1ec"}, {"name": "PEFTS", "offset": "0x1f0"}, {"name": "PEFTN", "offset": "0x1f4"}, {"name": "PEFRS", "offset": "0x1f8"}, {"name": "PEFRN", "offset": "0x1fc"}, {"name": "TIDM0", "offset": "0xa8"}, {"name": "TIDM1", "offset": "0xac"}, {"name": "TIDM2", "offset": "0xb0"}, {"name": "TIDM3", "offset": "0xb4"}]}, {"name": "CRCCU", "start": "0x40044000", "end": "0x40047fff", "size": "0x4000", "comment": "", "registers": [{"name": "DSCR", "offset": "0x0"}, {"name": "DMA_EN", "offset": "0x8"}, {"name": "DMA_DIS", "offset": "0xc"}, {"name": "DMA_SR", "offset": "0x10"}, {"name": "DMA_IER", "offset": "0x14"}, {"name": "DMA_IDR", "offset": "0x18"}, {"name": "DMA_IMR", "offset": "0x1c"}, {"name": "DMA_ISR", "offset": "0x20"}, {"name": "CR", "offset": "0x34"}, {"name": "MR", "offset": "0x38"}, {"name": "SR", "offset": "0x3c"}, {"name": "IER", "offset": "0x40"}, {"name": "IDR", "offset": "0x44"}, {"name": "IMR", "offset": "0x48"}, {"name": "ISR", "offset": "0x4c"}]}, {"name": "UART1", "start": "0x40060600", "end": "0x400607ff", "size": "0x200", "comment": "", "registers": [{"name": "CR", "offset": "0x0"}, {"name": "MR", "offset": "0x4"}, {"name": "IER", "offset": "0x8"}, {"name": "IDR", "offset": "0xc"}, {"name": "IMR", "offset": "0x10"}, {"name": "SR", "offset": "0x14"}, {"name": "RHR", "offset": "0x18"}, {"name": "THR", "offset": "0x1c"}, {"name": "BRGR", "offset": "0x20"}, {"name": "RPR", "offset": "0x100"}, {"name": "RCR", "offset": "0x104"}, {"name": "TPR", "offset": "0x108"}, {"name": "TCR", "offset": "0x10c"}, {"name": "RNPR", "offset": "0x110"}, {"name": "RNCR", "offset": "0x114"}, {"name": "TNPR", "offset": "0x118"}, {"name": "TNCR", "offset": "0x11c"}, {"name": "PTCR", "offset": "0x120"}, {"name": "PTSR", "offset": "0x124"}]}, {"name": "HSMCI", "start": "0x40080000", "end": "0x40083fff", "size": "0x4000", "comment": "", "registers": [{"name": "CR", "offset": "0x0"}, {"name": "MR", "offset": "0x4"}, {"name": "DTOR", "offset": "0x8"}, {"name": "SDCR", "offset": "0xc"}, {"name": "ARGR", "offset": "0x10"}, {"name": "CMDR", "offset": "0x14"}, {"name": "BLKR", "offset": "0x18"}, {"name": "CSTOR", "offset": "0x1c"}, {"name": "RDR", "offset": "0x30"}, {"name": "TDR", "offset": "0x34"}, {"name": "SR", "offset": "0x40"}, {"name": "IER", "offset": "0x44"}, {"name": "IDR", "offset": "0x48"}, {"name": "IMR", "offset": "0x4c"}, {"name": "CFG", "offset": "0x54"}, {"name": "WPMR", "offset": "0xe4"}, {"name": "WPSR", "offset": "0xe8"}, {"name": "RPR", "offset": "0x100"}, {"name": "RCR", "offset": "0x104"}, {"name": "TPR", "offset": "0x108"}, {"name": "TCR", "offset": "0x10c"}, {"name": "RNPR", "offset": "0x110"}, {"name": "RNCR", "offset": "0x114"}, {"name": "TNPR", "offset": "0x118"}, {"name": "TNCR", "offset": "0x11c"}, {"name": "PTCR", "offset": "0x120"}, {"name": "PTSR", "offset": "0x124"}, {"name": "RSPR0", "offset": "0x20"}, {"name": "RSPR1", "offset": "0x24"}, {"name": "RSPR2", "offset": "0x28"}, {"name": "RSPR3", "offset": "0x2c"}, {"name": "FIFO0", "offset": "0x200"}, {"name": "FIFO1", "offset": "0x204"}, {"name": "FIFO2", "offset": "0x208"}, {"name": "FIFO3", "offset": "0x20c"}, {"name": "FIFO4", "offset": "0x210"}, {"name": "FIFO5", "offset": "0x214"}, {"name": "FIFO6", "offset": "0x218"}, {"name": "FIFO7", "offset": "0x21c"}, {"name": "FIFO8", "offset": "0x220"}, {"name": "FIFO9", "offset": "0x224"}, {"name": "FIFO10", "offset": "0x228"}, {"name": "FIFO11", "offset": "0x22c"}, {"name": "FIFO12", "offset": "0x230"}, {"name": "FIFO13", "offset": "0x234"}, {"name": "FIFO14", "offset": "0x238"}, {"name": "FIFO15", "offset": "0x23c"}, {"name": "FIFO16", "offset": "0x240"}, {"name": "FIFO17", "offset": "0x244"}, {"name": "FIFO18", "offset": "0x248"}, {"name": "FIFO19", "offset": "0x24c"}, {"name": "FIFO20", "offset": "0x250"}, {"name": "FIFO21", "offset": "0x254"}, {"name": "FIFO22", "offset": "0x258"}, {"name": "FIFO23", "offset": "0x25c"}, {"name": "FIFO24", "offset": "0x260"}, {"name": "FIFO25", "offset": "0x264"}, {"name": "FIFO26", "offset": "0x268"}, {"name": "FIFO27", "offset": "0x26c"}, {"name": "FIFO28", "offset": "0x270"}, {"name": "FIFO29", "offset": "0x274"}, {"name": "FIFO30", "offset": "0x278"}, {"name": "FIFO31", "offset": "0x27c"}, {"name": "FIFO32", "offset": "0x280"}, {"name": "FIFO33", "offset": "0x284"}, {"name": "FIFO34", "offset": "0x288"}, {"name": "FIFO35", "offset": "0x28c"}, {"name": "FIFO36", "offset": "0x290"}, {"name": "FIFO37", "offset": "0x294"}, {"name": "FIFO38", "offset": "0x298"}, {"name": "FIFO39", "offset": "0x29c"}, {"name": "FIFO40", "offset": "0x2a0"}, {"name": "FIFO41", "offset": "0x2a4"}, {"name": "FIFO42", "offset": "0x2a8"}, {"name": "FIFO43", "offset": "0x2ac"}, {"name": "FIFO44", "offset": "0x2b0"}, {"name": "FIFO45", "offset": "0x2b4"}, {"name": "FIFO46", "offset": "0x2b8"}, {"name": "FIFO47", "offset": "0x2bc"}, {"name": "FIFO48", "offset": "0x2c0"}, {"name": "FIFO49", "offset": "0x2c4"}, {"name": "FIFO50", "offset": "0x2c8"}, {"name": "FIFO51", "offset": "0x2cc"}, {"name": "FIFO52", "offset": "0x2d0"}, {"name": "FIFO53", "offset": "0x2d4"}, {"name": "FIFO54", "offset": "0x2d8"}, {"name": "FIFO55", "offset": "0x2dc"}, {"name": "FIFO56", "offset": "0x2e0"}, {"name": "FIFO57", "offset": "0x2e4"}, {"name": "FIFO58", "offset": "0x2e8"}, {"name": "FIFO59", "offset": "0x2ec"}, {"name": "FIFO60", "offset": "0x2f0"}, {"name": "FIFO61", "offset": "0x2f4"}, {"name": "FIFO62", "offset": "0x2f8"}, {"name": "FIFO63", "offset": "0x2fc"}, {"name": "FIFO64", "offset": "0x300"}, {"name": "FIFO65", "offset": "0x304"}, {"name": "FIFO66", "offset": "0x308"}, {"name": "FIFO67", "offset": "0x30c"}, {"name": "FIFO68", "offset": "0x310"}, {"name": "FIFO69", "offset": "0x314"}, {"name": "FIFO70", "offset": "0x318"}, {"name": "FIFO71", "offset": "0x31c"}, {"name": "FIFO72", "offset": "0x320"}, {"name": "FIFO73", "offset": "0x324"}, {"name": "FIFO74", "offset": "0x328"}, {"name": "FIFO75", "offset": "0x32c"}, {"name": "FIFO76", "offset": "0x330"}, {"name": "FIFO77", "offset": "0x334"}, {"name": "FIFO78", "offset": "0x338"}, {"name": "FIFO79", "offset": "0x33c"}, {"name": "FIFO80", "offset": "0x340"}, {"name": "FIFO81", "offset": "0x344"}, {"name": "FIFO82", "offset": "0x348"}, {"name": "FIFO83", "offset": "0x34c"}, {"name": "FIFO84", "offset": "0x350"}, {"name": "FIFO85", "offset": "0x354"}, {"name": "FIFO86", "offset": "0x358"}, {"name": "FIFO87", "offset": "0x35c"}, {"name": "FIFO88", "offset": "0x360"}, {"name": "FIFO89", "offset": "0x364"}, {"name": "FIFO90", "offset": "0x368"}, {"name": "FIFO91", "offset": "0x36c"}, {"name": "FIFO92", "offset": "0x370"}, {"name": "FIFO93", "offset": "0x374"}, {"name": "FIFO94", "offset": "0x378"}, {"name": "FIFO95", "offset": "0x37c"}, {"name": "FIFO96", "offset": "0x380"}, {"name": "FIFO97", "offset": "0x384"}, {"name": "FIFO98", "offset": "0x388"}, {"name": "FIFO99", "offset": "0x38c"}, {"name": "FIFO100", "offset": "0x390"}, {"name": "FIFO101", "offset": "0x394"}, {"name": "FIFO102", "offset": "0x398"}, {"name": "FIFO103", "offset": "0x39c"}, {"name": "FIFO104", "offset": "0x3a0"}, {"name": "FIFO105", "offset": "0x3a4"}, {"name": "FIFO106", "offset": "0x3a8"}, {"name": "FIFO107", "offset": "0x3ac"}, {"name": "FIFO108", "offset": "0x3b0"}, {"name": "FIFO109", "offset": "0x3b4"}, {"name": "FIFO110", "offset": "0x3b8"}, {"name": "FIFO111", "offset": "0x3bc"}, {"name": "FIFO112", "offset": "0x3c0"}, {"name": "FIFO113", "offset": "0x3c4"}, {"name": "FIFO114", "offset": "0x3c8"}, {"name": "FIFO115", "offset": "0x3cc"}, {"name": "FIFO116", "offset": "0x3d0"}, {"name": "FIFO117", "offset": "0x3d4"}, {"name": "FIFO118", "offset": "0x3d8"}, {"name": "FIFO119", "offset": "0x3dc"}, {"name": "FIFO120", "offset": "0x3e0"}, {"name": "FIFO121", "offset": "0x3e4"}, {"name": "FIFO122", "offset": "0x3e8"}, {"name": "FIFO123", "offset": "0x3ec"}, {"name": "FIFO124", "offset": "0x3f0"}, {"name": "FIFO125", "offset": "0x3f4"}, {"name": "FIFO126", "offset": "0x3f8"}, {"name": "FIFO127", "offset": "0x3fc"}, {"name": "FIFO128", "offset": "0x400"}, {"name": "FIFO129", "offset": "0x404"}, {"name": "FIFO130", "offset": "0x408"}, {"name": "FIFO131", "offset": "0x40c"}, {"name": "FIFO132", "offset": "0x410"}, {"name": "FIFO133", "offset": "0x414"}, {"name": "FIFO134", "offset": "0x418"}, {"name": "FIFO135", "offset": "0x41c"}, {"name": "FIFO136", "offset": "0x420"}, {"name": "FIFO137", "offset": "0x424"}, {"name": "FIFO138", "offset": "0x428"}, {"name": "FIFO139", "offset": "0x42c"}, {"name": "FIFO140", "offset": "0x430"}, {"name": "FIFO141", "offset": "0x434"}, {"name": "FIFO142", "offset": "0x438"}, {"name": "FIFO143", "offset": "0x43c"}, {"name": "FIFO144", "offset": "0x440"}, {"name": "FIFO145", "offset": "0x444"}, {"name": "FIFO146", "offset": "0x448"}, {"name": "FIFO147", "offset": "0x44c"}, {"name": "FIFO148", "offset": "0x450"}, {"name": "FIFO149", "offset": "0x454"}, {"name": "FIFO150", "offset": "0x458"}, {"name": "FIFO151", "offset": "0x45c"}, {"name": "FIFO152", "offset": "0x460"}, {"name": "FIFO153", "offset": "0x464"}, {"name": "FIFO154", "offset": "0x468"}, {"name": "FIFO155", "offset": "0x46c"}, {"name": "FIFO156", "offset": "0x470"}, {"name": "FIFO157", "offset": "0x474"}, {"name": "FIFO158", "offset": "0x478"}, {"name": "FIFO159", "offset": "0x47c"}, {"name": "FIFO160", "offset": "0x480"}, {"name": "FIFO161", "offset": "0x484"}, {"name": "FIFO162", "offset": "0x488"}, {"name": "FIFO163", "offset": "0x48c"}, {"name": "FIFO164", "offset": "0x490"}, {"name": "FIFO165", "offset": "0x494"}, {"name": "FIFO166", "offset": "0x498"}, {"name": "FIFO167", "offset": "0x49c"}, {"name": "FIFO168", "offset": "0x4a0"}, {"name": "FIFO169", "offset": "0x4a4"}, {"name": "FIFO170", "offset": "0x4a8"}, {"name": "FIFO171", "offset": "0x4ac"}, {"name": "FIFO172", "offset": "0x4b0"}, {"name": "FIFO173", "offset": "0x4b4"}, {"name": "FIFO174", "offset": "0x4b8"}, {"name": "FIFO175", "offset": "0x4bc"}, {"name": "FIFO176", "offset": "0x4c0"}, {"name": "FIFO177", "offset": "0x4c4"}, {"name": "FIFO178", "offset": "0x4c8"}, {"name": "FIFO179", "offset": "0x4cc"}, {"name": "FIFO180", "offset": "0x4d0"}, {"name": "FIFO181", "offset": "0x4d4"}, {"name": "FIFO182", "offset": "0x4d8"}, {"name": "FIFO183", "offset": "0x4dc"}, {"name": "FIFO184", "offset": "0x4e0"}, {"name": "FIFO185", "offset": "0x4e4"}, {"name": "FIFO186", "offset": "0x4e8"}, {"name": "FIFO187", "offset": "0x4ec"}, {"name": "FIFO188", "offset": "0x4f0"}, {"name": "FIFO189", "offset": "0x4f4"}, {"name": "FIFO190", "offset": "0x4f8"}, {"name": "FIFO191", "offset": "0x4fc"}, {"name": "FIFO192", "offset": "0x500"}, {"name": "FIFO193", "offset": "0x504"}, {"name": "FIFO194", "offset": "0x508"}, {"name": "FIFO195", "offset": "0x50c"}, {"name": "FIFO196", "offset": "0x510"}, {"name": "FIFO197", "offset": "0x514"}, {"name": "FIFO198", "offset": "0x518"}, {"name": "FIFO199", "offset": "0x51c"}, {"name": "FIFO200", "offset": "0x520"}, {"name": "FIFO201", "offset": "0x524"}, {"name": "FIFO202", "offset": "0x528"}, {"name": "FIFO203", "offset": "0x52c"}, {"name": "FIFO204", "offset": "0x530"}, {"name": "FIFO205", "offset": "0x534"}, {"name": "FIFO206", "offset": "0x538"}, {"name": "FIFO207", "offset": "0x53c"}, {"name": "FIFO208", "offset": "0x540"}, {"name": "FIFO209", "offset": "0x544"}, {"name": "FIFO210", "offset": "0x548"}, {"name": "FIFO211", "offset": "0x54c"}, {"name": "FIFO212", "offset": "0x550"}, {"name": "FIFO213", "offset": "0x554"}, {"name": "FIFO214", "offset": "0x558"}, {"name": "FIFO215", "offset": "0x55c"}, {"name": "FIFO216", "offset": "0x560"}, {"name": "FIFO217", "offset": "0x564"}, {"name": "FIFO218", "offset": "0x568"}, {"name": "FIFO219", "offset": "0x56c"}, {"name": "FIFO220", "offset": "0x570"}, {"name": "FIFO221", "offset": "0x574"}, {"name": "FIFO222", "offset": "0x578"}, {"name": "FIFO223", "offset": "0x57c"}, {"name": "FIFO224", "offset": "0x580"}, {"name": "FIFO225", "offset": "0x584"}, {"name": "FIFO226", "offset": "0x588"}, {"name": "FIFO227", "offset": "0x58c"}, {"name": "FIFO228", "offset": "0x590"}, {"name": "FIFO229", "offset": "0x594"}, {"name": "FIFO230", "offset": "0x598"}, {"name": "FIFO231", "offset": "0x59c"}, {"name": "FIFO232", "offset": "0x5a0"}, {"name": "FIFO233", "offset": "0x5a4"}, {"name": "FIFO234", "offset": "0x5a8"}, {"name": "FIFO235", "offset": "0x5ac"}, {"name": "FIFO236", "offset": "0x5b0"}, {"name": "FIFO237", "offset": "0x5b4"}, {"name": "FIFO238", "offset": "0x5b8"}, {"name": "FIFO239", "offset": "0x5bc"}, {"name": "FIFO240", "offset": "0x5c0"}, {"name": "FIFO241", "offset": "0x5c4"}, {"name": "FIFO242", "offset": "0x5c8"}, {"name": "FIFO243", "offset": "0x5cc"}, {"name": "FIFO244", "offset": "0x5d0"}, {"name": "FIFO245", "offset": "0x5d4"}, {"name": "FIFO246", "offset": "0x5d8"}, {"name": "FIFO247", "offset": "0x5dc"}, {"name": "FIFO248", "offset": "0x5e0"}, {"name": "FIFO249", "offset": "0x5e4"}, {"name": "FIFO250", "offset": "0x5e8"}, {"name": "FIFO251", "offset": "0x5ec"}, {"name": "FIFO252", "offset": "0x5f0"}, {"name": "FIFO253", "offset": "0x5f4"}, {"name": "FIFO254", "offset": "0x5f8"}, {"name": "FIFO255", "offset": "0x5fc"}]}, {"name": "UDP", "start": "0x40084000", "end": "0x40087fff", "size": "0x4000", "comment": "", "registers": [{"name": "FRM_NUM", "offset": "0x0"}, {"name": "GLB_STAT", "offset": "0x4"}, {"name": "FADDR", "offset": "0x8"}, {"name": "IER", "offset": "0x10"}, {"name": "IDR", "offset": "0x14"}, {"name": "IMR", "offset": "0x18"}, {"name": "ISR", "offset": "0x1c"}, {"name": "ICR", "offset": "0x20"}, {"name": "RST_EP", "offset": "0x28"}, {"name": "CSR0_ISOENDPT", "offset": "0x30"}, {"name": "TXVC", "offset": "0x74"}, {"name": "CSR0", "offset": "0x30"}, {"name": "CSR1", "offset": "0x34"}, {"name": "CSR2", "offset": "0x38"}, {"name": "CSR3", "offset": "0x3c"}, {"name": "CSR4", "offset": "0x40"}, {"name": "CSR5", "offset": "0x44"}, {"name": "CSR6", "offset": "0x48"}, {"name": "CSR7", "offset": "0x4c"}, {"name": "FDR0", "offset": "0x50"}, {"name": "FDR1", "offset": "0x54"}, {"name": "FDR2", "offset": "0x58"}, {"name": "FDR3", "offset": "0x5c"}, {"name": "FDR4", "offset": "0x60"}, {"name": "FDR5", "offset": "0x64"}, {"name": "FDR6", "offset": "0x68"}, {"name": "FDR7", "offset": "0x6c"}]}, {"name": "SPI", "start": "0x40088000", "end": "0x4008bfff", "size": "0x4000", "comment": "", "registers": [{"name": "CR", "offset": "0x0"}, {"name": "MR", "offset": "0x4"}, {"name": "RDR", "offset": "0x8"}, {"name": "TDR", "offset": "0xc"}, {"name": "SR", "offset": "0x10"}, {"name": "IER", "offset": "0x14"}, {"name": "IDR", "offset": "0x18"}, {"name": "IMR", "offset": "0x1c"}, {"name": "WPMR", "offset": "0xe4"}, {"name": "WPSR", "offset": "0xe8"}, {"name": "RPR", "offset": "0x100"}, {"name": "RCR", "offset": "0x104"}, {"name": "TPR", "offset": "0x108"}, {"name": "TCR", "offset": "0x10c"}, {"name": "RNPR", "offset": "0x110"}, {"name": "RNCR", "offset": "0x114"}, {"name": "TNPR", "offset": "0x118"}, {"name": "TNCR", "offset": "0x11c"}, {"name": "PTCR", "offset": "0x120"}, {"name": "PTSR", "offset": "0x124"}, {"name": "CSR0", "offset": "0x30"}, {"name": "CSR1", "offset": "0x34"}, {"name": "CSR2", "offset": "0x38"}, {"name": "CSR3", "offset": "0x3c"}]}, {"name": "TC0", "start": "0x40090000", "end": "0x40093fff", "size": "0x4000", "comment": "", "registers": [{"name": "CCR0", "offset": "0x0"}, {"name": "CMR0", "offset": "0x4"}, {"name": "CMR0_WAVE_EQ_1", "offset": "0x4"}, {"name": "SMMR0", "offset": "0x8"}, {"name": "RAB0", "offset": "0xc"}, {"name": "CV0", "offset": "0x10"}, {"name": "RA0", "offset": "0x14"}, {"name": "RB0", "offset": "0x18"}, {"name": "RC0", "offset": "0x1c"}, {"name": "SR0", "offset": "0x20"}, {"name": "IER0", "offset": "0x24"}, {"name": "IDR0", "offset": "0x28"}, {"name": "IMR0", "offset": "0x2c"}, {"name": "EMR0", "offset": "0x30"}, {"name": "CCR1", "offset": "0x40"}, {"name": "CMR1", "offset": "0x44"}, {"name": "CMR1_WAVE_EQ_1", "offset": "0x44"}, {"name": "SMMR1", "offset": "0x48"}, {"name": "RAB1", "offset": "0x4c"}, {"name": "CV1", "offset": "0x50"}, {"name": "RA1", "offset": "0x54"}, {"name": "RB1", "offset": "0x58"}, {"name": "RC1", "offset": "0x5c"}, {"name": "SR1", "offset": "0x60"}, {"name": "IER1", "offset": "0x64"}, {"name": "IDR1", "offset": "0x68"}, {"name": "IMR1", "offset": "0x6c"}, {"name": "EMR1", "offset": "0x70"}, {"name": "CCR2", "offset": "0x80"}, {"name": "CMR2", "offset": "0x84"}, {"name": "CMR2_WAVE_EQ_1", "offset": "0x84"}, {"name": "SMMR2", "offset": "0x88"}, {"name": "RAB2", "offset": "0x8c"}, {"name": "CV2", "offset": "0x90"}, {"name": "RA2", "offset": "0x94"}, {"name": "RB2", "offset": "0x98"}, {"name": "RC2", "offset": "0x9c"}, {"name": "SR2", "offset": "0xa0"}, {"name": "IER2", "offset": "0xa4"}, {"name": "IDR2", "offset": "0xa8"}, {"name": "IMR2", "offset": "0xac"}, {"name": "EMR2", "offset": "0xb0"}, {"name": "BCR", "offset": "0xc0"}, {"name": "BMR", "offset": "0xc4"}, {"name": "QIER", "offset": "0xc8"}, {"name": "QIDR", "offset": "0xcc"}, {"name": "QIMR", "offset": "0xd0"}, {"name": "QISR", "offset": "0xd4"}, {"name": "FMR", "offset": "0xd8"}, {"name": "WPMR", "offset": "0xe4"}, {"name": "RPR0", "offset": "0x100"}, {"name": "RCR0", "offset": "0x104"}, {"name": "RNPR0", "offset": "0x110"}, {"name": "RNCR0", "offset": "0x114"}, {"name": "PTCR0", "offset": "0x120"}, {"name": "PTSR0", "offset": "0x124"}, {"name": "RPR1", "offset": "0x140"}, {"name": "RCR1", "offset": "0x144"}, {"name": "RNPR1", "offset": "0x150"}, {"name": "RNCR1", "offset": "0x154"}, {"name": "PTCR1", "offset": "0x160"}, {"name": "PTSR1", "offset": "0x164"}, {"name": "RPR2", "offset": "0x180"}, {"name": "RCR2", "offset": "0x184"}, {"name": "RNPR2", "offset": "0x190"}, {"name": "RNCR2", "offset": "0x194"}, {"name": "PTCR2", "offset": "0x1a0"}, {"name": "PTSR2", "offset": "0x1a4"}]}, {"name": "TC1", "start": "0x40094000", "end": "0x40097fff", "size": "0x4000", "comment": "", "registers": [{"name": "CCR0", "offset": "0x0"}, {"name": "CMR0", "offset": "0x4"}, {"name": "CMR0_WAVE_EQ_1", "offset": "0x4"}, {"name": "SMMR0", "offset": "0x8"}, {"name": "RAB0", "offset": "0xc"}, {"name": "CV0", "offset": "0x10"}, {"name": "RA0", "offset": "0x14"}, {"name": "RB0", "offset": "0x18"}, {"name": "RC0", "offset": "0x1c"}, {"name": "SR0", "offset": "0x20"}, {"name": "IER0", "offset": "0x24"}, {"name": "IDR0", "offset": "0x28"}, {"name": "IMR0", "offset": "0x2c"}, {"name": "EMR0", "offset": "0x30"}, {"name": "CCR1", "offset": "0x40"}, {"name": "CMR1", "offset": "0x44"}, {"name": "CMR1_WAVE_EQ_1", "offset": "0x44"}, {"name": "SMMR1", "offset": "0x48"}, {"name": "RAB1", "offset": "0x4c"}, {"name": "CV1", "offset": "0x50"}, {"name": "RA1", "offset": "0x54"}, {"name": "RB1", "offset": "0x58"}, {"name": "RC1", "offset": "0x5c"}, {"name": "SR1", "offset": "0x60"}, {"name": "IER1", "offset": "0x64"}, {"name": "IDR1", "offset": "0x68"}, {"name": "IMR1", "offset": "0x6c"}, {"name": "EMR1", "offset": "0x70"}, {"name": "CCR2", "offset": "0x80"}, {"name": "CMR2", "offset": "0x84"}, {"name": "CMR2_WAVE_EQ_1", "offset": "0x84"}, {"name": "SMMR2", "offset": "0x88"}, {"name": "RAB2", "offset": "0x8c"}, {"name": "CV2", "offset": "0x90"}, {"name": "RA2", "offset": "0x94"}, {"name": "RB2", "offset": "0x98"}, {"name": "RC2", "offset": "0x9c"}, {"name": "SR2", "offset": "0xa0"}, {"name": "IER2", "offset": "0xa4"}, {"name": "IDR2", "offset": "0xa8"}, {"name": "IMR2", "offset": "0xac"}, {"name": "EMR2", "offset": "0xb0"}, {"name": "BCR", "offset": "0xc0"}, {"name": "BMR", "offset": "0xc4"}, {"name": "QIER", "offset": "0xc8"}, {"name": "QIDR", "offset": "0xcc"}, {"name": "QIMR", "offset": "0xd0"}, {"name": "QISR", "offset": "0xd4"}, {"name": "FMR", "offset": "0xd8"}, {"name": "WPMR", "offset": "0xe4"}, {"name": "RPR0", "offset": "0x100"}, {"name": "RCR0", "offset": "0x104"}, {"name": "RNPR0", "offset": "0x110"}, {"name": "RNCR0", "offset": "0x114"}, {"name": "PTCR0", "offset": "0x120"}, {"name": "PTSR0", "offset": "0x124"}, {"name": "RPR1", "offset": "0x140"}, {"name": "RCR1", "offset": "0x144"}, {"name": "RNPR1", "offset": "0x150"}, {"name": "RNCR1", "offset": "0x154"}, {"name": "PTCR1", "offset": "0x160"}, {"name": "PTSR1", "offset": "0x164"}, {"name": "RPR2", "offset": "0x180"}, {"name": "RCR2", "offset": "0x184"}, {"name": "RNPR2", "offset": "0x190"}, {"name": "RNCR2", "offset": "0x194"}, {"name": "PTCR2", "offset": "0x1a0"}, {"name": "PTSR2", "offset": "0x1a4"}]}, {"name": "TC2", "start": "0x40098000", "end": "0x4009bfff", "size": "0x4000", "comment": "", "registers": [{"name": "CCR0", "offset": "0x0"}, {"name": "CMR0", "offset": "0x4"}, {"name": "CMR0_WAVE_EQ_1", "offset": "0x4"}, {"name": "SMMR0", "offset": "0x8"}, {"name": "RAB0", "offset": "0xc"}, {"name": "CV0", "offset": "0x10"}, {"name": "RA0", "offset": "0x14"}, {"name": "RB0", "offset": "0x18"}, {"name": "RC0", "offset": "0x1c"}, {"name": "SR0", "offset": "0x20"}, {"name": "IER0", "offset": "0x24"}, {"name": "IDR0", "offset": "0x28"}, {"name": "IMR0", "offset": "0x2c"}, {"name": "EMR0", "offset": "0x30"}, {"name": "CCR1", "offset": "0x40"}, {"name": "CMR1", "offset": "0x44"}, {"name": "CMR1_WAVE_EQ_1", "offset": "0x44"}, {"name": "SMMR1", "offset": "0x48"}, {"name": "RAB1", "offset": "0x4c"}, {"name": "CV1", "offset": "0x50"}, {"name": "RA1", "offset": "0x54"}, {"name": "RB1", "offset": "0x58"}, {"name": "RC1", "offset": "0x5c"}, {"name": "SR1", "offset": "0x60"}, {"name": "IER1", "offset": "0x64"}, {"name": "IDR1", "offset": "0x68"}, {"name": "IMR1", "offset": "0x6c"}, {"name": "EMR1", "offset": "0x70"}, {"name": "CCR2", "offset": "0x80"}, {"name": "CMR2", "offset": "0x84"}, {"name": "CMR2_WAVE_EQ_1", "offset": "0x84"}, {"name": "SMMR2", "offset": "0x88"}, {"name": "RAB2", "offset": "0x8c"}, {"name": "CV2", "offset": "0x90"}, {"name": "RA2", "offset": "0x94"}, {"name": "RB2", "offset": "0x98"}, {"name": "RC2", "offset": "0x9c"}, {"name": "SR2", "offset": "0xa0"}, {"name": "IER2", "offset": "0xa4"}, {"name": "IDR2", "offset": "0xa8"}, {"name": "IMR2", "offset": "0xac"}, {"name": "EMR2", "offset": "0xb0"}, {"name": "BCR", "offset": "0xc0"}, {"name": "BMR", "offset": "0xc4"}, {"name": "QIER", "offset": "0xc8"}, {"name": "QIDR", "offset": "0xcc"}, {"name": "QIMR", "offset": "0xd0"}, {"name": "QISR", "offset": "0xd4"}, {"name": "FMR", "offset": "0xd8"}, {"name": "WPMR", "offset": "0xe4"}]}, {"name": "USART0", "start": "0x400a0000", "end": "0x400a3fff", "size": "0x4000", "comment": "", "registers": [{"name": "CR", "offset": "0x0"}, {"name": "CR_SPI_MODE", "offset": "0x0"}, {"name": "MR", "offset": "0x4"}, {"name": "MR_SPI_MODE", "offset": "0x4"}, {"name": "IER", "offset": "0x8"}, {"name": "IER_SPI_MODE", "offset": "0x8"}, {"name": "IDR", "offset": "0xc"}, {"name": "IDR_SPI_MODE", "offset": "0xc"}, {"name": "IMR", "offset": "0x10"}, {"name": "IMR_SPI_MODE", "offset": "0x10"}, {"name": "CSR", "offset": "0x14"}, {"name": "CSR_SPI_MODE", "offset": "0x14"}, {"name": "RHR", "offset": "0x18"}, {"name": "THR", "offset": "0x1c"}, {"name": "BRGR", "offset": "0x20"}, {"name": "RTOR", "offset": "0x24"}, {"name": "TTGR", "offset": "0x28"}, {"name": "FIDI", "offset": "0x40"}, {"name": "NER", "offset": "0x44"}, {"name": "IF", "offset": "0x4c"}, {"name": "MAN", "offset": "0x50"}, {"name": "WPMR", "offset": "0xe4"}, {"name": "WPSR", "offset": "0xe8"}, {"name": "RPR", "offset": "0x100"}, {"name": "RCR", "offset": "0x104"}, {"name": "TPR", "offset": "0x108"}, {"name": "TCR", "offset": "0x10c"}, {"name": "RNPR", "offset": "0x110"}, {"name": "RNCR", "offset": "0x114"}, {"name": "TNPR", "offset": "0x118"}, {"name": "TNCR", "offset": "0x11c"}, {"name": "PTCR", "offset": "0x120"}, {"name": "PTSR", "offset": "0x124"}]}, {"name": "USART1", "start": "0x400a4000", "end": "0x400a7fff", "size": "0x4000", "comment": "", "registers": [{"name": "CR", "offset": "0x0"}, {"name": "CR_SPI_MODE", "offset": "0x0"}, {"name": "MR", "offset": "0x4"}, {"name": "MR_SPI_MODE", "offset": "0x4"}, {"name": "IER", "offset": "0x8"}, {"name": "IER_SPI_MODE", "offset": "0x8"}, {"name": "IDR", "offset": "0xc"}, {"name": "IDR_SPI_MODE", "offset": "0xc"}, {"name": "IMR", "offset": "0x10"}, {"name": "IMR_SPI_MODE", "offset": "0x10"}, {"name": "CSR", "offset": "0x14"}, {"name": "CSR_SPI_MODE", "offset": "0x14"}, {"name": "RHR", "offset": "0x18"}, {"name": "THR", "offset": "0x1c"}, {"name": "BRGR", "offset": "0x20"}, {"name": "RTOR", "offset": "0x24"}, {"name": "TTGR", "offset": "0x28"}, {"name": "FIDI", "offset": "0x40"}, {"name": "NER", "offset": "0x44"}, {"name": "IF", "offset": "0x4c"}, {"name": "MAN", "offset": "0x50"}, {"name": "WPMR", "offset": "0xe4"}, {"name": "WPSR", "offset": "0xe8"}, {"name": "RPR", "offset": "0x100"}, {"name": "RCR", "offset": "0x104"}, {"name": "TPR", "offset": "0x108"}, {"name": "TCR", "offset": "0x10c"}, {"name": "RNPR", "offset": "0x110"}, {"name": "RNCR", "offset": "0x114"}, {"name": "TNPR", "offset": "0x118"}, {"name": "TNCR", "offset": "0x11c"}, {"name": "PTCR", "offset": "0x120"}, {"name": "PTSR", "offset": "0x124"}]}, {"name": "TWI0", "start": "0x400a8000", "end": "0x400affff", "size": "0x8000", "comment": "", "registers": [{"name": "CR", "offset": "0x0"}, {"name": "MMR", "offset": "0x4"}, {"name": "SMR", "offset": "0x8"}, {"name": "IADR", "offset": "0xc"}, {"name": "CWGR", "offset": "0x10"}, {"name": "SR", "offset": "0x20"}, {"name": "IER", "offset": "0x24"}, {"name": "IDR", "offset": "0x28"}, {"name": "IMR", "offset": "0x2c"}, {"name": "RHR", "offset": "0x30"}, {"name": "THR", "offset": "0x34"}, {"name": "WPROT_MODE", "offset": "0xe4"}, {"name": "WPROT_STATUS", "offset": "0xe8"}, {"name": "RPR", "offset": "0x100"}, {"name": "RCR", "offset": "0x104"}, {"name": "TPR", "offset": "0x108"}, {"name": "TCR", "offset": "0x10c"}, {"name": "RNPR", "offset": "0x110"}, {"name": "RNCR", "offset": "0x114"}, {"name": "TNPR", "offset": "0x118"}, {"name": "TNCR", "offset": "0x11c"}, {"name": "PTCR", "offset": "0x120"}, {"name": "PTSR", "offset": "0x124"}]}, {"name": "TWI1", "start": "0x400ac000", "end": "0x400b3fff", "size": "0x8000", "comment": "", "registers": [{"name": "CR", "offset": "0x0"}, {"name": "MMR", "offset": "0x4"}, {"name": "SMR", "offset": "0x8"}, {"name": "IADR", "offset": "0xc"}, {"name": "CWGR", "offset": "0x10"}, {"name": "SR", "offset": "0x20"}, {"name": "IER", "offset": "0x24"}, {"name": "IDR", "offset": "0x28"}, {"name": "IMR", "offset": "0x2c"}, {"name": "RHR", "offset": "0x30"}, {"name": "THR", "offset": "0x34"}, {"name": "WPROT_MODE", "offset": "0xe4"}, {"name": "WPROT_STATUS", "offset": "0xe8"}, {"name": "RPR", "offset": "0x100"}, {"name": "RCR", "offset": "0x104"}, {"name": "TPR", "offset": "0x108"}, {"name": "TCR", "offset": "0x10c"}, {"name": "RNPR", "offset": "0x110"}, {"name": "RNCR", "offset": "0x114"}, {"name": "TNPR", "offset": "0x118"}, {"name": "TNCR", "offset": "0x11c"}, {"name": "PTCR", "offset": "0x120"}, {"name": "PTSR", "offset": "0x124"}]}, {"name": "AFEC0", "start": "0x400b0000", "end": "0x400b3fff", "size": "0x4000", "comment": "", "registers": [{"name": "CR", "offset": "0x0"}, {"name": "MR", "offset": "0x4"}, {"name": "EMR", "offset": "0x8"}, {"name": "SEQ1R", "offset": "0xc"}, {"name": "SEQ2R", "offset": "0x10"}, {"name": "CHER", "offset": "0x14"}, {"name": "CHDR", "offset": "0x18"}, {"name": "CHSR", "offset": "0x1c"}, {"name": "LCDR", "offset": "0x20"}, {"name": "IER", "offset": "0x24"}, {"name": "IDR", "offset": "0x28"}, {"name": "IMR", "offset": "0x2c"}, {"name": "ISR", "offset": "0x30"}, {"name": "OVER", "offset": "0x4c"}, {"name": "CWR", "offset": "0x50"}, {"name": "CGR", "offset": "0x54"}, {"name": "CDOR", "offset": "0x5c"}, {"name": "DIFFR", "offset": "0x60"}, {"name": "CSELR", "offset": "0x64"}, {"name": "CDR", "offset": "0x68"}, {"name": "COCR", "offset": "0x6c"}, {"name": "TEMPMR", "offset": "0x70"}, {"name": "TEMPCWR", "offset": "0x74"}, {"name": "ACR", "offset": "0x94"}, {"name": "WPMR", "offset": "0xe4"}, {"name": "WPSR", "offset": "0xe8"}, {"name": "RPR", "offset": "0x100"}, {"name": "RCR", "offset": "0x104"}, {"name": "RNPR", "offset": "0x110"}, {"name": "RNCR", "offset": "0x114"}, {"name": "PTCR", "offset": "0x120"}, {"name": "PTSR", "offset": "0x124"}]}, {"name": "AFEC1", "start": "0x400b4000", "end": "0x400b7fff", "size": "0x4000", "comment": "", "registers": [{"name": "CR", "offset": "0x0"}, {"name": "MR", "offset": "0x4"}, {"name": "EMR", "offset": "0x8"}, {"name": "SEQ1R", "offset": "0xc"}, {"name": "SEQ2R", "offset": "0x10"}, {"name": "CHER", "offset": "0x14"}, {"name": "CHDR", "offset": "0x18"}, {"name": "CHSR", "offset": "0x1c"}, {"name": "LCDR", "offset": "0x20"}, {"name": "IER", "offset": "0x24"}, {"name": "IDR", "offset": "0x28"}, {"name": "IMR", "offset": "0x2c"}, {"name": "ISR", "offset": "0x30"}, {"name": "OVER", "offset": "0x4c"}, {"name": "CWR", "offset": "0x50"}, {"name": "CGR", "offset": "0x54"}, {"name": "CDOR", "offset": "0x5c"}, {"name": "DIFFR", "offset": "0x60"}, {"name": "CSELR", "offset": "0x64"}, {"name": "CDR", "offset": "0x68"}, {"name": "COCR", "offset": "0x6c"}, {"name": "TEMPMR", "offset": "0x70"}, {"name": "TEMPCWR", "offset": "0x74"}, {"name": "ACR", "offset": "0x94"}, {"name": "WPMR", "offset": "0xe4"}, {"name": "WPSR", "offset": "0xe8"}, {"name": "RPR", "offset": "0x100"}, {"name": "RCR", "offset": "0x104"}, {"name": "RNPR", "offset": "0x110"}, {"name": "RNCR", "offset": "0x114"}, {"name": "PTCR", "offset": "0x120"}, {"name": "PTSR", "offset": "0x124"}]}, {"name": "DACC", "start": "0x400b8000", "end": "0x400bbfff", "size": "0x4000", "comment": "", "registers": [{"name": "CR", "offset": "0x0"}, {"name": "MR", "offset": "0x4"}, {"name": "CHER", "offset": "0x10"}, {"name": "CHDR", "offset": "0x14"}, {"name": "CHSR", "offset": "0x18"}, {"name": "CDR", "offset": "0x20"}, {"name": "IER", "offset": "0x24"}, {"name": "IDR", "offset": "0x28"}, {"name": "IMR", "offset": "0x2c"}, {"name": "ISR", "offset": "0x30"}, {"name": "ACR", "offset": "0x94"}, {"name": "WPMR", "offset": "0xe4"}, {"name": "WPSR", "offset": "0xe8"}, {"name": "TPR", "offset": "0x108"}, {"name": "TCR", "offset": "0x10c"}, {"name": "TNPR", "offset": "0x118"}, {"name": "TNCR", "offset": "0x11c"}, {"name": "PTCR", "offset": "0x120"}, {"name": "PTSR", "offset": "0x124"}]}, {"name": "ACC", "start": "0x400bc000", "end": "0x400bffff", "size": "0x4000", "comment": "", "registers": [{"name": "CR", "offset": "0x0"}, {"name": "MR", "offset": "0x4"}, {"name": "IER", "offset": "0x24"}, {"name": "IDR", "offset": "0x28"}, {"name": "IMR", "offset": "0x2c"}, {"name": "ISR", "offset": "0x30"}, {"name": "ACR", "offset": "0x94"}, {"name": "WPMR", "offset": "0xe4"}, {"name": "WPSR", "offset": "0xe8"}]}, {"name": "DMAC", "start": "0x400c0000", "end": "0x400c3fff", "size": "0x4000", "comment": "", "registers": [{"name": "GCFG", "offset": "0x0"}, {"name": "EN", "offset": "0x4"}, {"name": "SREQ", "offset": "0x8"}, {"name": "CREQ", "offset": "0xc"}, {"name": "LAST", "offset": "0x10"}, {"name": "EBCIER", "offset": "0x18"}, {"name": "EBCIDR", "offset": "0x1c"}, {"name": "EBCIMR", "offset": "0x20"}, {"name": "EBCISR", "offset": "0x24"}, {"name": "CHER", "offset": "0x28"}, {"name": "CHDR", "offset": "0x2c"}, {"name": "CHSR", "offset": "0x30"}, {"name": "SADDR0", "offset": "0x3c"}, {"name": "DADDR0", "offset": "0x40"}, {"name": "DSCR0", "offset": "0x44"}, {"name": "CTRLA0", "offset": "0x48"}, {"name": "CTRLB0", "offset": "0x4c"}, {"name": "CFG0", "offset": "0x50"}, {"name": "SADDR1", "offset": "0x64"}, {"name": "DADDR1", "offset": "0x68"}, {"name": "DSCR1", "offset": "0x6c"}, {"name": "CTRLA1", "offset": "0x70"}, {"name": "CTRLB1", "offset": "0x74"}, {"name": "CFG1", "offset": "0x78"}, {"name": "SADDR2", "offset": "0x8c"}, {"name": "DADDR2", "offset": "0x90"}, {"name": "DSCR2", "offset": "0x94"}, {"name": "CTRLA2", "offset": "0x98"}, {"name": "CTRLB2", "offset": "0x9c"}, {"name": "CFG2", "offset": "0xa0"}, {"name": "SADDR3", "offset": "0xb4"}, {"name": "DADDR3", "offset": "0xb8"}, {"name": "DSCR3", "offset": "0xbc"}, {"name": "CTRLA3", "offset": "0xc0"}, {"name": "CTRLB3", "offset": "0xc4"}, {"name": "CFG3", "offset": "0xc8"}, {"name": "WPMR", "offset": "0x1e4"}, {"name": "WPSR", "offset": "0x1e8"}]}, {"name": "CMCC", "start": "0x400c4000", "end": "0x400c7fff", "size": "0x4000", "comment": "", "registers": [{"name": "TYPE", "offset": "0x0"}, {"name": "CFG", "offset": "0x4"}, {"name": "CTRL", "offset": "0x8"}, {"name": "SR", "offset": "0xc"}, {"name": "MAINT0", "offset": "0x20"}, {"name": "MAINT1", "offset": "0x24"}, {"name": "MCFG", "offset": "0x28"}, {"name": "MEN", "offset": "0x2c"}, {"name": "MCTRL", "offset": "0x30"}, {"name": "MSR", "offset": "0x34"}]}, {"name": "MATRIX", "start": "0x400e0200", "end": "0x400e03ff", "size": "0x200", "comment": "", "registers": [{"name": "PRAS0", "offset": "0x80"}, {"name": "PRBS0", "offset": "0x84"}, {"name": "PRAS1", "offset": "0x88"}, {"name": "PRBS1", "offset": "0x8c"}, {"name": "PRAS2", "offset": "0x90"}, {"name": "PRBS2", "offset": "0x94"}, {"name": "PRAS3", "offset": "0x98"}, {"name": "PRBS3", "offset": "0x9c"}, {"name": "PRAS4", "offset": "0xa0"}, {"name": "PRBS4", "offset": "0xa4"}, {"name": "PRAS5", "offset": "0xa8"}, {"name": "PRBS5", "offset": "0xac"}, {"name": "PRAS6", "offset": "0xb0"}, {"name": "PRBS6", "offset": "0xb4"}, {"name": "PRAS7", "offset": "0xb8"}, {"name": "PRBS7", "offset": "0xbc"}, {"name": "PRAS8", "offset": "0xc0"}, {"name": "PRBS8", "offset": "0xc4"}, {"name": "PRAS9", "offset": "0xc8"}, {"name": "PRBS9", "offset": "0xcc"}, {"name": "PRAS10", "offset": "0xd0"}, {"name": "PRBS10", "offset": "0xd4"}, {"name": "PRAS11", "offset": "0xd8"}, {"name": "PRBS11", "offset": "0xdc"}, {"name": "PRAS12", "offset": "0xe0"}, {"name": "PRBS12", "offset": "0xe4"}, {"name": "PRAS13", "offset": "0xe8"}, {"name": "PRBS13", "offset": "0xec"}, {"name": "PRAS14", "offset": "0xf0"}, {"name": "PRBS14", "offset": "0xf4"}, {"name": "PRAS15", "offset": "0xf8"}, {"name": "PRBS15", "offset": "0xfc"}, {"name": "MRCR", "offset": "0x100"}, {"name": "WPMR", "offset": "0x1e4"}, {"name": "WPSR", "offset": "0x1e8"}, {"name": "MCFG0", "offset": "0x0"}, {"name": "MCFG1", "offset": "0x4"}, {"name": "MCFG2", "offset": "0x8"}, {"name": "MCFG3", "offset": "0xc"}, {"name": "MCFG4", "offset": "0x10"}, {"name": "MCFG5", "offset": "0x14"}, {"name": "MCFG6", "offset": "0x18"}, {"name": "MCFG7", "offset": "0x1c"}, {"name": "MCFG8", "offset": "0x20"}, {"name": "MCFG9", "offset": "0x24"}, {"name": "MCFG10", "offset": "0x28"}, {"name": "MCFG11", "offset": "0x2c"}, {"name": "MCFG12", "offset": "0x30"}, {"name": "MCFG13", "offset": "0x34"}, {"name": "MCFG14", "offset": "0x38"}, {"name": "MCFG15", "offset": "0x3c"}, {"name": "SCFG0", "offset": "0x40"}, {"name": "SCFG1", "offset": "0x44"}, {"name": "SCFG2", "offset": "0x48"}, {"name": "SCFG3", "offset": "0x4c"}, {"name": "SCFG4", "offset": "0x50"}, {"name": "SCFG5", "offset": "0x54"}, {"name": "SCFG6", "offset": "0x58"}, {"name": "SCFG7", "offset": "0x5c"}, {"name": "SCFG8", "offset": "0x60"}, {"name": "SCFG9", "offset": "0x64"}, {"name": "SCFG10", "offset": "0x68"}, {"name": "SCFG11", "offset": "0x6c"}, {"name": "SCFG12", "offset": "0x70"}, {"name": "SCFG13", "offset": "0x74"}, {"name": "SCFG14", "offset": "0x78"}, {"name": "SCFG15", "offset": "0x7c"}, {"name": "SFR0", "offset": "0x110"}, {"name": "SFR1", "offset": "0x114"}, {"name": "SFR2", "offset": "0x118"}, {"name": "SFR3", "offset": "0x11c"}, {"name": "SFR4", "offset": "0x120"}, {"name": "SFR5", "offset": "0x124"}, {"name": "SFR6", "offset": "0x128"}, {"name": "SFR7", "offset": "0x12c"}, {"name": "SFR8", "offset": "0x130"}, {"name": "SFR9", "offset": "0x134"}, {"name": "SFR10", "offset": "0x138"}, {"name": "SFR11", "offset": "0x13c"}, {"name": "SFR12", "offset": "0x140"}, {"name": "SFR13", "offset": "0x144"}, {"name": "SFR14", "offset": "0x148"}, {"name": "SFR15", "offset": "0x14c"}]}, {"name": "PMC", "start": "0x400e0400", "end": "0x400e053f", "size": "0x140", "comment": "", "registers": [{"name": "PMC_SCER", "offset": "0x0"}, {"name": "PMC_SCDR", "offset": "0x4"}, {"name": "PMC_SCSR", "offset": "0x8"}, {"name": "PMC_PCER0", "offset": "0x10"}, {"name": "PMC_PCDR0", "offset": "0x14"}, {"name": "PMC_PCSR0", "offset": "0x18"}, {"name": "CKGR_MOR", "offset": "0x20"}, {"name": "CKGR_MCFR", "offset": "0x24"}, {"name": "CKGR_PLLAR", "offset": "0x28"}, {"name": "PMC_MCKR", "offset": "0x30"}, {"name": "PMC_USB", "offset": "0x38"}, {"name": "PMC_IER", "offset": "0x60"}, {"name": "PMC_IDR", "offset": "0x64"}, {"name": "PMC_SR", "offset": "0x68"}, {"name": "PMC_IMR", "offset": "0x6c"}, {"name": "PMC_FSMR", "offset": "0x70"}, {"name": "PMC_FSPR", "offset": "0x74"}, {"name": "PMC_FOCR", "offset": "0x78"}, {"name": "PMC_WPMR", "offset": "0xe4"}, {"name": "PMC_WPSR", "offset": "0xe8"}, {"name": "PMC_PCER1", "offset": "0x100"}, {"name": "PMC_PCDR1", "offset": "0x104"}, {"name": "PMC_PCSR1", "offset": "0x108"}, {"name": "PMC_OCR", "offset": "0x110"}, {"name": "PMC_PCK0", "offset": "0x40"}, {"name": "PMC_PCK1", "offset": "0x44"}, {"name": "PMC_PCK2", "offset": "0x48"}]}, {"name": "UART0", "start": "0x400e0600", "end": "0x400e0727", "size": "0x128", "comment": "", "registers": [{"name": "CR", "offset": "0x0"}, {"name": "MR", "offset": "0x4"}, {"name": "IER", "offset": "0x8"}, {"name": "IDR", "offset": "0xc"}, {"name": "IMR", "offset": "0x10"}, {"name": "SR", "offset": "0x14"}, {"name": "RHR", "offset": "0x18"}, {"name": "THR", "offset": "0x1c"}, {"name": "BRGR", "offset": "0x20"}, {"name": "RPR", "offset": "0x100"}, {"name": "RCR", "offset": "0x104"}, {"name": "TPR", "offset": "0x108"}, {"name": "TCR", "offset": "0x10c"}, {"name": "RNPR", "offset": "0x110"}, {"name": "RNCR", "offset": "0x114"}, {"name": "TNPR", "offset": "0x118"}, {"name": "TNCR", "offset": "0x11c"}, {"name": "PTCR", "offset": "0x120"}, {"name": "PTSR", "offset": "0x124"}]}, {"name": "CHIPID", "start": "0x400e0740", "end": "0x400e093f", "size": "0x200", "comment": "", "registers": [{"name": "CIDR", "offset": "0x0"}, {"name": "EXID", "offset": "0x4"}]}, {"name": "EFC", "start": "0x400e0a00", "end": "0x400e0bff", "size": "0x200", "comment": "", "registers": [{"name": "FMR", "offset": "0x0"}, {"name": "FCR", "offset": "0x4"}, {"name": "FSR", "offset": "0x8"}, {"name": "FRR", "offset": "0xc"}]}, {"name": "PIOA", "start": "0x400e0e00", "end": "0x400e0fff", "size": "0x200", "comment": "", "registers": [{"name": "PER", "offset": "0x0"}, {"name": "PDR", "offset": "0x4"}, {"name": "PSR", "offset": "0x8"}, {"name": "OER", "offset": "0x10"}, {"name": "ODR", "offset": "0x14"}, {"name": "OSR", "offset": "0x18"}, {"name": "IFER", "offset": "0x20"}, {"name": "IFDR", "offset": "0x24"}, {"name": "IFSR", "offset": "0x28"}, {"name": "SODR", "offset": "0x30"}, {"name": "CODR", "offset": "0x34"}, {"name": "ODSR", "offset": "0x38"}, {"name": "PDSR", "offset": "0x3c"}, {"name": "IER", "offset": "0x40"}, {"name": "IDR", "offset": "0x44"}, {"name": "IMR", "offset": "0x48"}, {"name": "ISR", "offset": "0x4c"}, {"name": "MDER", "offset": "0x50"}, {"name": "MDDR", "offset": "0x54"}, {"name": "MDSR", "offset": "0x58"}, {"name": "PUDR", "offset": "0x60"}, {"name": "PUER", "offset": "0x64"}, {"name": "PUSR", "offset": "0x68"}, {"name": "IFSCDR", "offset": "0x80"}, {"name": "IFSCER", "offset": "0x84"}, {"name": "IFSCSR", "offset": "0x88"}, {"name": "SCDR", "offset": "0x8c"}, {"name": "PPDDR", "offset": "0x90"}, {"name": "PPDER", "offset": "0x94"}, {"name": "PPDSR", "offset": "0x98"}, {"name": "OWER", "offset": "0xa0"}, {"name": "OWDR", "offset": "0xa4"}, {"name": "OWSR", "offset": "0xa8"}, {"name": "AIMER", "offset": "0xb0"}, {"name": "AIMDR", "offset": "0xb4"}, {"name": "AIMMR", "offset": "0xb8"}, {"name": "ESR", "offset": "0xc0"}, {"name": "LSR", "offset": "0xc4"}, {"name": "ELSR", "offset": "0xc8"}, {"name": "FELLSR", "offset": "0xd0"}, {"name": "REHLSR", "offset": "0xd4"}, {"name": "FRLHSR", "offset": "0xd8"}, {"name": "LOCKSR", "offset": "0xe0"}, {"name": "WPMR", "offset": "0xe4"}, {"name": "WPSR", "offset": "0xe8"}, {"name": "SCHMITT", "offset": "0x100"}, {"name": "DELAYR", "offset": "0x110"}, {"name": "PCMR", "offset": "0x150"}, {"name": "PCIER", "offset": "0x154"}, {"name": "PCIDR", "offset": "0x158"}, {"name": "PCIMR", "offset": "0x15c"}, {"name": "PCISR", "offset": "0x160"}, {"name": "PCRHR", "offset": "0x164"}, {"name": "RPR", "offset": "0x168"}, {"name": "RCR", "offset": "0x16c"}, {"name": "RNPR", "offset": "0x178"}, {"name": "RNCR", "offset": "0x17c"}, {"name": "PTCR", "offset": "0x188"}, {"name": "PTSR", "offset": "0x18c"}, {"name": "ABCDSR0", "offset": "0x70"}, {"name": "ABCDSR1", "offset": "0x74"}]}, {"name": "PIOB", "start": "0x400e1000", "end": "0x400e11ff", "size": "0x200", "comment": "", "registers": [{"name": "PER", "offset": "0x0"}, {"name": "PDR", "offset": "0x4"}, {"name": "PSR", "offset": "0x8"}, {"name": "OER", "offset": "0x10"}, {"name": "ODR", "offset": "0x14"}, {"name": "OSR", "offset": "0x18"}, {"name": "IFER", "offset": "0x20"}, {"name": "IFDR", "offset": "0x24"}, {"name": "IFSR", "offset": "0x28"}, {"name": "SODR", "offset": "0x30"}, {"name": "CODR", "offset": "0x34"}, {"name": "ODSR", "offset": "0x38"}, {"name": "PDSR", "offset": "0x3c"}, {"name": "IER", "offset": "0x40"}, {"name": "IDR", "offset": "0x44"}, {"name": "IMR", "offset": "0x48"}, {"name": "ISR", "offset": "0x4c"}, {"name": "MDER", "offset": "0x50"}, {"name": "MDDR", "offset": "0x54"}, {"name": "MDSR", "offset": "0x58"}, {"name": "PUDR", "offset": "0x60"}, {"name": "PUER", "offset": "0x64"}, {"name": "PUSR", "offset": "0x68"}, {"name": "IFSCDR", "offset": "0x80"}, {"name": "IFSCER", "offset": "0x84"}, {"name": "IFSCSR", "offset": "0x88"}, {"name": "SCDR", "offset": "0x8c"}, {"name": "PPDDR", "offset": "0x90"}, {"name": "PPDER", "offset": "0x94"}, {"name": "PPDSR", "offset": "0x98"}, {"name": "OWER", "offset": "0xa0"}, {"name": "OWDR", "offset": "0xa4"}, {"name": "OWSR", "offset": "0xa8"}, {"name": "AIMER", "offset": "0xb0"}, {"name": "AIMDR", "offset": "0xb4"}, {"name": "AIMMR", "offset": "0xb8"}, {"name": "ESR", "offset": "0xc0"}, {"name": "LSR", "offset": "0xc4"}, {"name": "ELSR", "offset": "0xc8"}, {"name": "FELLSR", "offset": "0xd0"}, {"name": "REHLSR", "offset": "0xd4"}, {"name": "FRLHSR", "offset": "0xd8"}, {"name": "LOCKSR", "offset": "0xe0"}, {"name": "WPMR", "offset": "0xe4"}, {"name": "WPSR", "offset": "0xe8"}, {"name": "SCHMITT", "offset": "0x100"}, {"name": "DELAYR", "offset": "0x110"}, {"name": "PCMR", "offset": "0x150"}, {"name": "PCIER", "offset": "0x154"}, {"name": "PCIDR", "offset": "0x158"}, {"name": "PCIMR", "offset": "0x15c"}, {"name": "PCISR", "offset": "0x160"}, {"name": "PCRHR", "offset": "0x164"}, {"name": "ABCDSR0", "offset": "0x70"}, {"name": "ABCDSR1", "offset": "0x74"}]}, {"name": "PIOC", "start": "0x400e1200", "end": "0x400e13ff", "size": "0x200", "comment": "", "registers": [{"name": "PER", "offset": "0x0"}, {"name": "PDR", "offset": "0x4"}, {"name": "PSR", "offset": "0x8"}, {"name": "OER", "offset": "0x10"}, {"name": "ODR", "offset": "0x14"}, {"name": "OSR", "offset": "0x18"}, {"name": "IFER", "offset": "0x20"}, {"name": "IFDR", "offset": "0x24"}, {"name": "IFSR", "offset": "0x28"}, {"name": "SODR", "offset": "0x30"}, {"name": "CODR", "offset": "0x34"}, {"name": "ODSR", "offset": "0x38"}, {"name": "PDSR", "offset": "0x3c"}, {"name": "IER", "offset": "0x40"}, {"name": "IDR", "offset": "0x44"}, {"name": "IMR", "offset": "0x48"}, {"name": "ISR", "offset": "0x4c"}, {"name": "MDER", "offset": "0x50"}, {"name": "MDDR", "offset": "0x54"}, {"name": "MDSR", "offset": "0x58"}, {"name": "PUDR", "offset": "0x60"}, {"name": "PUER", "offset": "0x64"}, {"name": "PUSR", "offset": "0x68"}, {"name": "IFSCDR", "offset": "0x80"}, {"name": "IFSCER", "offset": "0x84"}, {"name": "IFSCSR", "offset": "0x88"}, {"name": "SCDR", "offset": "0x8c"}, {"name": "PPDDR", "offset": "0x90"}, {"name": "PPDER", "offset": "0x94"}, {"name": "PPDSR", "offset": "0x98"}, {"name": "OWER", "offset": "0xa0"}, {"name": "OWDR", "offset": "0xa4"}, {"name": "OWSR", "offset": "0xa8"}, {"name": "AIMER", "offset": "0xb0"}, {"name": "AIMDR", "offset": "0xb4"}, {"name": "AIMMR", "offset": "0xb8"}, {"name": "ESR", "offset": "0xc0"}, {"name": "LSR", "offset": "0xc4"}, {"name": "ELSR", "offset": "0xc8"}, {"name": "FELLSR", "offset": "0xd0"}, {"name": "REHLSR", "offset": "0xd4"}, {"name": "FRLHSR", "offset": "0xd8"}, {"name": "LOCKSR", "offset": "0xe0"}, {"name": "WPMR", "offset": "0xe4"}, {"name": "WPSR", "offset": "0xe8"}, {"name": "SCHMITT", "offset": "0x100"}, {"name": "DELAYR", "offset": "0x110"}, {"name": "PCMR", "offset": "0x150"}, {"name": "PCIER", "offset": "0x154"}, {"name": "PCIDR", "offset": "0x158"}, {"name": "PCIMR", "offset": "0x15c"}, {"name": "PCISR", "offset": "0x160"}, {"name": "PCRHR", "offset": "0x164"}, {"name": "ABCDSR0", "offset": "0x70"}, {"name": "ABCDSR1", "offset": "0x74"}]}, {"name": "PIOD", "start": "0x400e1400", "end": "0x400e15ff", "size": "0x200", "comment": "", "registers": [{"name": "PER", "offset": "0x0"}, {"name": "PDR", "offset": "0x4"}, {"name": "PSR", "offset": "0x8"}, {"name": "OER", "offset": "0x10"}, {"name": "ODR", "offset": "0x14"}, {"name": "OSR", "offset": "0x18"}, {"name": "IFER", "offset": "0x20"}, {"name": "IFDR", "offset": "0x24"}, {"name": "IFSR", "offset": "0x28"}, {"name": "SODR", "offset": "0x30"}, {"name": "CODR", "offset": "0x34"}, {"name": "ODSR", "offset": "0x38"}, {"name": "PDSR", "offset": "0x3c"}, {"name": "IER", "offset": "0x40"}, {"name": "IDR", "offset": "0x44"}, {"name": "IMR", "offset": "0x48"}, {"name": "ISR", "offset": "0x4c"}, {"name": "MDER", "offset": "0x50"}, {"name": "MDDR", "offset": "0x54"}, {"name": "MDSR", "offset": "0x58"}, {"name": "PUDR", "offset": "0x60"}, {"name": "PUER", "offset": "0x64"}, {"name": "PUSR", "offset": "0x68"}, {"name": "IFSCDR", "offset": "0x80"}, {"name": "IFSCER", "offset": "0x84"}, {"name": "IFSCSR", "offset": "0x88"}, {"name": "SCDR", "offset": "0x8c"}, {"name": "PPDDR", "offset": "0x90"}, {"name": "PPDER", "offset": "0x94"}, {"name": "PPDSR", "offset": "0x98"}, {"name": "OWER", "offset": "0xa0"}, {"name": "OWDR", "offset": "0xa4"}, {"name": "OWSR", "offset": "0xa8"}, {"name": "AIMER", "offset": "0xb0"}, {"name": "AIMDR", "offset": "0xb4"}, {"name": "AIMMR", "offset": "0xb8"}, {"name": "ESR", "offset": "0xc0"}, {"name": "LSR", "offset": "0xc4"}, {"name": "ELSR", "offset": "0xc8"}, {"name": "FELLSR", "offset": "0xd0"}, {"name": "REHLSR", "offset": "0xd4"}, {"name": "FRLHSR", "offset": "0xd8"}, {"name": "LOCKSR", "offset": "0xe0"}, {"name": "WPMR", "offset": "0xe4"}, {"name": "WPSR", "offset": "0xe8"}, {"name": "SCHMITT", "offset": "0x100"}, {"name": "DELAYR", "offset": "0x110"}, {"name": "PCMR", "offset": "0x150"}, {"name": "PCIER", "offset": "0x154"}, {"name": "PCIDR", "offset": "0x158"}, {"name": "PCIMR", "offset": "0x15c"}, {"name": "PCISR", "offset": "0x160"}, {"name": "PCRHR", "offset": "0x164"}, {"name": "ABCDSR0", "offset": "0x70"}, {"name": "ABCDSR1", "offset": "0x74"}]}, {"name": "PIOE", "start": "0x400e1600", "end": "0x400e17ff", "size": "0x200", "comment": "", "registers": [{"name": "PER", "offset": "0x0"}, {"name": "PDR", "offset": "0x4"}, {"name": "PSR", "offset": "0x8"}, {"name": "OER", "offset": "0x10"}, {"name": "ODR", "offset": "0x14"}, {"name": "OSR", "offset": "0x18"}, {"name": "IFER", "offset": "0x20"}, {"name": "IFDR", "offset": "0x24"}, {"name": "IFSR", "offset": "0x28"}, {"name": "SODR", "offset": "0x30"}, {"name": "CODR", "offset": "0x34"}, {"name": "ODSR", "offset": "0x38"}, {"name": "PDSR", "offset": "0x3c"}, {"name": "IER", "offset": "0x40"}, {"name": "IDR", "offset": "0x44"}, {"name": "IMR", "offset": "0x48"}, {"name": "ISR", "offset": "0x4c"}, {"name": "MDER", "offset": "0x50"}, {"name": "MDDR", "offset": "0x54"}, {"name": "MDSR", "offset": "0x58"}, {"name": "PUDR", "offset": "0x60"}, {"name": "PUER", "offset": "0x64"}, {"name": "PUSR", "offset": "0x68"}, {"name": "IFSCDR", "offset": "0x80"}, {"name": "IFSCER", "offset": "0x84"}, {"name": "IFSCSR", "offset": "0x88"}, {"name": "SCDR", "offset": "0x8c"}, {"name": "PPDDR", "offset": "0x90"}, {"name": "PPDER", "offset": "0x94"}, {"name": "PPDSR", "offset": "0x98"}, {"name": "OWER", "offset": "0xa0"}, {"name": "OWDR", "offset": "0xa4"}, {"name": "OWSR", "offset": "0xa8"}, {"name": "AIMER", "offset": "0xb0"}, {"name": "AIMDR", "offset": "0xb4"}, {"name": "AIMMR", "offset": "0xb8"}, {"name": "ESR", "offset": "0xc0"}, {"name": "LSR", "offset": "0xc4"}, {"name": "ELSR", "offset": "0xc8"}, {"name": "FELLSR", "offset": "0xd0"}, {"name": "REHLSR", "offset": "0xd4"}, {"name": "FRLHSR", "offset": "0xd8"}, {"name": "LOCKSR", "offset": "0xe0"}, {"name": "WPMR", "offset": "0xe4"}, {"name": "WPSR", "offset": "0xe8"}, {"name": "SCHMITT", "offset": "0x100"}, {"name": "DELAYR", "offset": "0x110"}, {"name": "PCMR", "offset": "0x150"}, {"name": "PCIER", "offset": "0x154"}, {"name": "PCIDR", "offset": "0x158"}, {"name": "PCIMR", "offset": "0x15c"}, {"name": "PCISR", "offset": "0x160"}, {"name": "PCRHR", "offset": "0x164"}, {"name": "ABCDSR0", "offset": "0x70"}, {"name": "ABCDSR1", "offset": "0x74"}]}, {"name": "RSTC", "start": "0x400e1800", "end": "0x400e19ff", "size": "0x200", "comment": "", "registers": [{"name": "CR", "offset": "0x0"}, {"name": "SR", "offset": "0x4"}, {"name": "MR", "offset": "0x8"}]}, {"name": "SUPC", "start": "0x400e1810", "end": "0x400e1a0f", "size": "0x200", "comment": "", "registers": [{"name": "CR", "offset": "0x0"}, {"name": "SMMR", "offset": "0x4"}, {"name": "MR", "offset": "0x8"}, {"name": "WUMR", "offset": "0xc"}, {"name": "WUIR", "offset": "0x10"}, {"name": "SR", "offset": "0x14"}]}, {"name": "RTT", "start": "0x400e1830", "end": "0x400e1a2f", "size": "0x200", "comment": "", "registers": [{"name": "MR", "offset": "0x0"}, {"name": "AR", "offset": "0x4"}, {"name": "VR", "offset": "0x8"}, {"name": "SR", "offset": "0xc"}]}, {"name": "WDT", "start": "0x400e1850", "end": "0x400e1a4f", "size": "0x200", "comment": "", "registers": [{"name": "CR", "offset": "0x0"}, {"name": "MR", "offset": "0x4"}, {"name": "SR", "offset": "0x8"}]}, {"name": "RTC", "start": "0x400e1860", "end": "0x400e1a5f", "size": "0x200", "comment": "", "registers": [{"name": "CR", "offset": "0x0"}, {"name": "MR", "offset": "0x4"}, {"name": "TIMR", "offset": "0x8"}, {"name": "CALR", "offset": "0xc"}, {"name": "TIMALR", "offset": "0x10"}, {"name": "CALALR", "offset": "0x14"}, {"name": "SR", "offset": "0x18"}, {"name": "SCCR", "offset": "0x1c"}, {"name": "IER", "offset": "0x20"}, {"name": "IDR", "offset": "0x24"}, {"name": "IMR", "offset": "0x28"}, {"name": "VER", "offset": "0x2c"}]}, {"name": "GPBR", "start": "0x400e1890", "end": "0x400e1a8f", "size": "0x200", "comment": "", "registers": [{"name": "GPBR0", "offset": "0x0"}, {"name": "GPBR1", "offset": "0x4"}, {"name": "GPBR2", "offset": "0x8"}, {"name": "GPBR3", "offset": "0xc"}, {"name": "GPBR4", "offset": "0x10"}, {"name": "GPBR5", "offset": "0x14"}, {"name": "GPBR6", "offset": "0x18"}, {"name": "GPBR7", "offset": "0x1c"}, {"name": "GPBR8", "offset": "0x20"}, {"name": "GPBR9", "offset": "0x24"}, {"name": "GPBR10", "offset": "0x28"}, {"name": "GPBR11", "offset": "0x2c"}, {"name": "GPBR12", "offset": "0x30"}, {"name": "GPBR13", "offset": "0x34"}, {"name": "GPBR14", "offset": "0x38"}, {"name": "GPBR15", "offset": "0x3c"}, {"name": "GPBR16", "offset": "0x40"}, {"name": "GPBR17", "offset": "0x44"}, {"name": "GPBR18", "offset": "0x48"}, {"name": "GPBR19", "offset": "0x4c"}]}], "vector_table": [{"name": "StackPointer_Value", "value": -1, "addr": "0x0", "comment": "Stack pointer initial value"}, {"name": "Reset", "value": -1, "addr": "0x4", "comment": "Priority: -3"}, {"name": "NMI", "value": -1, "addr": "0x8", "comment": "Priority: -2"}, {"name": "HardFault", "value": -1, "addr": "0xc", "comment": "Priority: -1"}, {"name": "SVCall", "value": -1, "addr": "0x2c", "comment": "Priority: 3"}, {"name": "PendSV", "value": -1, "addr": "0x38", "comment": "Priority: 5"}, {"name": "SysTick", "value": -1, "addr": "0x3c", "comment": "Priority: 6"}, {"name": "ID_PMC", "value": 5, "comment": "", "addr": "0x54"}, {"name": "ID_EFC", "value": 6, "comment": "", "addr": "0x58"}, {"name": "ID_UART0", "value": 7, "comment": "", "addr": "0x5c"}, {"name": "ID_PIOA", "value": 9, "comment": "", "addr": "0x64"}, {"name": "ID_PIOB", "value": 10, "comment": "", "addr": "0x68"}, {"name": "ID_PIOC", "value": 11, "comment": "", "addr": "0x6c"}, {"name": "ID_PIOD", "value": 12, "comment": "", "addr": "0x70"}, {"name": "ID_PIOE", "value": 13, "comment": "", "addr": "0x74"}, {"name": "ID_USART0", "value": 14, "comment": "", "addr": "0x78"}, {"name": "ID_USART1", "value": 15, "comment": "", "addr": "0x7c"}, {"name": "ID_HSMCI", "value": 16, "comment": "", "addr": "0x80"}, {"name": "ID_TWI0", "value": 17, "comment": "", "addr": "0x84"}, {"name": "ID_TWI1", "value": 18, "comment": "", "addr": "0x88"}, {"name": "ID_SPI", "value": 19, "comment": "", "addr": "0x8c"}, {"name": "ID_DMAC", "value": 20, "comment": "", "addr": "0x90"}, {"name": "ID_TC0", "value": 21, "comment": "", "addr": "0x94"}, {"name": "ID_TC1", "value": 22, "comment": "", "addr": "0x98"}, {"name": "ID_TC2", "value": 23, "comment": "", "addr": "0x9c"}, {"name": "ID_TC3", "value": 24, "comment": "", "addr": "0xa0"}, {"name": "ID_TC4", "value": 25, "comment": "", "addr": "0xa4"}, {"name": "ID_TC5", "value": 26, "comment": "", "addr": "0xa8"}, {"name": "ID_TC6", "value": 27, "comment": "", "addr": "0xac"}, {"name": "ID_TC7", "value": 28, "comment": "", "addr": "0xb0"}, {"name": "ID_TC8", "value": 29, "comment": "", "addr": "0xb4"}, {"name": "ID_AFEC0", "value": 30, "comment": "", "addr": "0xb8"}, {"name": "ID_AFEC1", "value": 31, "comment": "", "addr": "0xbc"}, {"name": "ID_DACC", "value": 32, "comment": "", "addr": "0xc0"}, {"name": "ID_ACC", "value": 33, "comment": "", "addr": "0xc4"}, {"name": "ID_UDP", "value": 35, "comment": "", "addr": "0xcc"}, {"name": "ID_PWM", "value": 36, "comment": "", "addr": "0xd0"}, {"name": "ID_CAN0", "value": 37, "comment": "", "addr": "0xd4"}, {"name": "ID_CAN1", "value": 38, "comment": "", "addr": "0xd8"}, {"name": "ID_AES", "value": 39, "comment": "", "addr": "0xdc"}, {"name": "ID_GMAC", "value": 44, "comment": "", "addr": "0xf0"}, {"name": "ID_UART1", "value": 45, "comment": "", "addr": "0xf4"}]}