{"brand": "Microchip", "family": "SAME70", "name": "ATSAME70J20", "bits": 32, "mode": 1, "segments": [{"name": "SRAM", "start": "0x20000000", "end": "0x2005ffff", "size": "0x60000", "type": "DATA"}], "peripherals": [{"name": "ACC", "start": "0x40044000", "end": "0x400440eb", "size": "0xec", "comment": "", "registers": [{"name": "ACC_CR", "offset": "0x0"}, {"name": "ACC_MR", "offset": "0x4"}, {"name": "ACC_IER", "offset": "0x24"}, {"name": "ACC_IDR", "offset": "0x28"}, {"name": "ACC_IMR", "offset": "0x2c"}, {"name": "ACC_ISR", "offset": "0x30"}, {"name": "ACC_ACR", "offset": "0x94"}, {"name": "ACC_WPMR", "offset": "0xe4"}, {"name": "ACC_WPSR", "offset": "0xe8"}]}, {"name": "AES", "start": "0x4006c000", "end": "0x4006c0ab", "size": "0xac", "comment": "", "registers": [{"name": "AES_CR", "offset": "0x0"}, {"name": "AES_MR", "offset": "0x4"}, {"name": "AES_IER", "offset": "0x10"}, {"name": "AES_IDR", "offset": "0x14"}, {"name": "AES_IMR", "offset": "0x18"}, {"name": "AES_ISR", "offset": "0x1c"}, {"name": "AES_AADLENR", "offset": "0x70"}, {"name": "AES_CLENR", "offset": "0x74"}, {"name": "AES_CTRR", "offset": "0x98"}, {"name": "AES_KEYWR[0]", "offset": "0x20"}, {"name": "AES_KEYWR[1]", "offset": "0x24"}, {"name": "AES_KEYWR[2]", "offset": "0x28"}, {"name": "AES_KEYWR[3]", "offset": "0x2c"}, {"name": "AES_KEYWR[4]", "offset": "0x30"}, {"name": "AES_KEYWR[5]", "offset": "0x34"}, {"name": "AES_KEYWR[6]", "offset": "0x38"}, {"name": "AES_KEYWR[7]", "offset": "0x3c"}, {"name": "AES_IDATAR[0]", "offset": "0x40"}, {"name": "AES_IDATAR[1]", "offset": "0x44"}, {"name": "AES_IDATAR[2]", "offset": "0x48"}, {"name": "AES_IDATAR[3]", "offset": "0x4c"}, {"name": "AES_ODATAR[0]", "offset": "0x50"}, {"name": "AES_ODATAR[1]", "offset": "0x54"}, {"name": "AES_ODATAR[2]", "offset": "0x58"}, {"name": "AES_ODATAR[3]", "offset": "0x5c"}, {"name": "AES_IVR[0]", "offset": "0x60"}, {"name": "AES_IVR[1]", "offset": "0x64"}, {"name": "AES_IVR[2]", "offset": "0x68"}, {"name": "AES_IVR[3]", "offset": "0x6c"}, {"name": "AES_GHASHR[0]", "offset": "0x78"}, {"name": "AES_GHASHR[1]", "offset": "0x7c"}, {"name": "AES_GHASHR[2]", "offset": "0x80"}, {"name": "AES_GHASHR[3]", "offset": "0x84"}, {"name": "AES_TAGR[0]", "offset": "0x88"}, {"name": "AES_TAGR[1]", "offset": "0x8c"}, {"name": "AES_TAGR[2]", "offset": "0x90"}, {"name": "AES_TAGR[3]", "offset": "0x94"}, {"name": "AES_GCMHR[0]", "offset": "0x9c"}, {"name": "AES_GCMHR[1]", "offset": "0xa0"}, {"name": "AES_GCMHR[2]", "offset": "0xa4"}, {"name": "AES_GCMHR[3]", "offset": "0xa8"}]}, {"name": "AFEC0", "start": "0x4003c000", "end": "0x4003c0eb", "size": "0xec", "comment": "", "registers": [{"name": "AFEC_CR", "offset": "0x0"}, {"name": "AFEC_MR", "offset": "0x4"}, {"name": "AFEC_EMR", "offset": "0x8"}, {"name": "AFEC_SEQ1R", "offset": "0xc"}, {"name": "AFEC_SEQ2R", "offset": "0x10"}, {"name": "AFEC_CHER", "offset": "0x14"}, {"name": "AFEC_CHDR", "offset": "0x18"}, {"name": "AFEC_CHSR", "offset": "0x1c"}, {"name": "AFEC_LCDR", "offset": "0x20"}, {"name": "AFEC_IER", "offset": "0x24"}, {"name": "AFEC_IDR", "offset": "0x28"}, {"name": "AFEC_IMR", "offset": "0x2c"}, {"name": "AFEC_ISR", "offset": "0x30"}, {"name": "AFEC_OVER", "offset": "0x4c"}, {"name": "AFEC_CWR", "offset": "0x50"}, {"name": "AFEC_CGR", "offset": "0x54"}, {"name": "AFEC_DIFFR", "offset": "0x60"}, {"name": "AFEC_CSELR", "offset": "0x64"}, {"name": "AFEC_CDR", "offset": "0x68"}, {"name": "AFEC_COCR", "offset": "0x6c"}, {"name": "AFEC_TEMPMR", "offset": "0x70"}, {"name": "AFEC_TEMPCWR", "offset": "0x74"}, {"name": "AFEC_ACR", "offset": "0x94"}, {"name": "AFEC_SHMR", "offset": "0xa0"}, {"name": "AFEC_COSR", "offset": "0xd0"}, {"name": "AFEC_CVR", "offset": "0xd4"}, {"name": "AFEC_CECR", "offset": "0xd8"}, {"name": "AFEC_WPMR", "offset": "0xe4"}, {"name": "AFEC_WPSR", "offset": "0xe8"}]}, {"name": "AFEC1", "start": "0x40064000", "end": "0x400640eb", "size": "0xec", "comment": "", "registers": [{"name": "AFEC_CR", "offset": "0x0"}, {"name": "AFEC_MR", "offset": "0x4"}, {"name": "AFEC_EMR", "offset": "0x8"}, {"name": "AFEC_SEQ1R", "offset": "0xc"}, {"name": "AFEC_SEQ2R", "offset": "0x10"}, {"name": "AFEC_CHER", "offset": "0x14"}, {"name": "AFEC_CHDR", "offset": "0x18"}, {"name": "AFEC_CHSR", "offset": "0x1c"}, {"name": "AFEC_LCDR", "offset": "0x20"}, {"name": "AFEC_IER", "offset": "0x24"}, {"name": "AFEC_IDR", "offset": "0x28"}, {"name": "AFEC_IMR", "offset": "0x2c"}, {"name": "AFEC_ISR", "offset": "0x30"}, {"name": "AFEC_OVER", "offset": "0x4c"}, {"name": "AFEC_CWR", "offset": "0x50"}, {"name": "AFEC_CGR", "offset": "0x54"}, {"name": "AFEC_DIFFR", "offset": "0x60"}, {"name": "AFEC_CSELR", "offset": "0x64"}, {"name": "AFEC_CDR", "offset": "0x68"}, {"name": "AFEC_COCR", "offset": "0x6c"}, {"name": "AFEC_TEMPMR", "offset": "0x70"}, {"name": "AFEC_TEMPCWR", "offset": "0x74"}, {"name": "AFEC_ACR", "offset": "0x94"}, {"name": "AFEC_SHMR", "offset": "0xa0"}, {"name": "AFEC_COSR", "offset": "0xd0"}, {"name": "AFEC_CVR", "offset": "0xd4"}, {"name": "AFEC_CECR", "offset": "0xd8"}, {"name": "AFEC_WPMR", "offset": "0xe4"}, {"name": "AFEC_WPSR", "offset": "0xe8"}]}, {"name": "CHIPID", "start": "0x400e0940", "end": "0x400e0947", "size": "0x8", "comment": "", "registers": [{"name": "CHIPID_CIDR", "offset": "0x0"}, {"name": "CHIPID_EXID", "offset": "0x4"}]}, {"name": "DACC", "start": "0x40040000", "end": "0x400400eb", "size": "0xec", "comment": "", "registers": [{"name": "DACC_CR", "offset": "0x0"}, {"name": "DACC_MR", "offset": "0x4"}, {"name": "DACC_TRIGR", "offset": "0x8"}, {"name": "DACC_CHER", "offset": "0x10"}, {"name": "DACC_CHDR", "offset": "0x14"}, {"name": "DACC_CHSR", "offset": "0x18"}, {"name": "DACC_IER", "offset": "0x24"}, {"name": "DACC_IDR", "offset": "0x28"}, {"name": "DACC_IMR", "offset": "0x2c"}, {"name": "DACC_ISR", "offset": "0x30"}, {"name": "DACC_ACR", "offset": "0x94"}, {"name": "DACC_WPMR", "offset": "0xe4"}, {"name": "DACC_WPSR", "offset": "0xe8"}, {"name": "DACC_CDR[0]", "offset": "0x1c"}, {"name": "DACC_CDR[1]", "offset": "0x20"}]}, {"name": "EFC", "start": "0x400e0c00", "end": "0x400e0ce7", "size": "0xe8", "comment": "", "registers": [{"name": "EEFC_FMR", "offset": "0x0"}, {"name": "EEFC_FCR", "offset": "0x4"}, {"name": "EEFC_FSR", "offset": "0x8"}, {"name": "EEFC_FRR", "offset": "0xc"}, {"name": "EEFC_WPMR", "offset": "0xe4"}]}, {"name": "GMAC", "start": "0x40050000", "end": "0x400507bf", "size": "0x7c0", "comment": "", "registers": [{"name": "GMAC_NCR", "offset": "0x0"}, {"name": "GMAC_NCFGR", "offset": "0x4"}, {"name": "GMAC_NSR", "offset": "0x8"}, {"name": "GMAC_UR", "offset": "0xc"}, {"name": "GMAC_DCFGR", "offset": "0x10"}, {"name": "GMAC_TSR", "offset": "0x14"}, {"name": "GMAC_RBQB", "offset": "0x18"}, {"name": "GMAC_TBQB", "offset": "0x1c"}, {"name": "GMAC_RSR", "offset": "0x20"}, {"name": "GMAC_ISR", "offset": "0x24"}, {"name": "GMAC_IER", "offset": "0x28"}, {"name": "GMAC_IDR", "offset": "0x2c"}, {"name": "GMAC_IMR", "offset": "0x30"}, {"name": "GMAC_MAN", "offset": "0x34"}, {"name": "GMAC_RPQ", "offset": "0x38"}, {"name": "GMAC_TPQ", "offset": "0x3c"}, {"name": "GMAC_TPSF", "offset": "0x40"}, {"name": "GMAC_RPSF", "offset": "0x44"}, {"name": "GMAC_RJFML", "offset": "0x48"}, {"name": "GMAC_HRB", "offset": "0x80"}, {"name": "GMAC_HRT", "offset": "0x84"}, {"name": "GMAC_TIDM1", "offset": "0xa8"}, {"name": "GMAC_TIDM2", "offset": "0xac"}, {"name": "GMAC_TIDM3", "offset": "0xb0"}, {"name": "GMAC_TIDM4", "offset": "0xb4"}, {"name": "GMAC_WOL", "offset": "0xb8"}, {"name": "GMAC_IPGS", "offset": "0xbc"}, {"name": "GMAC_SVLAN", "offset": "0xc0"}, {"name": "GMAC_TPFCP", "offset": "0xc4"}, {"name": "GMAC_SAMB1", "offset": "0xc8"}, {"name": "GMAC_SAMT1", "offset": "0xcc"}, {"name": "GMAC_NSC", "offset": "0xdc"}, {"name": "GMAC_SCL", "offset": "0xe0"}, {"name": "GMAC_SCH", "offset": "0xe4"}, {"name": "GMAC_EFTSH", "offset": "0xe8"}, {"name": "GMAC_EFRSH", "offset": "0xec"}, {"name": "GMAC_PEFTSH", "offset": "0xf0"}, {"name": "GMAC_PEFRSH", "offset": "0xf4"}, {"name": "GMAC_OTLO", "offset": "0x100"}, {"name": "GMAC_OTHI", "offset": "0x104"}, {"name": "GMAC_FT", "offset": "0x108"}, {"name": "GMAC_BCFT", "offset": "0x10c"}, {"name": "GMAC_MFT", "offset": "0x110"}, {"name": "GMAC_PFT", "offset": "0x114"}, {"name": "GMAC_BFT64", "offset": "0x118"}, {"name": "GMAC_TBFT127", "offset": "0x11c"}, {"name": "GMAC_TBFT255", "offset": "0x120"}, {"name": "GMAC_TBFT511", "offset": "0x124"}, {"name": "GMAC_TBFT1023", "offset": "0x128"}, {"name": "GMAC_TBFT1518", "offset": "0x12c"}, {"name": "GMAC_GTBFT1518", "offset": "0x130"}, {"name": "GMAC_TUR", "offset": "0x134"}, {"name": "GMAC_SCF", "offset": "0x138"}, {"name": "GMAC_MCF", "offset": "0x13c"}, {"name": "GMAC_EC", "offset": "0x140"}, {"name": "GMAC_LC", "offset": "0x144"}, {"name": "GMAC_DTF", "offset": "0x148"}, {"name": "GMAC_CSE", "offset": "0x14c"}, {"name": "GMAC_ORLO", "offset": "0x150"}, {"name": "GMAC_ORHI", "offset": "0x154"}, {"name": "GMAC_FR", "offset": "0x158"}, {"name": "GMAC_BCFR", "offset": "0x15c"}, {"name": "GMAC_MFR", "offset": "0x160"}, {"name": "GMAC_PFR", "offset": "0x164"}, {"name": "GMAC_BFR64", "offset": "0x168"}, {"name": "GMAC_TBFR127", "offset": "0x16c"}, {"name": "GMAC_TBFR255", "offset": "0x170"}, {"name": "GMAC_TBFR511", "offset": "0x174"}, {"name": "GMAC_TBFR1023", "offset": "0x178"}, {"name": "GMAC_TBFR1518", "offset": "0x17c"}, {"name": "GMAC_TMXBFR", "offset": "0x180"}, {"name": "GMAC_UFR", "offset": "0x184"}, {"name": "GMAC_OFR", "offset": "0x188"}, {"name": "GMAC_JR", "offset": "0x18c"}, {"name": "GMAC_FCSE", "offset": "0x190"}, {"name": "GMAC_LFFE", "offset": "0x194"}, {"name": "GMAC_RSE", "offset": "0x198"}, {"name": "GMAC_AE", "offset": "0x19c"}, {"name": "GMAC_RRE", "offset": "0x1a0"}, {"name": "GMAC_ROE", "offset": "0x1a4"}, {"name": "GMAC_IHCE", "offset": "0x1a8"}, {"name": "GMAC_TCE", "offset": "0x1ac"}, {"name": "GMAC_UCE", "offset": "0x1b0"}, {"name": "GMAC_TISUBN", "offset": "0x1bc"}, {"name": "GMAC_TSH", "offset": "0x1c0"}, {"name": "GMAC_TSL", "offset": "0x1d0"}, {"name": "GMAC_TN", "offset": "0x1d4"}, {"name": "GMAC_TA", "offset": "0x1d8"}, {"name": "GMAC_TI", "offset": "0x1dc"}, {"name": "GMAC_EFTSL", "offset": "0x1e0"}, {"name": "GMAC_EFTN", "offset": "0x1e4"}, {"name": "GMAC_EFRSL", "offset": "0x1e8"}, {"name": "GMAC_EFRN", "offset": "0x1ec"}, {"name": "GMAC_PEFTSL", "offset": "0x1f0"}, {"name": "GMAC_PEFTN", "offset": "0x1f4"}, {"name": "GMAC_PEFRSL", "offset": "0x1f8"}, {"name": "GMAC_PEFRN", "offset": "0x1fc"}, {"name": "GMAC_CBSCR", "offset": "0x4bc"}, {"name": "GMAC_CBSISQA", "offset": "0x4c0"}, {"name": "GMAC_CBSISQB", "offset": "0x4c4"}, {"name": "GMAC_ST2CW00", "offset": "0x700"}, {"name": "GMAC_ST2CW10", "offset": "0x704"}, {"name": "GMAC_ST2CW01", "offset": "0x708"}, {"name": "GMAC_ST2CW11", "offset": "0x70c"}, {"name": "GMAC_ST2CW02", "offset": "0x710"}, {"name": "GMAC_ST2CW12", "offset": "0x714"}, {"name": "GMAC_ST2CW03", "offset": "0x718"}, {"name": "GMAC_ST2CW13", "offset": "0x71c"}, {"name": "GMAC_ST2CW04", "offset": "0x720"}, {"name": "GMAC_ST2CW14", "offset": "0x724"}, {"name": "GMAC_ST2CW05", "offset": "0x728"}, {"name": "GMAC_ST2CW15", "offset": "0x72c"}, {"name": "GMAC_ST2CW06", "offset": "0x730"}, {"name": "GMAC_ST2CW16", "offset": "0x734"}, {"name": "GMAC_ST2CW07", "offset": "0x738"}, {"name": "GMAC_ST2CW17", "offset": "0x73c"}, {"name": "GMAC_ST2CW08", "offset": "0x740"}, {"name": "GMAC_ST2CW18", "offset": "0x744"}, {"name": "GMAC_ST2CW09", "offset": "0x748"}, {"name": "GMAC_ST2CW19", "offset": "0x74c"}, {"name": "GMAC_ST2CW010", "offset": "0x750"}, {"name": "GMAC_ST2CW110", "offset": "0x754"}, {"name": "GMAC_ST2CW011", "offset": "0x758"}, {"name": "GMAC_ST2CW111", "offset": "0x75c"}, {"name": "GMAC_ST2CW012", "offset": "0x760"}, {"name": "GMAC_ST2CW112", "offset": "0x764"}, {"name": "GMAC_ST2CW013", "offset": "0x768"}, {"name": "GMAC_ST2CW113", "offset": "0x76c"}, {"name": "GMAC_ST2CW014", "offset": "0x770"}, {"name": "GMAC_ST2CW114", "offset": "0x774"}, {"name": "GMAC_ST2CW015", "offset": "0x778"}, {"name": "GMAC_ST2CW115", "offset": "0x77c"}, {"name": "GMAC_ST2CW016", "offset": "0x780"}, {"name": "GMAC_ST2CW116", "offset": "0x784"}, {"name": "GMAC_ST2CW017", "offset": "0x788"}, {"name": "GMAC_ST2CW117", "offset": "0x78c"}, {"name": "GMAC_ST2CW018", "offset": "0x790"}, {"name": "GMAC_ST2CW118", "offset": "0x794"}, {"name": "GMAC_ST2CW019", "offset": "0x798"}, {"name": "GMAC_ST2CW119", "offset": "0x79c"}, {"name": "GMAC_ST2CW020", "offset": "0x7a0"}, {"name": "GMAC_ST2CW120", "offset": "0x7a4"}, {"name": "GMAC_ST2CW021", "offset": "0x7a8"}, {"name": "GMAC_ST2CW121", "offset": "0x7ac"}, {"name": "GMAC_ST2CW022", "offset": "0x7b0"}, {"name": "GMAC_ST2CW122", "offset": "0x7b4"}, {"name": "GMAC_ST2CW023", "offset": "0x7b8"}, {"name": "GMAC_ST2CW123", "offset": "0x7bc"}, {"name": "GMAC_ISRPQ[0]", "offset": "0x3fc"}, {"name": "GMAC_ISRPQ[1]", "offset": "0x400"}, {"name": "GMAC_TBQBAPQ[0]", "offset": "0x43c"}, {"name": "GMAC_TBQBAPQ[1]", "offset": "0x440"}, {"name": "GMAC_RBQBAPQ[0]", "offset": "0x47c"}, {"name": "GMAC_RBQBAPQ[1]", "offset": "0x480"}, {"name": "GMAC_RBSRPQ[0]", "offset": "0x49c"}, {"name": "GMAC_RBSRPQ[1]", "offset": "0x4a0"}, {"name": "GMAC_ST1RPQ[0]", "offset": "0x500"}, {"name": "GMAC_ST1RPQ[1]", "offset": "0x504"}, {"name": "GMAC_ST1RPQ[2]", "offset": "0x508"}, {"name": "GMAC_ST1RPQ[3]", "offset": "0x50c"}, {"name": "GMAC_ST2RPQ[0]", "offset": "0x540"}, {"name": "GMAC_ST2RPQ[1]", "offset": "0x544"}, {"name": "GMAC_ST2RPQ[2]", "offset": "0x548"}, {"name": "GMAC_ST2RPQ[3]", "offset": "0x54c"}, {"name": "GMAC_ST2RPQ[4]", "offset": "0x550"}, {"name": "GMAC_ST2RPQ[5]", "offset": "0x554"}, {"name": "GMAC_ST2RPQ[6]", "offset": "0x558"}, {"name": "GMAC_ST2RPQ[7]", "offset": "0x55c"}, {"name": "GMAC_IERPQ[0]", "offset": "0x5fc"}, {"name": "GMAC_IERPQ[1]", "offset": "0x600"}, {"name": "GMAC_IDRPQ[0]", "offset": "0x61c"}, {"name": "GMAC_IDRPQ[1]", "offset": "0x620"}, {"name": "GMAC_IMRPQ[0]", "offset": "0x63c"}, {"name": "GMAC_IMRPQ[1]", "offset": "0x640"}, {"name": "GMAC_ST2ER[0]", "offset": "0x6e0"}, {"name": "GMAC_ST2ER[1]", "offset": "0x6e4"}, {"name": "GMAC_ST2ER[2]", "offset": "0x6e8"}, {"name": "GMAC_ST2ER[3]", "offset": "0x6ec"}]}, {"name": "GPBR", "start": "0x400e1890", "end": "0x400e18af", "size": "0x20", "comment": "", "registers": [{"name": "SYS_GPBR[0]", "offset": "0x0"}, {"name": "SYS_GPBR[1]", "offset": "0x4"}, {"name": "SYS_GPBR[2]", "offset": "0x8"}, {"name": "SYS_GPBR[3]", "offset": "0xc"}, {"name": "SYS_GPBR[4]", "offset": "0x10"}, {"name": "SYS_GPBR[5]", "offset": "0x14"}, {"name": "SYS_GPBR[6]", "offset": "0x18"}, {"name": "SYS_GPBR[7]", "offset": "0x1c"}]}, {"name": "ICM", "start": "0x40048000", "end": "0x40048057", "size": "0x58", "comment": "", "registers": [{"name": "ICM_CFG", "offset": "0x0"}, {"name": "ICM_CTRL", "offset": "0x4"}, {"name": "ICM_SR", "offset": "0x8"}, {"name": "ICM_IER", "offset": "0x10"}, {"name": "ICM_IDR", "offset": "0x14"}, {"name": "ICM_IMR", "offset": "0x18"}, {"name": "ICM_ISR", "offset": "0x1c"}, {"name": "ICM_UASR", "offset": "0x20"}, {"name": "ICM_DSCR", "offset": "0x30"}, {"name": "ICM_HASH", "offset": "0x34"}, {"name": "ICM_UIHVAL[0]", "offset": "0x38"}, {"name": "ICM_UIHVAL[1]", "offset": "0x3c"}, {"name": "ICM_UIHVAL[2]", "offset": "0x40"}, {"name": "ICM_UIHVAL[3]", "offset": "0x44"}, {"name": "ICM_UIHVAL[4]", "offset": "0x48"}, {"name": "ICM_UIHVAL[5]", "offset": "0x4c"}, {"name": "ICM_UIHVAL[6]", "offset": "0x50"}, {"name": "ICM_UIHVAL[7]", "offset": "0x54"}]}, {"name": "ISI", "start": "0x4004c000", "end": "0x4004c0eb", "size": "0xec", "comment": "", "registers": [{"name": "ISI_CFG1", "offset": "0x0"}, {"name": "ISI_CFG2", "offset": "0x4"}, {"name": "ISI_PSIZE", "offset": "0x8"}, {"name": "ISI_PDECF", "offset": "0xc"}, {"name": "ISI_Y2R_SET0", "offset": "0x10"}, {"name": "ISI_Y2R_SET1", "offset": "0x14"}, {"name": "ISI_R2Y_SET0", "offset": "0x18"}, {"name": "ISI_R2Y_SET1", "offset": "0x1c"}, {"name": "ISI_R2Y_SET2", "offset": "0x20"}, {"name": "ISI_CR", "offset": "0x24"}, {"name": "ISI_SR", "offset": "0x28"}, {"name": "ISI_IER", "offset": "0x2c"}, {"name": "ISI_IDR", "offset": "0x30"}, {"name": "ISI_IMR", "offset": "0x34"}, {"name": "ISI_DMA_CHER", "offset": "0x38"}, {"name": "ISI_DMA_CHDR", "offset": "0x3c"}, {"name": "ISI_DMA_CHSR", "offset": "0x40"}, {"name": "ISI_DMA_P_ADDR", "offset": "0x44"}, {"name": "ISI_DMA_P_CTRL", "offset": "0x48"}, {"name": "ISI_DMA_P_DSCR", "offset": "0x4c"}, {"name": "ISI_DMA_C_ADDR", "offset": "0x50"}, {"name": "ISI_DMA_C_CTRL", "offset": "0x54"}, {"name": "ISI_DMA_C_DSCR", "offset": "0x58"}, {"name": "ISI_WPMR", "offset": "0xe4"}, {"name": "ISI_WPSR", "offset": "0xe8"}]}, {"name": "MATRIX", "start": "0x40088000", "end": "0x400881eb", "size": "0x1ec", "comment": "", "registers": [{"name": "MATRIX_MRCR", "offset": "0x100"}, {"name": "CCFG_CAN0", "offset": "0x110"}, {"name": "CCFG_SYSIO", "offset": "0x114"}, {"name": "CCFG_SMCNFCS", "offset": "0x124"}, {"name": "MATRIX_WPMR", "offset": "0x1e4"}, {"name": "MATRIX_WPSR", "offset": "0x1e8"}, {"name": "MATRIX_MCFG[0]", "offset": "0x0"}, {"name": "MATRIX_MCFG[1]", "offset": "0x4"}, {"name": "MATRIX_MCFG[2]", "offset": "0x8"}, {"name": "MATRIX_MCFG[3]", "offset": "0xc"}, {"name": "MATRIX_MCFG[4]", "offset": "0x10"}, {"name": "MATRIX_MCFG[5]", "offset": "0x14"}, {"name": "MATRIX_MCFG[6]", "offset": "0x18"}, {"name": "MATRIX_MCFG[7]", "offset": "0x1c"}, {"name": "MATRIX_MCFG[8]", "offset": "0x20"}, {"name": "MATRIX_MCFG[9]", "offset": "0x24"}, {"name": "MATRIX_MCFG[10]", "offset": "0x28"}, {"name": "MATRIX_MCFG[11]", "offset": "0x2c"}, {"name": "MATRIX_SCFG[0]", "offset": "0x40"}, {"name": "MATRIX_SCFG[1]", "offset": "0x44"}, {"name": "MATRIX_SCFG[2]", "offset": "0x48"}, {"name": "MATRIX_SCFG[3]", "offset": "0x4c"}, {"name": "MATRIX_SCFG[4]", "offset": "0x50"}, {"name": "MATRIX_SCFG[5]", "offset": "0x54"}, {"name": "MATRIX_SCFG[6]", "offset": "0x58"}, {"name": "MATRIX_SCFG[7]", "offset": "0x5c"}, {"name": "MATRIX_SCFG[8]", "offset": "0x60"}]}, {"name": "MCAN0", "start": "0x40030000", "end": "0x400300fb", "size": "0xfc", "comment": "", "registers": [{"name": "MCAN_CUST", "offset": "0x8"}, {"name": "MCAN_FBTP", "offset": "0xc"}, {"name": "MCAN_TEST", "offset": "0x10"}, {"name": "MCAN_RWD", "offset": "0x14"}, {"name": "MCAN_CCCR", "offset": "0x18"}, {"name": "MCAN_BTP", "offset": "0x1c"}, {"name": "MCAN_TSCC", "offset": "0x20"}, {"name": "MCAN_TSCV", "offset": "0x24"}, {"name": "MCAN_TOCC", "offset": "0x28"}, {"name": "MCAN_TOCV", "offset": "0x2c"}, {"name": "MCAN_ECR", "offset": "0x40"}, {"name": "MCAN_PSR", "offset": "0x44"}, {"name": "MCAN_IR", "offset": "0x50"}, {"name": "MCAN_IE", "offset": "0x54"}, {"name": "MCAN_ILS", "offset": "0x58"}, {"name": "MCAN_ILE", "offset": "0x5c"}, {"name": "MCAN_GFC", "offset": "0x80"}, {"name": "MCAN_SIDFC", "offset": "0x84"}, {"name": "MCAN_XIDFC", "offset": "0x88"}, {"name": "MCAN_XIDAM", "offset": "0x90"}, {"name": "MCAN_HPMS", "offset": "0x94"}, {"name": "MCAN_NDAT1", "offset": "0x98"}, {"name": "MCAN_NDAT2", "offset": "0x9c"}, {"name": "MCAN_RXF0C", "offset": "0xa0"}, {"name": "MCAN_RXF0S", "offset": "0xa4"}, {"name": "MCAN_RXF0A", "offset": "0xa8"}, {"name": "MCAN_RXBC", "offset": "0xac"}, {"name": "MCAN_RXF1C", "offset": "0xb0"}, {"name": "MCAN_RXF1S", "offset": "0xb4"}, {"name": "MCAN_RXF1A", "offset": "0xb8"}, {"name": "MCAN_RXESC", "offset": "0xbc"}, {"name": "MCAN_TXBC", "offset": "0xc0"}, {"name": "MCAN_TXFQS", "offset": "0xc4"}, {"name": "MCAN_TXESC", "offset": "0xc8"}, {"name": "MCAN_TXBRP", "offset": "0xcc"}, {"name": "MCAN_TXBAR", "offset": "0xd0"}, {"name": "MCAN_TXBCR", "offset": "0xd4"}, {"name": "MCAN_TXBTO", "offset": "0xd8"}, {"name": "MCAN_TXBCF", "offset": "0xdc"}, {"name": "MCAN_TXBTIE", "offset": "0xe0"}, {"name": "MCAN_TXBCIE", "offset": "0xe4"}, {"name": "MCAN_TXEFC", "offset": "0xf0"}, {"name": "MCAN_TXEFS", "offset": "0xf4"}, {"name": "MCAN_TXEFA", "offset": "0xf8"}]}, {"name": "PIOA", "start": "0x400e0e00", "end": "0x400e0f67", "size": "0x168", "comment": "", "registers": [{"name": "PIO_PER", "offset": "0x0"}, {"name": "PIO_PDR", "offset": "0x4"}, {"name": "PIO_PSR", "offset": "0x8"}, {"name": "PIO_OER", "offset": "0x10"}, {"name": "PIO_ODR", "offset": "0x14"}, {"name": "PIO_OSR", "offset": "0x18"}, {"name": "PIO_IFER", "offset": "0x20"}, {"name": "PIO_IFDR", "offset": "0x24"}, {"name": "PIO_IFSR", "offset": "0x28"}, {"name": "PIO_SODR", "offset": "0x30"}, {"name": "PIO_CODR", "offset": "0x34"}, {"name": "PIO_ODSR", "offset": "0x38"}, {"name": "PIO_PDSR", "offset": "0x3c"}, {"name": "PIO_IER", "offset": "0x40"}, {"name": "PIO_IDR", "offset": "0x44"}, {"name": "PIO_IMR", "offset": "0x48"}, {"name": "PIO_ISR", "offset": "0x4c"}, {"name": "PIO_MDER", "offset": "0x50"}, {"name": "PIO_MDDR", "offset": "0x54"}, {"name": "PIO_MDSR", "offset": "0x58"}, {"name": "PIO_PUDR", "offset": "0x60"}, {"name": "PIO_PUER", "offset": "0x64"}, {"name": "PIO_PUSR", "offset": "0x68"}, {"name": "PIO_IFSCDR", "offset": "0x80"}, {"name": "PIO_IFSCER", "offset": "0x84"}, {"name": "PIO_IFSCSR", "offset": "0x88"}, {"name": "PIO_SCDR", "offset": "0x8c"}, {"name": "PIO_PPDDR", "offset": "0x90"}, {"name": "PIO_PPDER", "offset": "0x94"}, {"name": "PIO_PPDSR", "offset": "0x98"}, {"name": "PIO_OWER", "offset": "0xa0"}, {"name": "PIO_OWDR", "offset": "0xa4"}, {"name": "PIO_OWSR", "offset": "0xa8"}, {"name": "PIO_AIMER", "offset": "0xb0"}, {"name": "PIO_AIMDR", "offset": "0xb4"}, {"name": "PIO_AIMMR", "offset": "0xb8"}, {"name": "PIO_ESR", "offset": "0xc0"}, {"name": "PIO_LSR", "offset": "0xc4"}, {"name": "PIO_ELSR", "offset": "0xc8"}, {"name": "PIO_FELLSR", "offset": "0xd0"}, {"name": "PIO_REHLSR", "offset": "0xd4"}, {"name": "PIO_FRLHSR", "offset": "0xd8"}, {"name": "PIO_LOCKSR", "offset": "0xe0"}, {"name": "PIO_WPMR", "offset": "0xe4"}, {"name": "PIO_WPSR", "offset": "0xe8"}, {"name": "PIO_SCHMITT", "offset": "0x100"}, {"name": "PIO_DRIVER", "offset": "0x118"}, {"name": "PIO_PCMR", "offset": "0x150"}, {"name": "PIO_PCIER", "offset": "0x154"}, {"name": "PIO_PCIDR", "offset": "0x158"}, {"name": "PIO_PCIMR", "offset": "0x15c"}, {"name": "PIO_PCISR", "offset": "0x160"}, {"name": "PIO_PCRHR", "offset": "0x164"}, {"name": "PIO_ABCDSR[0]", "offset": "0x70"}, {"name": "PIO_ABCDSR[1]", "offset": "0x74"}]}, {"name": "PIOB", "start": "0x400e1000", "end": "0x400e1167", "size": "0x168", "comment": "", "registers": [{"name": "PIO_PER", "offset": "0x0"}, {"name": "PIO_PDR", "offset": "0x4"}, {"name": "PIO_PSR", "offset": "0x8"}, {"name": "PIO_OER", "offset": "0x10"}, {"name": "PIO_ODR", "offset": "0x14"}, {"name": "PIO_OSR", "offset": "0x18"}, {"name": "PIO_IFER", "offset": "0x20"}, {"name": "PIO_IFDR", "offset": "0x24"}, {"name": "PIO_IFSR", "offset": "0x28"}, {"name": "PIO_SODR", "offset": "0x30"}, {"name": "PIO_CODR", "offset": "0x34"}, {"name": "PIO_ODSR", "offset": "0x38"}, {"name": "PIO_PDSR", "offset": "0x3c"}, {"name": "PIO_IER", "offset": "0x40"}, {"name": "PIO_IDR", "offset": "0x44"}, {"name": "PIO_IMR", "offset": "0x48"}, {"name": "PIO_ISR", "offset": "0x4c"}, {"name": "PIO_MDER", "offset": "0x50"}, {"name": "PIO_MDDR", "offset": "0x54"}, {"name": "PIO_MDSR", "offset": "0x58"}, {"name": "PIO_PUDR", "offset": "0x60"}, {"name": "PIO_PUER", "offset": "0x64"}, {"name": "PIO_PUSR", "offset": "0x68"}, {"name": "PIO_IFSCDR", "offset": "0x80"}, {"name": "PIO_IFSCER", "offset": "0x84"}, {"name": "PIO_IFSCSR", "offset": "0x88"}, {"name": "PIO_SCDR", "offset": "0x8c"}, {"name": "PIO_PPDDR", "offset": "0x90"}, {"name": "PIO_PPDER", "offset": "0x94"}, {"name": "PIO_PPDSR", "offset": "0x98"}, {"name": "PIO_OWER", "offset": "0xa0"}, {"name": "PIO_OWDR", "offset": "0xa4"}, {"name": "PIO_OWSR", "offset": "0xa8"}, {"name": "PIO_AIMER", "offset": "0xb0"}, {"name": "PIO_AIMDR", "offset": "0xb4"}, {"name": "PIO_AIMMR", "offset": "0xb8"}, {"name": "PIO_ESR", "offset": "0xc0"}, {"name": "PIO_LSR", "offset": "0xc4"}, {"name": "PIO_ELSR", "offset": "0xc8"}, {"name": "PIO_FELLSR", "offset": "0xd0"}, {"name": "PIO_REHLSR", "offset": "0xd4"}, {"name": "PIO_FRLHSR", "offset": "0xd8"}, {"name": "PIO_LOCKSR", "offset": "0xe0"}, {"name": "PIO_WPMR", "offset": "0xe4"}, {"name": "PIO_WPSR", "offset": "0xe8"}, {"name": "PIO_SCHMITT", "offset": "0x100"}, {"name": "PIO_DRIVER", "offset": "0x118"}, {"name": "PIO_PCMR", "offset": "0x150"}, {"name": "PIO_PCIER", "offset": "0x154"}, {"name": "PIO_PCIDR", "offset": "0x158"}, {"name": "PIO_PCIMR", "offset": "0x15c"}, {"name": "PIO_PCISR", "offset": "0x160"}, {"name": "PIO_PCRHR", "offset": "0x164"}, {"name": "PIO_ABCDSR[0]", "offset": "0x70"}, {"name": "PIO_ABCDSR[1]", "offset": "0x74"}]}, {"name": "PIOD", "start": "0x400e1400", "end": "0x400e1567", "size": "0x168", "comment": "", "registers": [{"name": "PIO_PER", "offset": "0x0"}, {"name": "PIO_PDR", "offset": "0x4"}, {"name": "PIO_PSR", "offset": "0x8"}, {"name": "PIO_OER", "offset": "0x10"}, {"name": "PIO_ODR", "offset": "0x14"}, {"name": "PIO_OSR", "offset": "0x18"}, {"name": "PIO_IFER", "offset": "0x20"}, {"name": "PIO_IFDR", "offset": "0x24"}, {"name": "PIO_IFSR", "offset": "0x28"}, {"name": "PIO_SODR", "offset": "0x30"}, {"name": "PIO_CODR", "offset": "0x34"}, {"name": "PIO_ODSR", "offset": "0x38"}, {"name": "PIO_PDSR", "offset": "0x3c"}, {"name": "PIO_IER", "offset": "0x40"}, {"name": "PIO_IDR", "offset": "0x44"}, {"name": "PIO_IMR", "offset": "0x48"}, {"name": "PIO_ISR", "offset": "0x4c"}, {"name": "PIO_MDER", "offset": "0x50"}, {"name": "PIO_MDDR", "offset": "0x54"}, {"name": "PIO_MDSR", "offset": "0x58"}, {"name": "PIO_PUDR", "offset": "0x60"}, {"name": "PIO_PUER", "offset": "0x64"}, {"name": "PIO_PUSR", "offset": "0x68"}, {"name": "PIO_IFSCDR", "offset": "0x80"}, {"name": "PIO_IFSCER", "offset": "0x84"}, {"name": "PIO_IFSCSR", "offset": "0x88"}, {"name": "PIO_SCDR", "offset": "0x8c"}, {"name": "PIO_PPDDR", "offset": "0x90"}, {"name": "PIO_PPDER", "offset": "0x94"}, {"name": "PIO_PPDSR", "offset": "0x98"}, {"name": "PIO_OWER", "offset": "0xa0"}, {"name": "PIO_OWDR", "offset": "0xa4"}, {"name": "PIO_OWSR", "offset": "0xa8"}, {"name": "PIO_AIMER", "offset": "0xb0"}, {"name": "PIO_AIMDR", "offset": "0xb4"}, {"name": "PIO_AIMMR", "offset": "0xb8"}, {"name": "PIO_ESR", "offset": "0xc0"}, {"name": "PIO_LSR", "offset": "0xc4"}, {"name": "PIO_ELSR", "offset": "0xc8"}, {"name": "PIO_FELLSR", "offset": "0xd0"}, {"name": "PIO_REHLSR", "offset": "0xd4"}, {"name": "PIO_FRLHSR", "offset": "0xd8"}, {"name": "PIO_LOCKSR", "offset": "0xe0"}, {"name": "PIO_WPMR", "offset": "0xe4"}, {"name": "PIO_WPSR", "offset": "0xe8"}, {"name": "PIO_SCHMITT", "offset": "0x100"}, {"name": "PIO_DRIVER", "offset": "0x118"}, {"name": "PIO_PCMR", "offset": "0x150"}, {"name": "PIO_PCIER", "offset": "0x154"}, {"name": "PIO_PCIDR", "offset": "0x158"}, {"name": "PIO_PCIMR", "offset": "0x15c"}, {"name": "PIO_PCISR", "offset": "0x160"}, {"name": "PIO_PCRHR", "offset": "0x164"}, {"name": "PIO_ABCDSR[0]", "offset": "0x70"}, {"name": "PIO_ABCDSR[1]", "offset": "0x74"}]}, {"name": "PMC", "start": "0x400e0600", "end": "0x400e0747", "size": "0x148", "comment": "", "registers": [{"name": "PMC_SCER", "offset": "0x0"}, {"name": "PMC_SCDR", "offset": "0x4"}, {"name": "PMC_SCSR", "offset": "0x8"}, {"name": "PMC_PCER0", "offset": "0x10"}, {"name": "PMC_PCDR0", "offset": "0x14"}, {"name": "PMC_PCSR0", "offset": "0x18"}, {"name": "CKGR_UCKR", "offset": "0x1c"}, {"name": "CKGR_MOR", "offset": "0x20"}, {"name": "CKGR_MCFR", "offset": "0x24"}, {"name": "CKGR_PLLAR", "offset": "0x28"}, {"name": "PMC_MCKR", "offset": "0x30"}, {"name": "PMC_USB", "offset": "0x38"}, {"name": "PMC_IER", "offset": "0x60"}, {"name": "PMC_IDR", "offset": "0x64"}, {"name": "PMC_SR", "offset": "0x68"}, {"name": "PMC_IMR", "offset": "0x6c"}, {"name": "PMC_FSMR", "offset": "0x70"}, {"name": "PMC_FSPR", "offset": "0x74"}, {"name": "PMC_FOCR", "offset": "0x78"}, {"name": "PMC_WPMR", "offset": "0xe4"}, {"name": "PMC_WPSR", "offset": "0xe8"}, {"name": "PMC_PCER1", "offset": "0x100"}, {"name": "PMC_PCDR1", "offset": "0x104"}, {"name": "PMC_PCSR1", "offset": "0x108"}, {"name": "PMC_PCR", "offset": "0x10c"}, {"name": "PMC_OCR", "offset": "0x110"}, {"name": "PMC_SLPWK_ER0", "offset": "0x114"}, {"name": "PMC_SLPWK_DR0", "offset": "0x118"}, {"name": "PMC_SLPWK_SR0", "offset": "0x11c"}, {"name": "PMC_SLPWK_ASR0", "offset": "0x120"}, {"name": "PMC_PMMR", "offset": "0x130"}, {"name": "PMC_SLPWK_ER1", "offset": "0x134"}, {"name": "PMC_SLPWK_DR1", "offset": "0x138"}, {"name": "PMC_SLPWK_SR1", "offset": "0x13c"}, {"name": "PMC_SLPWK_ASR1", "offset": "0x140"}, {"name": "PMC_SLPWK_AIPR", "offset": "0x144"}, {"name": "PMC_PCK[0]", "offset": "0x40"}, {"name": "PMC_PCK[1]", "offset": "0x44"}, {"name": "PMC_PCK[2]", "offset": "0x48"}, {"name": "PMC_PCK[3]", "offset": "0x4c"}, {"name": "PMC_PCK[4]", "offset": "0x50"}, {"name": "PMC_PCK[5]", "offset": "0x54"}, {"name": "PMC_PCK[6]", "offset": "0x58"}, {"name": "PMC_PCK[7]", "offset": "0x5c"}]}, {"name": "PWM0", "start": "0x40020000", "end": "0x40020463", "size": "0x464", "comment": "", "registers": [{"name": "PWM_CLK", "offset": "0x0"}, {"name": "PWM_ENA", "offset": "0x4"}, {"name": "PWM_DIS", "offset": "0x8"}, {"name": "PWM_SR", "offset": "0xc"}, {"name": "PWM_IER1", "offset": "0x10"}, {"name": "PWM_IDR1", "offset": "0x14"}, {"name": "PWM_IMR1", "offset": "0x18"}, {"name": "PWM_ISR1", "offset": "0x1c"}, {"name": "PWM_SCM", "offset": "0x20"}, {"name": "PWM_DMAR", "offset": "0x24"}, {"name": "PWM_SCUC", "offset": "0x28"}, {"name": "PWM_SCUP", "offset": "0x2c"}, {"name": "PWM_SCUPUPD", "offset": "0x30"}, {"name": "PWM_IER2", "offset": "0x34"}, {"name": "PWM_IDR2", "offset": "0x38"}, {"name": "PWM_IMR2", "offset": "0x3c"}, {"name": "PWM_ISR2", "offset": "0x40"}, {"name": "PWM_OOV", "offset": "0x44"}, {"name": "PWM_OS", "offset": "0x48"}, {"name": "PWM_OSS", "offset": "0x4c"}, {"name": "PWM_OSC", "offset": "0x50"}, {"name": "PWM_OSSUPD", "offset": "0x54"}, {"name": "PWM_OSCUPD", "offset": "0x58"}, {"name": "PWM_FMR", "offset": "0x5c"}, {"name": "PWM_FSR", "offset": "0x60"}, {"name": "PWM_FCR", "offset": "0x64"}, {"name": "PWM_FPV1", "offset": "0x68"}, {"name": "PWM_FPE", "offset": "0x6c"}, {"name": "PWM_SSPR", "offset": "0xa0"}, {"name": "PWM_SSPUP", "offset": "0xa4"}, {"name": "PWM_SMMR", "offset": "0xb0"}, {"name": "PWM_FPV2", "offset": "0xc0"}, {"name": "PWM_WPCR", "offset": "0xe4"}, {"name": "PWM_WPSR", "offset": "0xe8"}, {"name": "PWM_CMUPD0", "offset": "0x400"}, {"name": "PWM_CMUPD1", "offset": "0x420"}, {"name": "PWM_ETRG1", "offset": "0x42c"}, {"name": "PWM_LEBR1", "offset": "0x430"}, {"name": "PWM_CMUPD2", "offset": "0x440"}, {"name": "PWM_ETRG2", "offset": "0x44c"}, {"name": "PWM_LEBR2", "offset": "0x450"}, {"name": "PWM_CMUPD3", "offset": "0x460"}, {"name": "PWM_ELMR[0]", "offset": "0x7c"}, {"name": "PWM_ELMR[1]", "offset": "0x80"}]}, {"name": "PWM1", "start": "0x4005c000", "end": "0x4005c463", "size": "0x464", "comment": "", "registers": [{"name": "PWM_CLK", "offset": "0x0"}, {"name": "PWM_ENA", "offset": "0x4"}, {"name": "PWM_DIS", "offset": "0x8"}, {"name": "PWM_SR", "offset": "0xc"}, {"name": "PWM_IER1", "offset": "0x10"}, {"name": "PWM_IDR1", "offset": "0x14"}, {"name": "PWM_IMR1", "offset": "0x18"}, {"name": "PWM_ISR1", "offset": "0x1c"}, {"name": "PWM_SCM", "offset": "0x20"}, {"name": "PWM_DMAR", "offset": "0x24"}, {"name": "PWM_SCUC", "offset": "0x28"}, {"name": "PWM_SCUP", "offset": "0x2c"}, {"name": "PWM_SCUPUPD", "offset": "0x30"}, {"name": "PWM_IER2", "offset": "0x34"}, {"name": "PWM_IDR2", "offset": "0x38"}, {"name": "PWM_IMR2", "offset": "0x3c"}, {"name": "PWM_ISR2", "offset": "0x40"}, {"name": "PWM_OOV", "offset": "0x44"}, {"name": "PWM_OS", "offset": "0x48"}, {"name": "PWM_OSS", "offset": "0x4c"}, {"name": "PWM_OSC", "offset": "0x50"}, {"name": "PWM_OSSUPD", "offset": "0x54"}, {"name": "PWM_OSCUPD", "offset": "0x58"}, {"name": "PWM_FMR", "offset": "0x5c"}, {"name": "PWM_FSR", "offset": "0x60"}, {"name": "PWM_FCR", "offset": "0x64"}, {"name": "PWM_FPV1", "offset": "0x68"}, {"name": "PWM_FPE", "offset": "0x6c"}, {"name": "PWM_SSPR", "offset": "0xa0"}, {"name": "PWM_SSPUP", "offset": "0xa4"}, {"name": "PWM_SMMR", "offset": "0xb0"}, {"name": "PWM_FPV2", "offset": "0xc0"}, {"name": "PWM_WPCR", "offset": "0xe4"}, {"name": "PWM_WPSR", "offset": "0xe8"}, {"name": "PWM_CMUPD0", "offset": "0x400"}, {"name": "PWM_CMUPD1", "offset": "0x420"}, {"name": "PWM_ETRG1", "offset": "0x42c"}, {"name": "PWM_LEBR1", "offset": "0x430"}, {"name": "PWM_CMUPD2", "offset": "0x440"}, {"name": "PWM_ETRG2", "offset": "0x44c"}, {"name": "PWM_LEBR2", "offset": "0x450"}, {"name": "PWM_CMUPD3", "offset": "0x460"}, {"name": "PWM_ELMR[0]", "offset": "0x7c"}, {"name": "PWM_ELMR[1]", "offset": "0x80"}]}, {"name": "QSPI", "start": "0x4007c000", "end": "0x4007c0eb", "size": "0xec", "comment": "", "registers": [{"name": "QSPI_CR", "offset": "0x0"}, {"name": "QSPI_MR", "offset": "0x4"}, {"name": "QSPI_RDR", "offset": "0x8"}, {"name": "QSPI_TDR", "offset": "0xc"}, {"name": "QSPI_SR", "offset": "0x10"}, {"name": "QSPI_IER", "offset": "0x14"}, {"name": "QSPI_IDR", "offset": "0x18"}, {"name": "QSPI_IMR", "offset": "0x1c"}, {"name": "QSPI_SCR", "offset": "0x20"}, {"name": "QSPI_IAR", "offset": "0x30"}, {"name": "QSPI_ICR", "offset": "0x34"}, {"name": "QSPI_IFR", "offset": "0x38"}, {"name": "QSPI_SMR", "offset": "0x40"}, {"name": "QSPI_SKR", "offset": "0x44"}, {"name": "QSPI_WPMR", "offset": "0xe4"}, {"name": "QSPI_WPSR", "offset": "0xe8"}]}, {"name": "RSTC", "start": "0x400e1800", "end": "0x400e180b", "size": "0xc", "comment": "", "registers": [{"name": "RSTC_CR", "offset": "0x0"}, {"name": "RSTC_SR", "offset": "0x4"}, {"name": "RSTC_MR", "offset": "0x8"}]}, {"name": "RSWDT", "start": "0x400e1900", "end": "0x400e190b", "size": "0xc", "comment": "", "registers": [{"name": "RSWDT_CR", "offset": "0x0"}, {"name": "RSWDT_MR", "offset": "0x4"}, {"name": "RSWDT_SR", "offset": "0x8"}]}, {"name": "RTC", "start": "0x400e1860", "end": "0x400e188f", "size": "0x30", "comment": "", "registers": [{"name": "RTC_CR", "offset": "0x0"}, {"name": "RTC_MR", "offset": "0x4"}, {"name": "RTC_TIMR", "offset": "0x8"}, {"name": "RTC_CALR", "offset": "0xc"}, {"name": "RTC_TIMALR", "offset": "0x10"}, {"name": "RTC_CALALR", "offset": "0x14"}, {"name": "RTC_SR", "offset": "0x18"}, {"name": "RTC_SCCR", "offset": "0x1c"}, {"name": "RTC_IER", "offset": "0x20"}, {"name": "RTC_IDR", "offset": "0x24"}, {"name": "RTC_IMR", "offset": "0x28"}, {"name": "RTC_VER", "offset": "0x2c"}]}, {"name": "RTT", "start": "0x400e1830", "end": "0x400e183f", "size": "0x10", "comment": "", "registers": [{"name": "RTT_MR", "offset": "0x0"}, {"name": "RTT_AR", "offset": "0x4"}, {"name": "RTT_VR", "offset": "0x8"}, {"name": "RTT_SR", "offset": "0xc"}]}, {"name": "SSC", "start": "0x40004000", "end": "0x400040eb", "size": "0xec", "comment": "", "registers": [{"name": "SSC_CR", "offset": "0x0"}, {"name": "SSC_CMR", "offset": "0x4"}, {"name": "SSC_RCMR", "offset": "0x10"}, {"name": "SSC_RFMR", "offset": "0x14"}, {"name": "SSC_TCMR", "offset": "0x18"}, {"name": "SSC_TFMR", "offset": "0x1c"}, {"name": "SSC_RHR", "offset": "0x20"}, {"name": "SSC_THR", "offset": "0x24"}, {"name": "SSC_RSHR", "offset": "0x30"}, {"name": "SSC_TSHR", "offset": "0x34"}, {"name": "SSC_RC0R", "offset": "0x38"}, {"name": "SSC_RC1R", "offset": "0x3c"}, {"name": "SSC_SR", "offset": "0x40"}, {"name": "SSC_IER", "offset": "0x44"}, {"name": "SSC_IDR", "offset": "0x48"}, {"name": "SSC_IMR", "offset": "0x4c"}, {"name": "SSC_WPMR", "offset": "0xe4"}, {"name": "SSC_WPSR", "offset": "0xe8"}]}, {"name": "SUPC", "start": "0x400e1810", "end": "0x400e1827", "size": "0x18", "comment": "", "registers": [{"name": "SUPC_CR", "offset": "0x0"}, {"name": "SUPC_SMMR", "offset": "0x4"}, {"name": "SUPC_MR", "offset": "0x8"}, {"name": "SUPC_WUMR", "offset": "0xc"}, {"name": "SUPC_WUIR", "offset": "0x10"}, {"name": "SUPC_SR", "offset": "0x14"}]}, {"name": "TC0", "start": "0x4000c000", "end": "0x4000c0e7", "size": "0xe8", "comment": "", "registers": [{"name": "TC_BCR", "offset": "0xc0"}, {"name": "TC_BMR", "offset": "0xc4"}, {"name": "TC_QIER", "offset": "0xc8"}, {"name": "TC_QIDR", "offset": "0xcc"}, {"name": "TC_QIMR", "offset": "0xd0"}, {"name": "TC_QISR", "offset": "0xd4"}, {"name": "TC_FMR", "offset": "0xd8"}, {"name": "TC_WPMR", "offset": "0xe4"}]}, {"name": "TC1", "start": "0x40010000", "end": "0x400100e7", "size": "0xe8", "comment": "", "registers": [{"name": "TC_BCR", "offset": "0xc0"}, {"name": "TC_BMR", "offset": "0xc4"}, {"name": "TC_QIER", "offset": "0xc8"}, {"name": "TC_QIDR", "offset": "0xcc"}, {"name": "TC_QIMR", "offset": "0xd0"}, {"name": "TC_QISR", "offset": "0xd4"}, {"name": "TC_FMR", "offset": "0xd8"}, {"name": "TC_WPMR", "offset": "0xe4"}]}, {"name": "TC2", "start": "0x40014000", "end": "0x400140e7", "size": "0xe8", "comment": "", "registers": [{"name": "TC_BCR", "offset": "0xc0"}, {"name": "TC_BMR", "offset": "0xc4"}, {"name": "TC_QIER", "offset": "0xc8"}, {"name": "TC_QIDR", "offset": "0xcc"}, {"name": "TC_QIMR", "offset": "0xd0"}, {"name": "TC_QISR", "offset": "0xd4"}, {"name": "TC_FMR", "offset": "0xd8"}, {"name": "TC_WPMR", "offset": "0xe4"}]}, {"name": "TC3", "start": "0x40054000", "end": "0x400540e7", "size": "0xe8", "comment": "", "registers": [{"name": "TC_BCR", "offset": "0xc0"}, {"name": "TC_BMR", "offset": "0xc4"}, {"name": "TC_QIER", "offset": "0xc8"}, {"name": "TC_QIDR", "offset": "0xcc"}, {"name": "TC_QIMR", "offset": "0xd0"}, {"name": "TC_QISR", "offset": "0xd4"}, {"name": "TC_FMR", "offset": "0xd8"}, {"name": "TC_WPMR", "offset": "0xe4"}]}, {"name": "TRNG", "start": "0x40070000", "end": "0x40070053", "size": "0x54", "comment": "", "registers": [{"name": "TRNG_CR", "offset": "0x0"}, {"name": "TRNG_IER", "offset": "0x10"}, {"name": "TRNG_IDR", "offset": "0x14"}, {"name": "TRNG_IMR", "offset": "0x18"}, {"name": "TRNG_ISR", "offset": "0x1c"}, {"name": "TRNG_ODATA", "offset": "0x50"}]}, {"name": "TWIHS0", "start": "0x40018000", "end": "0x400180eb", "size": "0xec", "comment": "", "registers": [{"name": "TWIHS_CR", "offset": "0x0"}, {"name": "TWIHS_MMR", "offset": "0x4"}, {"name": "TWIHS_SMR", "offset": "0x8"}, {"name": "TWIHS_IADR", "offset": "0xc"}, {"name": "TWIHS_CWGR", "offset": "0x10"}, {"name": "TWIHS_SR", "offset": "0x20"}, {"name": "TWIHS_IER", "offset": "0x24"}, {"name": "TWIHS_IDR", "offset": "0x28"}, {"name": "TWIHS_IMR", "offset": "0x2c"}, {"name": "TWIHS_RHR", "offset": "0x30"}, {"name": "TWIHS_THR", "offset": "0x34"}, {"name": "TWIHS_SMBTR", "offset": "0x38"}, {"name": "TWIHS_FILTR", "offset": "0x44"}, {"name": "TWIHS_SWMR", "offset": "0x4c"}, {"name": "TWIHS_WPMR", "offset": "0xe4"}, {"name": "TWIHS_WPSR", "offset": "0xe8"}]}, {"name": "TWIHS1", "start": "0x4001c000", "end": "0x4001c0eb", "size": "0xec", "comment": "", "registers": [{"name": "TWIHS_CR", "offset": "0x0"}, {"name": "TWIHS_MMR", "offset": "0x4"}, {"name": "TWIHS_SMR", "offset": "0x8"}, {"name": "TWIHS_IADR", "offset": "0xc"}, {"name": "TWIHS_CWGR", "offset": "0x10"}, {"name": "TWIHS_SR", "offset": "0x20"}, {"name": "TWIHS_IER", "offset": "0x24"}, {"name": "TWIHS_IDR", "offset": "0x28"}, {"name": "TWIHS_IMR", "offset": "0x2c"}, {"name": "TWIHS_RHR", "offset": "0x30"}, {"name": "TWIHS_THR", "offset": "0x34"}, {"name": "TWIHS_SMBTR", "offset": "0x38"}, {"name": "TWIHS_FILTR", "offset": "0x44"}, {"name": "TWIHS_SWMR", "offset": "0x4c"}, {"name": "TWIHS_WPMR", "offset": "0xe4"}, {"name": "TWIHS_WPSR", "offset": "0xe8"}]}, {"name": "UART0", "start": "0x400e0800", "end": "0x400e08e7", "size": "0xe8", "comment": "", "registers": [{"name": "UART_CR", "offset": "0x0"}, {"name": "UART_MR", "offset": "0x4"}, {"name": "UART_IER", "offset": "0x8"}, {"name": "UART_IDR", "offset": "0xc"}, {"name": "UART_IMR", "offset": "0x10"}, {"name": "UART_SR", "offset": "0x14"}, {"name": "UART_RHR", "offset": "0x18"}, {"name": "UART_THR", "offset": "0x1c"}, {"name": "UART_BRGR", "offset": "0x20"}, {"name": "UART_CMPR", "offset": "0x24"}, {"name": "UART_WPMR", "offset": "0xe4"}]}, {"name": "UART1", "start": "0x400e0a00", "end": "0x400e0ae7", "size": "0xe8", "comment": "", "registers": [{"name": "UART_CR", "offset": "0x0"}, {"name": "UART_MR", "offset": "0x4"}, {"name": "UART_IER", "offset": "0x8"}, {"name": "UART_IDR", "offset": "0xc"}, {"name": "UART_IMR", "offset": "0x10"}, {"name": "UART_SR", "offset": "0x14"}, {"name": "UART_RHR", "offset": "0x18"}, {"name": "UART_THR", "offset": "0x1c"}, {"name": "UART_BRGR", "offset": "0x20"}, {"name": "UART_CMPR", "offset": "0x24"}, {"name": "UART_WPMR", "offset": "0xe4"}]}, {"name": "UART2", "start": "0x400e1a00", "end": "0x400e1ae7", "size": "0xe8", "comment": "", "registers": [{"name": "UART_CR", "offset": "0x0"}, {"name": "UART_MR", "offset": "0x4"}, {"name": "UART_IER", "offset": "0x8"}, {"name": "UART_IDR", "offset": "0xc"}, {"name": "UART_IMR", "offset": "0x10"}, {"name": "UART_SR", "offset": "0x14"}, {"name": "UART_RHR", "offset": "0x18"}, {"name": "UART_THR", "offset": "0x1c"}, {"name": "UART_BRGR", "offset": "0x20"}, {"name": "UART_CMPR", "offset": "0x24"}, {"name": "UART_WPMR", "offset": "0xe4"}]}, {"name": "USART0", "start": "0x40024000", "end": "0x400240eb", "size": "0xec", "comment": "", "registers": [{"name": "US_CR", "offset": "0x0"}, {"name": "US_MR", "offset": "0x4"}, {"name": "US_IER", "offset": "0x8"}, {"name": "US_IDR", "offset": "0xc"}, {"name": "US_IMR", "offset": "0x10"}, {"name": "US_CSR", "offset": "0x14"}, {"name": "US_RHR", "offset": "0x18"}, {"name": "US_THR", "offset": "0x1c"}, {"name": "US_BRGR", "offset": "0x20"}, {"name": "US_RTOR", "offset": "0x24"}, {"name": "US_TTGR", "offset": "0x28"}, {"name": "US_FIDI", "offset": "0x40"}, {"name": "US_NER", "offset": "0x44"}, {"name": "US_IF", "offset": "0x4c"}, {"name": "US_MAN", "offset": "0x50"}, {"name": "US_LINMR", "offset": "0x54"}, {"name": "US_LINIR", "offset": "0x58"}, {"name": "US_LINBRR", "offset": "0x5c"}, {"name": "US_LONMR", "offset": "0x60"}, {"name": "US_LONPR", "offset": "0x64"}, {"name": "US_LONDL", "offset": "0x68"}, {"name": "US_LONL2HDR", "offset": "0x6c"}, {"name": "US_LONBL", "offset": "0x70"}, {"name": "US_LONB1TX", "offset": "0x74"}, {"name": "US_LONB1RX", "offset": "0x78"}, {"name": "US_LONPRIO", "offset": "0x7c"}, {"name": "US_IDTTX", "offset": "0x80"}, {"name": "US_IDTRX", "offset": "0x84"}, {"name": "US_ICDIFF", "offset": "0x88"}, {"name": "US_WPMR", "offset": "0xe4"}, {"name": "US_WPSR", "offset": "0xe8"}]}, {"name": "USART1", "start": "0x40028000", "end": "0x400280eb", "size": "0xec", "comment": "", "registers": [{"name": "US_CR", "offset": "0x0"}, {"name": "US_MR", "offset": "0x4"}, {"name": "US_IER", "offset": "0x8"}, {"name": "US_IDR", "offset": "0xc"}, {"name": "US_IMR", "offset": "0x10"}, {"name": "US_CSR", "offset": "0x14"}, {"name": "US_RHR", "offset": "0x18"}, {"name": "US_THR", "offset": "0x1c"}, {"name": "US_BRGR", "offset": "0x20"}, {"name": "US_RTOR", "offset": "0x24"}, {"name": "US_TTGR", "offset": "0x28"}, {"name": "US_FIDI", "offset": "0x40"}, {"name": "US_NER", "offset": "0x44"}, {"name": "US_IF", "offset": "0x4c"}, {"name": "US_MAN", "offset": "0x50"}, {"name": "US_LINMR", "offset": "0x54"}, {"name": "US_LINIR", "offset": "0x58"}, {"name": "US_LINBRR", "offset": "0x5c"}, {"name": "US_LONMR", "offset": "0x60"}, {"name": "US_LONPR", "offset": "0x64"}, {"name": "US_LONDL", "offset": "0x68"}, {"name": "US_LONL2HDR", "offset": "0x6c"}, {"name": "US_LONBL", "offset": "0x70"}, {"name": "US_LONB1TX", "offset": "0x74"}, {"name": "US_LONB1RX", "offset": "0x78"}, {"name": "US_LONPRIO", "offset": "0x7c"}, {"name": "US_IDTTX", "offset": "0x80"}, {"name": "US_IDTRX", "offset": "0x84"}, {"name": "US_ICDIFF", "offset": "0x88"}, {"name": "US_WPMR", "offset": "0xe4"}, {"name": "US_WPSR", "offset": "0xe8"}]}, {"name": "USBHS", "start": "0x40038000", "end": "0x4003880f", "size": "0x810", "comment": "", "registers": [{"name": "USBHS_DEVCTRL", "offset": "0x0"}, {"name": "USBHS_DEVISR", "offset": "0x4"}, {"name": "USBHS_DEVICR", "offset": "0x8"}, {"name": "USBHS_DEVIFR", "offset": "0xc"}, {"name": "USBHS_DEVIMR", "offset": "0x10"}, {"name": "USBHS_DEVIDR", "offset": "0x14"}, {"name": "USBHS_DEVIER", "offset": "0x18"}, {"name": "USBHS_DEVEPT", "offset": "0x1c"}, {"name": "USBHS_DEVFNUM", "offset": "0x20"}, {"name": "USBHS_HSTCTRL", "offset": "0x400"}, {"name": "USBHS_HSTISR", "offset": "0x404"}, {"name": "USBHS_HSTICR", "offset": "0x408"}, {"name": "USBHS_HSTIFR", "offset": "0x40c"}, {"name": "USBHS_HSTIMR", "offset": "0x410"}, {"name": "USBHS_HSTIDR", "offset": "0x414"}, {"name": "USBHS_HSTIER", "offset": "0x418"}, {"name": "USBHS_HSTPIP", "offset": "0x41c"}, {"name": "USBHS_HSTFNUM", "offset": "0x420"}, {"name": "USBHS_HSTADDR1", "offset": "0x424"}, {"name": "USBHS_HSTADDR2", "offset": "0x428"}, {"name": "USBHS_HSTADDR3", "offset": "0x42c"}, {"name": "USBHS_CTRL", "offset": "0x800"}, {"name": "USBHS_SR", "offset": "0x804"}, {"name": "USBHS_SCR", "offset": "0x808"}, {"name": "USBHS_SFR", "offset": "0x80c"}, {"name": "USBHS_DEVEPTCFG[0]", "offset": "0x100"}, {"name": "USBHS_DEVEPTCFG[1]", "offset": "0x104"}, {"name": "USBHS_DEVEPTCFG[2]", "offset": "0x108"}, {"name": "USBHS_DEVEPTCFG[3]", "offset": "0x10c"}, {"name": "USBHS_DEVEPTCFG[4]", "offset": "0x110"}, {"name": "USBHS_DEVEPTCFG[5]", "offset": "0x114"}, {"name": "USBHS_DEVEPTCFG[6]", "offset": "0x118"}, {"name": "USBHS_DEVEPTCFG[7]", "offset": "0x11c"}, {"name": "USBHS_DEVEPTCFG[8]", "offset": "0x120"}, {"name": "USBHS_DEVEPTCFG[9]", "offset": "0x124"}, {"name": "USBHS_DEVEPTISR[0]", "offset": "0x130"}, {"name": "USBHS_DEVEPTISR[1]", "offset": "0x134"}, {"name": "USBHS_DEVEPTISR[2]", "offset": "0x138"}, {"name": "USBHS_DEVEPTISR[3]", "offset": "0x13c"}, {"name": "USBHS_DEVEPTISR[4]", "offset": "0x140"}, {"name": "USBHS_DEVEPTISR[5]", "offset": "0x144"}, {"name": "USBHS_DEVEPTISR[6]", "offset": "0x148"}, {"name": "USBHS_DEVEPTISR[7]", "offset": "0x14c"}, {"name": "USBHS_DEVEPTISR[8]", "offset": "0x150"}, {"name": "USBHS_DEVEPTISR[9]", "offset": "0x154"}, {"name": "USBHS_DEVEPTICR[0]", "offset": "0x160"}, {"name": "USBHS_DEVEPTICR[1]", "offset": "0x164"}, {"name": "USBHS_DEVEPTICR[2]", "offset": "0x168"}, {"name": "USBHS_DEVEPTICR[3]", "offset": "0x16c"}, {"name": "USBHS_DEVEPTICR[4]", "offset": "0x170"}, {"name": "USBHS_DEVEPTICR[5]", "offset": "0x174"}, {"name": "USBHS_DEVEPTICR[6]", "offset": "0x178"}, {"name": "USBHS_DEVEPTICR[7]", "offset": "0x17c"}, {"name": "USBHS_DEVEPTICR[8]", "offset": "0x180"}, {"name": "USBHS_DEVEPTICR[9]", "offset": "0x184"}, {"name": "USBHS_DEVEPTIFR[0]", "offset": "0x190"}, {"name": "USBHS_DEVEPTIFR[1]", "offset": "0x194"}, {"name": "USBHS_DEVEPTIFR[2]", "offset": "0x198"}, {"name": "USBHS_DEVEPTIFR[3]", "offset": "0x19c"}, {"name": "USBHS_DEVEPTIFR[4]", "offset": "0x1a0"}, {"name": "USBHS_DEVEPTIFR[5]", "offset": "0x1a4"}, {"name": "USBHS_DEVEPTIFR[6]", "offset": "0x1a8"}, {"name": "USBHS_DEVEPTIFR[7]", "offset": "0x1ac"}, {"name": "USBHS_DEVEPTIFR[8]", "offset": "0x1b0"}, {"name": "USBHS_DEVEPTIFR[9]", "offset": "0x1b4"}, {"name": "USBHS_DEVEPTIMR[0]", "offset": "0x1c0"}, {"name": "USBHS_DEVEPTIMR[1]", "offset": "0x1c4"}, {"name": "USBHS_DEVEPTIMR[2]", "offset": "0x1c8"}, {"name": "USBHS_DEVEPTIMR[3]", "offset": "0x1cc"}, {"name": "USBHS_DEVEPTIMR[4]", "offset": "0x1d0"}, {"name": "USBHS_DEVEPTIMR[5]", "offset": "0x1d4"}, {"name": "USBHS_DEVEPTIMR[6]", "offset": "0x1d8"}, {"name": "USBHS_DEVEPTIMR[7]", "offset": "0x1dc"}, {"name": "USBHS_DEVEPTIMR[8]", "offset": "0x1e0"}, {"name": "USBHS_DEVEPTIMR[9]", "offset": "0x1e4"}, {"name": "USBHS_DEVEPTIER[0]", "offset": "0x1f0"}, {"name": "USBHS_DEVEPTIER[1]", "offset": "0x1f4"}, {"name": "USBHS_DEVEPTIER[2]", "offset": "0x1f8"}, {"name": "USBHS_DEVEPTIER[3]", "offset": "0x1fc"}, {"name": "USBHS_DEVEPTIER[4]", "offset": "0x200"}, {"name": "USBHS_DEVEPTIER[5]", "offset": "0x204"}, {"name": "USBHS_DEVEPTIER[6]", "offset": "0x208"}, {"name": "USBHS_DEVEPTIER[7]", "offset": "0x20c"}, {"name": "USBHS_DEVEPTIER[8]", "offset": "0x210"}, {"name": "USBHS_DEVEPTIER[9]", "offset": "0x214"}, {"name": "USBHS_DEVEPTIDR[0]", "offset": "0x220"}, {"name": "USBHS_DEVEPTIDR[1]", "offset": "0x224"}, {"name": "USBHS_DEVEPTIDR[2]", "offset": "0x228"}, {"name": "USBHS_DEVEPTIDR[3]", "offset": "0x22c"}, {"name": "USBHS_DEVEPTIDR[4]", "offset": "0x230"}, {"name": "USBHS_DEVEPTIDR[5]", "offset": "0x234"}, {"name": "USBHS_DEVEPTIDR[6]", "offset": "0x238"}, {"name": "USBHS_DEVEPTIDR[7]", "offset": "0x23c"}, {"name": "USBHS_DEVEPTIDR[8]", "offset": "0x240"}, {"name": "USBHS_DEVEPTIDR[9]", "offset": "0x244"}, {"name": "USBHS_HSTPIPCFG[0]", "offset": "0x500"}, {"name": "USBHS_HSTPIPCFG[1]", "offset": "0x504"}, {"name": "USBHS_HSTPIPCFG[2]", "offset": "0x508"}, {"name": "USBHS_HSTPIPCFG[3]", "offset": "0x50c"}, {"name": "USBHS_HSTPIPCFG[4]", "offset": "0x510"}, {"name": "USBHS_HSTPIPCFG[5]", "offset": "0x514"}, {"name": "USBHS_HSTPIPCFG[6]", "offset": "0x518"}, {"name": "USBHS_HSTPIPCFG[7]", "offset": "0x51c"}, {"name": "USBHS_HSTPIPCFG[8]", "offset": "0x520"}, {"name": "USBHS_HSTPIPCFG[9]", "offset": "0x524"}, {"name": "USBHS_HSTPIPISR[0]", "offset": "0x530"}, {"name": "USBHS_HSTPIPISR[1]", "offset": "0x534"}, {"name": "USBHS_HSTPIPISR[2]", "offset": "0x538"}, {"name": "USBHS_HSTPIPISR[3]", "offset": "0x53c"}, {"name": "USBHS_HSTPIPISR[4]", "offset": "0x540"}, {"name": "USBHS_HSTPIPISR[5]", "offset": "0x544"}, {"name": "USBHS_HSTPIPISR[6]", "offset": "0x548"}, {"name": "USBHS_HSTPIPISR[7]", "offset": "0x54c"}, {"name": "USBHS_HSTPIPISR[8]", "offset": "0x550"}, {"name": "USBHS_HSTPIPISR[9]", "offset": "0x554"}, {"name": "USBHS_HSTPIPICR[0]", "offset": "0x560"}, {"name": "USBHS_HSTPIPICR[1]", "offset": "0x564"}, {"name": "USBHS_HSTPIPICR[2]", "offset": "0x568"}, {"name": "USBHS_HSTPIPICR[3]", "offset": "0x56c"}, {"name": "USBHS_HSTPIPICR[4]", "offset": "0x570"}, {"name": "USBHS_HSTPIPICR[5]", "offset": "0x574"}, {"name": "USBHS_HSTPIPICR[6]", "offset": "0x578"}, {"name": "USBHS_HSTPIPICR[7]", "offset": "0x57c"}, {"name": "USBHS_HSTPIPICR[8]", "offset": "0x580"}, {"name": "USBHS_HSTPIPICR[9]", "offset": "0x584"}, {"name": "USBHS_HSTPIPIFR[0]", "offset": "0x590"}, {"name": "USBHS_HSTPIPIFR[1]", "offset": "0x594"}, {"name": "USBHS_HSTPIPIFR[2]", "offset": "0x598"}, {"name": "USBHS_HSTPIPIFR[3]", "offset": "0x59c"}, {"name": "USBHS_HSTPIPIFR[4]", "offset": "0x5a0"}, {"name": "USBHS_HSTPIPIFR[5]", "offset": "0x5a4"}, {"name": "USBHS_HSTPIPIFR[6]", "offset": "0x5a8"}, {"name": "USBHS_HSTPIPIFR[7]", "offset": "0x5ac"}, {"name": "USBHS_HSTPIPIFR[8]", "offset": "0x5b0"}, {"name": "USBHS_HSTPIPIFR[9]", "offset": "0x5b4"}, {"name": "USBHS_HSTPIPIMR[0]", "offset": "0x5c0"}, {"name": "USBHS_HSTPIPIMR[1]", "offset": "0x5c4"}, {"name": "USBHS_HSTPIPIMR[2]", "offset": "0x5c8"}, {"name": "USBHS_HSTPIPIMR[3]", "offset": "0x5cc"}, {"name": "USBHS_HSTPIPIMR[4]", "offset": "0x5d0"}, {"name": "USBHS_HSTPIPIMR[5]", "offset": "0x5d4"}, {"name": "USBHS_HSTPIPIMR[6]", "offset": "0x5d8"}, {"name": "USBHS_HSTPIPIMR[7]", "offset": "0x5dc"}, {"name": "USBHS_HSTPIPIMR[8]", "offset": "0x5e0"}, {"name": "USBHS_HSTPIPIMR[9]", "offset": "0x5e4"}, {"name": "USBHS_HSTPIPIER[0]", "offset": "0x5f0"}, {"name": "USBHS_HSTPIPIER[1]", "offset": "0x5f4"}, {"name": "USBHS_HSTPIPIER[2]", "offset": "0x5f8"}, {"name": "USBHS_HSTPIPIER[3]", "offset": "0x5fc"}, {"name": "USBHS_HSTPIPIER[4]", "offset": "0x600"}, {"name": "USBHS_HSTPIPIER[5]", "offset": "0x604"}, {"name": "USBHS_HSTPIPIER[6]", "offset": "0x608"}, {"name": "USBHS_HSTPIPIER[7]", "offset": "0x60c"}, {"name": "USBHS_HSTPIPIER[8]", "offset": "0x610"}, {"name": "USBHS_HSTPIPIER[9]", "offset": "0x614"}, {"name": "USBHS_HSTPIPIDR[0]", "offset": "0x620"}, {"name": "USBHS_HSTPIPIDR[1]", "offset": "0x624"}, {"name": "USBHS_HSTPIPIDR[2]", "offset": "0x628"}, {"name": "USBHS_HSTPIPIDR[3]", "offset": "0x62c"}, {"name": "USBHS_HSTPIPIDR[4]", "offset": "0x630"}, {"name": "USBHS_HSTPIPIDR[5]", "offset": "0x634"}, {"name": "USBHS_HSTPIPIDR[6]", "offset": "0x638"}, {"name": "USBHS_HSTPIPIDR[7]", "offset": "0x63c"}, {"name": "USBHS_HSTPIPIDR[8]", "offset": "0x640"}, {"name": "USBHS_HSTPIPIDR[9]", "offset": "0x644"}, {"name": "USBHS_HSTPIPINRQ[0]", "offset": "0x650"}, {"name": "USBHS_HSTPIPINRQ[1]", "offset": "0x654"}, {"name": "USBHS_HSTPIPINRQ[2]", "offset": "0x658"}, {"name": "USBHS_HSTPIPINRQ[3]", "offset": "0x65c"}, {"name": "USBHS_HSTPIPINRQ[4]", "offset": "0x660"}, {"name": "USBHS_HSTPIPINRQ[5]", "offset": "0x664"}, {"name": "USBHS_HSTPIPINRQ[6]", "offset": "0x668"}, {"name": "USBHS_HSTPIPINRQ[7]", "offset": "0x66c"}, {"name": "USBHS_HSTPIPINRQ[8]", "offset": "0x670"}, {"name": "USBHS_HSTPIPINRQ[9]", "offset": "0x674"}, {"name": "USBHS_HSTPIPERR[0]", "offset": "0x680"}, {"name": "USBHS_HSTPIPERR[1]", "offset": "0x684"}, {"name": "USBHS_HSTPIPERR[2]", "offset": "0x688"}, {"name": "USBHS_HSTPIPERR[3]", "offset": "0x68c"}, {"name": "USBHS_HSTPIPERR[4]", "offset": "0x690"}, {"name": "USBHS_HSTPIPERR[5]", "offset": "0x694"}, {"name": "USBHS_HSTPIPERR[6]", "offset": "0x698"}, {"name": "USBHS_HSTPIPERR[7]", "offset": "0x69c"}, {"name": "USBHS_HSTPIPERR[8]", "offset": "0x6a0"}, {"name": "USBHS_HSTPIPERR[9]", "offset": "0x6a4"}]}, {"name": "UTMI", "start": "0x400e0400", "end": "0x400e0433", "size": "0x34", "comment": "", "registers": [{"name": "UTMI_OHCIICR", "offset": "0x10"}, {"name": "UTMI_CKTRIM", "offset": "0x30"}]}, {"name": "WDT", "start": "0x400e1850", "end": "0x400e185b", "size": "0xc", "comment": "", "registers": [{"name": "WDT_CR", "offset": "0x0"}, {"name": "WDT_MR", "offset": "0x4"}, {"name": "WDT_SR", "offset": "0x8"}]}, {"name": "XDMAC", "start": "0x40078000", "end": "0x40078e5f", "size": "0xe60", "comment": "", "registers": [{"name": "XDMAC_GTYPE", "offset": "0x0"}, {"name": "XDMAC_GCFG", "offset": "0x4"}, {"name": "XDMAC_GWAC", "offset": "0x8"}, {"name": "XDMAC_GIE", "offset": "0xc"}, {"name": "XDMAC_GID", "offset": "0x10"}, {"name": "XDMAC_GIM", "offset": "0x14"}, {"name": "XDMAC_GIS", "offset": "0x18"}, {"name": "XDMAC_GE", "offset": "0x1c"}, {"name": "XDMAC_GD", "offset": "0x20"}, {"name": "XDMAC_GS", "offset": "0x24"}, {"name": "XDMAC_GRS", "offset": "0x28"}, {"name": "XDMAC_GWS", "offset": "0x2c"}, {"name": "XDMAC_GRWS", "offset": "0x30"}, {"name": "XDMAC_GRWR", "offset": "0x34"}, {"name": "XDMAC_GSWR", "offset": "0x38"}, {"name": "XDMAC_GSWS", "offset": "0x3c"}, {"name": "XDMAC_GSWF", "offset": "0x40"}]}, {"name": "LOCKBIT", "start": "0x0", "end": "0x7", "size": "0x8", "comment": "", "registers": [{"name": "LOCKBIT_WORD0", "offset": "0x0"}, {"name": "LOCKBIT_WORD1", "offset": "0x4"}]}, {"name": "SCnSCB", "start": "0xe000e000", "end": "0xe000e00b", "size": "0xc", "comment": "", "registers": [{"name": "ICTR", "offset": "0x4"}, {"name": "ACTLR", "offset": "0x8"}]}, {"name": "SCB", "start": "0xe000ed00", "end": "0xe000ef4b", "size": "0x24c", "comment": "", "registers": [{"name": "CPUID", "offset": "0x0"}, {"name": "ICSR", "offset": "0x4"}, {"name": "VTOR", "offset": "0x8"}, {"name": "AIRCR", "offset": "0xc"}, {"name": "SCR", "offset": "0x10"}, {"name": "CCR", "offset": "0x14"}, {"name": "SHPR1", "offset": "0x18"}, {"name": "SHPR2", "offset": "0x1c"}, {"name": "SHPR3", "offset": "0x20"}, {"name": "SHCSR", "offset": "0x24"}, {"name": "CFSR", "offset": "0x28"}, {"name": "HFSR", "offset": "0x2c"}, {"name": "DFSR", "offset": "0x30"}, {"name": "MMFAR", "offset": "0x34"}, {"name": "BFAR", "offset": "0x38"}, {"name": "AFSR", "offset": "0x3c"}, {"name": "CLIDR", "offset": "0x78"}, {"name": "CTR", "offset": "0x7c"}, {"name": "CCSIDR", "offset": "0x80"}, {"name": "CSSELR", "offset": "0x84"}, {"name": "CPACR", "offset": "0x88"}, {"name": "STIR", "offset": "0x200"}, {"name": "MVFR0", "offset": "0x240"}, {"name": "MVFR1", "offset": "0x244"}, {"name": "MVFR2", "offset": "0x248"}]}, {"name": "SysTick", "start": "0xe000e010", "end": "0xe000e01f", "size": "0x10", "comment": "", "registers": [{"name": "CSR", "offset": "0x0"}, {"name": "RVR", "offset": "0x4"}, {"name": "CVR", "offset": "0x8"}, {"name": "CALIB", "offset": "0xc"}]}, {"name": "NVIC", "start": "0xe000e100", "end": "0xe000ef03", "size": "0xe04", "comment": "", "registers": [{"name": "STIR", "offset": "0xe00"}, {"name": "ISER[0]", "offset": "0x0"}, {"name": "ISER[1]", "offset": "0x4"}, {"name": "ISER[2]", "offset": "0x8"}, {"name": "ISER[3]", "offset": "0xc"}, {"name": "ISER[4]", "offset": "0x10"}, {"name": "ISER[5]", "offset": "0x14"}, {"name": "ISER[6]", "offset": "0x18"}, {"name": "ISER[7]", "offset": "0x1c"}, {"name": "ICER[0]", "offset": "0x80"}, {"name": "ICER[1]", "offset": "0x84"}, {"name": "ICER[2]", "offset": "0x88"}, {"name": "ICER[3]", "offset": "0x8c"}, {"name": "ICER[4]", "offset": "0x90"}, {"name": "ICER[5]", "offset": "0x94"}, {"name": "ICER[6]", "offset": "0x98"}, {"name": "ICER[7]", "offset": "0x9c"}, {"name": "ISPR[0]", "offset": "0x100"}, {"name": "ISPR[1]", "offset": "0x104"}, {"name": "ISPR[2]", "offset": "0x108"}, {"name": "ISPR[3]", "offset": "0x10c"}, {"name": "ISPR[4]", "offset": "0x110"}, {"name": "ISPR[5]", "offset": "0x114"}, {"name": "ISPR[6]", "offset": "0x118"}, {"name": "ISPR[7]", "offset": "0x11c"}, {"name": "ICPR[0]", "offset": "0x180"}, {"name": "ICPR[1]", "offset": "0x184"}, {"name": "ICPR[2]", "offset": "0x188"}, {"name": "ICPR[3]", "offset": "0x18c"}, {"name": "ICPR[4]", "offset": "0x190"}, {"name": "ICPR[5]", "offset": "0x194"}, {"name": "ICPR[6]", "offset": "0x198"}, {"name": "ICPR[7]", "offset": "0x19c"}, {"name": "IABR[0]", "offset": "0x200"}, {"name": "IABR[1]", "offset": "0x204"}, {"name": "IABR[2]", "offset": "0x208"}, {"name": "IABR[3]", "offset": "0x20c"}, {"name": "IABR[4]", "offset": "0x210"}, {"name": "IABR[5]", "offset": "0x214"}, {"name": "IABR[6]", "offset": "0x218"}, {"name": "IABR[7]", "offset": "0x21c"}, {"name": "IP[0]", "offset": "0x300", "size": "0x8"}, {"name": "IP[1]", "offset": "0x301", "size": "0x8"}, {"name": "IP[2]", "offset": "0x302", "size": "0x8"}, {"name": "IP[3]", "offset": "0x303", "size": "0x8"}, {"name": "IP[4]", "offset": "0x304", "size": "0x8"}, {"name": "IP[5]", "offset": "0x305", "size": "0x8"}, {"name": "IP[6]", "offset": "0x306", "size": "0x8"}, {"name": "IP[7]", "offset": "0x307", "size": "0x8"}, {"name": "IP[8]", "offset": "0x308", "size": "0x8"}, {"name": "IP[9]", "offset": "0x309", "size": "0x8"}, {"name": "IP[10]", "offset": "0x30a", "size": "0x8"}, {"name": "IP[11]", "offset": "0x30b", "size": "0x8"}, {"name": "IP[12]", "offset": "0x30c", "size": "0x8"}, {"name": "IP[13]", "offset": "0x30d", "size": "0x8"}, {"name": "IP[14]", "offset": "0x30e", "size": "0x8"}, {"name": "IP[15]", "offset": "0x30f", "size": "0x8"}, {"name": "IP[16]", "offset": "0x310", "size": "0x8"}, {"name": "IP[17]", "offset": "0x311", "size": "0x8"}, {"name": "IP[18]", "offset": "0x312", "size": "0x8"}, {"name": "IP[19]", "offset": "0x313", "size": "0x8"}, {"name": "IP[20]", "offset": "0x314", "size": "0x8"}, {"name": "IP[21]", "offset": "0x315", "size": "0x8"}, {"name": "IP[22]", "offset": "0x316", "size": "0x8"}, {"name": "IP[23]", "offset": "0x317", "size": "0x8"}, {"name": "IP[24]", "offset": "0x318", "size": "0x8"}, {"name": "IP[25]", "offset": "0x319", "size": "0x8"}, {"name": "IP[26]", "offset": "0x31a", "size": "0x8"}, {"name": "IP[27]", "offset": "0x31b", "size": "0x8"}, {"name": "IP[28]", "offset": "0x31c", "size": "0x8"}, {"name": "IP[29]", "offset": "0x31d", "size": "0x8"}, {"name": "IP[30]", "offset": "0x31e", "size": "0x8"}, {"name": "IP[31]", "offset": "0x31f", "size": "0x8"}, {"name": "IP[32]", "offset": "0x320", "size": "0x8"}, {"name": "IP[33]", "offset": "0x321", "size": "0x8"}, {"name": "IP[34]", "offset": "0x322", "size": "0x8"}, {"name": "IP[35]", "offset": "0x323", "size": "0x8"}, {"name": "IP[36]", "offset": "0x324", "size": "0x8"}, {"name": "IP[37]", "offset": "0x325", "size": "0x8"}, {"name": "IP[38]", "offset": "0x326", "size": "0x8"}, {"name": "IP[39]", "offset": "0x327", "size": "0x8"}, {"name": "IP[40]", "offset": "0x328", "size": "0x8"}, {"name": "IP[41]", "offset": "0x329", "size": "0x8"}, {"name": "IP[42]", "offset": "0x32a", "size": "0x8"}, {"name": "IP[43]", "offset": "0x32b", "size": "0x8"}, {"name": "IP[44]", "offset": "0x32c", "size": "0x8"}, {"name": "IP[45]", "offset": "0x32d", "size": "0x8"}, {"name": "IP[46]", "offset": "0x32e", "size": "0x8"}, {"name": "IP[47]", "offset": "0x32f", "size": "0x8"}, {"name": "IP[48]", "offset": "0x330", "size": "0x8"}, {"name": "IP[49]", "offset": "0x331", "size": "0x8"}, {"name": "IP[50]", "offset": "0x332", "size": "0x8"}, {"name": "IP[51]", "offset": "0x333", "size": "0x8"}, {"name": "IP[52]", "offset": "0x334", "size": "0x8"}, {"name": "IP[53]", "offset": "0x335", "size": "0x8"}, {"name": "IP[54]", "offset": "0x336", "size": "0x8"}, {"name": "IP[55]", "offset": "0x337", "size": "0x8"}, {"name": "IP[56]", "offset": "0x338", "size": "0x8"}, {"name": "IP[57]", "offset": "0x339", "size": "0x8"}, {"name": "IP[58]", "offset": "0x33a", "size": "0x8"}, {"name": "IP[59]", "offset": "0x33b", "size": "0x8"}, {"name": "IP[60]", "offset": "0x33c", "size": "0x8"}, {"name": "IP[61]", "offset": "0x33d", "size": "0x8"}, {"name": "IP[62]", "offset": "0x33e", "size": "0x8"}, {"name": "IP[63]", "offset": "0x33f", "size": "0x8"}, {"name": "IP[64]", "offset": "0x340", "size": "0x8"}, {"name": "IP[65]", "offset": "0x341", "size": "0x8"}, {"name": "IP[66]", "offset": "0x342", "size": "0x8"}, {"name": "IP[67]", "offset": "0x343", "size": "0x8"}, {"name": "IP[68]", "offset": "0x344", "size": "0x8"}, {"name": "IP[69]", "offset": "0x345", "size": "0x8"}, {"name": "IP[70]", "offset": "0x346", "size": "0x8"}, {"name": "IP[71]", "offset": "0x347", "size": "0x8"}, {"name": "IP[72]", "offset": "0x348", "size": "0x8"}, {"name": "IP[73]", "offset": "0x349", "size": "0x8"}, {"name": "IP[74]", "offset": "0x34a", "size": "0x8"}, {"name": "IP[75]", "offset": "0x34b", "size": "0x8"}, {"name": "IP[76]", "offset": "0x34c", "size": "0x8"}, {"name": "IP[77]", "offset": "0x34d", "size": "0x8"}, {"name": "IP[78]", "offset": "0x34e", "size": "0x8"}, {"name": "IP[79]", "offset": "0x34f", "size": "0x8"}, {"name": "IP[80]", "offset": "0x350", "size": "0x8"}, {"name": "IP[81]", "offset": "0x351", "size": "0x8"}, {"name": "IP[82]", "offset": "0x352", "size": "0x8"}, {"name": "IP[83]", "offset": "0x353", "size": "0x8"}, {"name": "IP[84]", "offset": "0x354", "size": "0x8"}, {"name": "IP[85]", "offset": "0x355", "size": "0x8"}, {"name": "IP[86]", "offset": "0x356", "size": "0x8"}, {"name": "IP[87]", "offset": "0x357", "size": "0x8"}, {"name": "IP[88]", "offset": "0x358", "size": "0x8"}, {"name": "IP[89]", "offset": "0x359", "size": "0x8"}, {"name": "IP[90]", "offset": "0x35a", "size": "0x8"}, {"name": "IP[91]", "offset": "0x35b", "size": "0x8"}, {"name": "IP[92]", "offset": "0x35c", "size": "0x8"}, {"name": "IP[93]", "offset": "0x35d", "size": "0x8"}, {"name": "IP[94]", "offset": "0x35e", "size": "0x8"}, {"name": "IP[95]", "offset": "0x35f", "size": "0x8"}, {"name": "IP[96]", "offset": "0x360", "size": "0x8"}, {"name": "IP[97]", "offset": "0x361", "size": "0x8"}, {"name": "IP[98]", "offset": "0x362", "size": "0x8"}, {"name": "IP[99]", "offset": "0x363", "size": "0x8"}, {"name": "IP[100]", "offset": "0x364", "size": "0x8"}, {"name": "IP[101]", "offset": "0x365", "size": "0x8"}, {"name": "IP[102]", "offset": "0x366", "size": "0x8"}, {"name": "IP[103]", "offset": "0x367", "size": "0x8"}, {"name": "IP[104]", "offset": "0x368", "size": "0x8"}, {"name": "IP[105]", "offset": "0x369", "size": "0x8"}, {"name": "IP[106]", "offset": "0x36a", "size": "0x8"}, {"name": "IP[107]", "offset": "0x36b", "size": "0x8"}, {"name": "IP[108]", "offset": "0x36c", "size": "0x8"}, {"name": "IP[109]", "offset": "0x36d", "size": "0x8"}, {"name": "IP[110]", "offset": "0x36e", "size": "0x8"}, {"name": "IP[111]", "offset": "0x36f", "size": "0x8"}, {"name": "IP[112]", "offset": "0x370", "size": "0x8"}, {"name": "IP[113]", "offset": "0x371", "size": "0x8"}, {"name": "IP[114]", "offset": "0x372", "size": "0x8"}, {"name": "IP[115]", "offset": "0x373", "size": "0x8"}, {"name": "IP[116]", "offset": "0x374", "size": "0x8"}, {"name": "IP[117]", "offset": "0x375", "size": "0x8"}, {"name": "IP[118]", "offset": "0x376", "size": "0x8"}, {"name": "IP[119]", "offset": "0x377", "size": "0x8"}, {"name": "IP[120]", "offset": "0x378", "size": "0x8"}, {"name": "IP[121]", "offset": "0x379", "size": "0x8"}, {"name": "IP[122]", "offset": "0x37a", "size": "0x8"}, {"name": "IP[123]", "offset": "0x37b", "size": "0x8"}, {"name": "IP[124]", "offset": "0x37c", "size": "0x8"}, {"name": "IP[125]", "offset": "0x37d", "size": "0x8"}, {"name": "IP[126]", "offset": "0x37e", "size": "0x8"}, {"name": "IP[127]", "offset": "0x37f", "size": "0x8"}, {"name": "IP[128]", "offset": "0x380", "size": "0x8"}, {"name": "IP[129]", "offset": "0x381", "size": "0x8"}, {"name": "IP[130]", "offset": "0x382", "size": "0x8"}, {"name": "IP[131]", "offset": "0x383", "size": "0x8"}, {"name": "IP[132]", "offset": "0x384", "size": "0x8"}, {"name": "IP[133]", "offset": "0x385", "size": "0x8"}, {"name": "IP[134]", "offset": "0x386", "size": "0x8"}, {"name": "IP[135]", "offset": "0x387", "size": "0x8"}, {"name": "IP[136]", "offset": "0x388", "size": "0x8"}, {"name": "IP[137]", "offset": "0x389", "size": "0x8"}, {"name": "IP[138]", "offset": "0x38a", "size": "0x8"}, {"name": "IP[139]", "offset": "0x38b", "size": "0x8"}, {"name": "IP[140]", "offset": "0x38c", "size": "0x8"}, {"name": "IP[141]", "offset": "0x38d", "size": "0x8"}, {"name": "IP[142]", "offset": "0x38e", "size": "0x8"}, {"name": "IP[143]", "offset": "0x38f", "size": "0x8"}, {"name": "IP[144]", "offset": "0x390", "size": "0x8"}, {"name": "IP[145]", "offset": "0x391", "size": "0x8"}, {"name": "IP[146]", "offset": "0x392", "size": "0x8"}, {"name": "IP[147]", "offset": "0x393", "size": "0x8"}, {"name": "IP[148]", "offset": "0x394", "size": "0x8"}, {"name": "IP[149]", "offset": "0x395", "size": "0x8"}, {"name": "IP[150]", "offset": "0x396", "size": "0x8"}, {"name": "IP[151]", "offset": "0x397", "size": "0x8"}, {"name": "IP[152]", "offset": "0x398", "size": "0x8"}, {"name": "IP[153]", "offset": "0x399", "size": "0x8"}, {"name": "IP[154]", "offset": "0x39a", "size": "0x8"}, {"name": "IP[155]", "offset": "0x39b", "size": "0x8"}, {"name": "IP[156]", "offset": "0x39c", "size": "0x8"}, {"name": "IP[157]", "offset": "0x39d", "size": "0x8"}, {"name": "IP[158]", "offset": "0x39e", "size": "0x8"}, {"name": "IP[159]", "offset": "0x39f", "size": "0x8"}, {"name": "IP[160]", "offset": "0x3a0", "size": "0x8"}, {"name": "IP[161]", "offset": "0x3a1", "size": "0x8"}, {"name": "IP[162]", "offset": "0x3a2", "size": "0x8"}, {"name": "IP[163]", "offset": "0x3a3", "size": "0x8"}, {"name": "IP[164]", "offset": "0x3a4", "size": "0x8"}, {"name": "IP[165]", "offset": "0x3a5", "size": "0x8"}, {"name": "IP[166]", "offset": "0x3a6", "size": "0x8"}, {"name": "IP[167]", "offset": "0x3a7", "size": "0x8"}, {"name": "IP[168]", "offset": "0x3a8", "size": "0x8"}, {"name": "IP[169]", "offset": "0x3a9", "size": "0x8"}, {"name": "IP[170]", "offset": "0x3aa", "size": "0x8"}, {"name": "IP[171]", "offset": "0x3ab", "size": "0x8"}, {"name": "IP[172]", "offset": "0x3ac", "size": "0x8"}, {"name": "IP[173]", "offset": "0x3ad", "size": "0x8"}, {"name": "IP[174]", "offset": "0x3ae", "size": "0x8"}, {"name": "IP[175]", "offset": "0x3af", "size": "0x8"}, {"name": "IP[176]", "offset": "0x3b0", "size": "0x8"}, {"name": "IP[177]", "offset": "0x3b1", "size": "0x8"}, {"name": "IP[178]", "offset": "0x3b2", "size": "0x8"}, {"name": "IP[179]", "offset": "0x3b3", "size": "0x8"}, {"name": "IP[180]", "offset": "0x3b4", "size": "0x8"}, {"name": "IP[181]", "offset": "0x3b5", "size": "0x8"}, {"name": "IP[182]", "offset": "0x3b6", "size": "0x8"}, {"name": "IP[183]", "offset": "0x3b7", "size": "0x8"}, {"name": "IP[184]", "offset": "0x3b8", "size": "0x8"}, {"name": "IP[185]", "offset": "0x3b9", "size": "0x8"}, {"name": "IP[186]", "offset": "0x3ba", "size": "0x8"}, {"name": "IP[187]", "offset": "0x3bb", "size": "0x8"}, {"name": "IP[188]", "offset": "0x3bc", "size": "0x8"}, {"name": "IP[189]", "offset": "0x3bd", "size": "0x8"}, {"name": "IP[190]", "offset": "0x3be", "size": "0x8"}, {"name": "IP[191]", "offset": "0x3bf", "size": "0x8"}, {"name": "IP[192]", "offset": "0x3c0", "size": "0x8"}, {"name": "IP[193]", "offset": "0x3c1", "size": "0x8"}, {"name": "IP[194]", "offset": "0x3c2", "size": "0x8"}, {"name": "IP[195]", "offset": "0x3c3", "size": "0x8"}, {"name": "IP[196]", "offset": "0x3c4", "size": "0x8"}, {"name": "IP[197]", "offset": "0x3c5", "size": "0x8"}, {"name": "IP[198]", "offset": "0x3c6", "size": "0x8"}, {"name": "IP[199]", "offset": "0x3c7", "size": "0x8"}, {"name": "IP[200]", "offset": "0x3c8", "size": "0x8"}, {"name": "IP[201]", "offset": "0x3c9", "size": "0x8"}, {"name": "IP[202]", "offset": "0x3ca", "size": "0x8"}, {"name": "IP[203]", "offset": "0x3cb", "size": "0x8"}, {"name": "IP[204]", "offset": "0x3cc", "size": "0x8"}, {"name": "IP[205]", "offset": "0x3cd", "size": "0x8"}, {"name": "IP[206]", "offset": "0x3ce", "size": "0x8"}, {"name": "IP[207]", "offset": "0x3cf", "size": "0x8"}, {"name": "IP[208]", "offset": "0x3d0", "size": "0x8"}, {"name": "IP[209]", "offset": "0x3d1", "size": "0x8"}, {"name": "IP[210]", "offset": "0x3d2", "size": "0x8"}, {"name": "IP[211]", "offset": "0x3d3", "size": "0x8"}, {"name": "IP[212]", "offset": "0x3d4", "size": "0x8"}, {"name": "IP[213]", "offset": "0x3d5", "size": "0x8"}, {"name": "IP[214]", "offset": "0x3d6", "size": "0x8"}, {"name": "IP[215]", "offset": "0x3d7", "size": "0x8"}, {"name": "IP[216]", "offset": "0x3d8", "size": "0x8"}, {"name": "IP[217]", "offset": "0x3d9", "size": "0x8"}, {"name": "IP[218]", "offset": "0x3da", "size": "0x8"}, {"name": "IP[219]", "offset": "0x3db", "size": "0x8"}, {"name": "IP[220]", "offset": "0x3dc", "size": "0x8"}, {"name": "IP[221]", "offset": "0x3dd", "size": "0x8"}, {"name": "IP[222]", "offset": "0x3de", "size": "0x8"}, {"name": "IP[223]", "offset": "0x3df", "size": "0x8"}, {"name": "IP[224]", "offset": "0x3e0", "size": "0x8"}, {"name": "IP[225]", "offset": "0x3e1", "size": "0x8"}, {"name": "IP[226]", "offset": "0x3e2", "size": "0x8"}, {"name": "IP[227]", "offset": "0x3e3", "size": "0x8"}, {"name": "IP[228]", "offset": "0x3e4", "size": "0x8"}, {"name": "IP[229]", "offset": "0x3e5", "size": "0x8"}, {"name": "IP[230]", "offset": "0x3e6", "size": "0x8"}, {"name": "IP[231]", "offset": "0x3e7", "size": "0x8"}, {"name": "IP[232]", "offset": "0x3e8", "size": "0x8"}, {"name": "IP[233]", "offset": "0x3e9", "size": "0x8"}, {"name": "IP[234]", "offset": "0x3ea", "size": "0x8"}, {"name": "IP[235]", "offset": "0x3eb", "size": "0x8"}, {"name": "IP[236]", "offset": "0x3ec", "size": "0x8"}, {"name": "IP[237]", "offset": "0x3ed", "size": "0x8"}, {"name": "IP[238]", "offset": "0x3ee", "size": "0x8"}, {"name": "IP[239]", "offset": "0x3ef", "size": "0x8"}]}, {"name": "MPU", "start": "0xe000ed90", "end": "0xe000edbb", "size": "0x2c", "comment": "", "registers": [{"name": "TYPE", "offset": "0x0"}, {"name": "CTRL", "offset": "0x4"}, {"name": "RNR", "offset": "0x8"}, {"name": "RBAR", "offset": "0xc"}, {"name": "RASR", "offset": "0x10"}, {"name": "RBAR_A1", "offset": "0x14"}, {"name": "RASR_A1", "offset": "0x18"}, {"name": "RBAR_A2", "offset": "0x1c"}, {"name": "RASR_A2", "offset": "0x20"}, {"name": "RBAR_A3", "offset": "0x24"}, {"name": "RASR_A3", "offset": "0x28"}]}, {"name": "FPU", "start": "0xe000ef30", "end": "0xe000ef4b", "size": "0x1c", "comment": "", "registers": [{"name": "FPCCR", "offset": "0x4"}, {"name": "FPCAR", "offset": "0x8"}, {"name": "FPDSCR", "offset": "0xc"}, {"name": "MVFR0", "offset": "0x10"}, {"name": "MVFR1", "offset": "0x14"}, {"name": "MVFR2", "offset": "0x18"}]}], "vector_table": [{"name": "StackPointer_Value", "value": -1, "addr": "0x0", "comment": "Stack pointer initial value"}, {"name": "Reset", "value": -1, "addr": "0x4", "comment": "Priority: -3"}, {"name": "NMI", "value": -1, "addr": "0x8", "comment": "Priority: -2"}, {"name": "HardFault", "value": -1, "addr": "0xc", "comment": "Priority: -1"}, {"name": "SVCall", "value": -1, "addr": "0x2c", "comment": "Priority: 3"}, {"name": "PendSV", "value": -1, "addr": "0x38", "comment": "Priority: 5"}, {"name": "SysTick", "value": -1, "addr": "0x3c", "comment": "Priority: 6"}, {"name": "SUPC", "value": 0, "comment": "", "addr": "0x40"}, {"name": "RSTC", "value": 1, "comment": "", "addr": "0x44"}, {"name": "RTC", "value": 2, "comment": "", "addr": "0x48"}, {"name": "RTT", "value": 3, "comment": "", "addr": "0x4c"}, {"name": "WDT", "value": 4, "comment": "", "addr": "0x50"}, {"name": "PMC", "value": 5, "comment": "", "addr": "0x54"}, {"name": "EFC", "value": 6, "comment": "", "addr": "0x58"}, {"name": "UART0", "value": 7, "comment": "", "addr": "0x5c"}, {"name": "UART1", "value": 8, "comment": "", "addr": "0x60"}, {"name": "PIOA", "value": 10, "comment": "", "addr": "0x68"}, {"name": "PIOB", "value": 11, "comment": "", "addr": "0x6c"}, {"name": "USART0", "value": 13, "comment": "", "addr": "0x74"}, {"name": "USART1", "value": 14, "comment": "", "addr": "0x78"}, {"name": "PIOD", "value": 16, "comment": "", "addr": "0x80"}, {"name": "TWIHS0", "value": 19, "comment": "", "addr": "0x8c"}, {"name": "TWIHS1", "value": 20, "comment": "", "addr": "0x90"}, {"name": "SSC", "value": 22, "comment": "", "addr": "0x98"}, {"name": "TC0", "value": 23, "comment": "", "addr": "0x9c"}, {"name": "TC1", "value": 24, "comment": "", "addr": "0xa0"}, {"name": "TC2", "value": 25, "comment": "", "addr": "0xa4"}, {"name": "TC3", "value": 26, "comment": "", "addr": "0xa8"}, {"name": "TC4", "value": 27, "comment": "", "addr": "0xac"}, {"name": "TC5", "value": 28, "comment": "", "addr": "0xb0"}, {"name": "AFEC0", "value": 29, "comment": "", "addr": "0xb4"}, {"name": "DACC", "value": 30, "comment": "", "addr": "0xb8"}, {"name": "PWM0", "value": 31, "comment": "", "addr": "0xbc"}, {"name": "ICM", "value": 32, "comment": "", "addr": "0xc0"}, {"name": "ACC", "value": 33, "comment": "", "addr": "0xc4"}, {"name": "USBHS", "value": 34, "comment": "", "addr": "0xc8"}, {"name": "MCAN0_INT0", "value": 35, "comment": "", "addr": "0xcc"}, {"name": "MCAN0_INT1", "value": 36, "comment": "", "addr": "0xd0"}, {"name": "GMAC", "value": 39, "comment": "", "addr": "0xdc"}, {"name": "AFEC1", "value": 40, "comment": "", "addr": "0xe0"}, {"name": "QSPI", "value": 43, "comment": "", "addr": "0xec"}, {"name": "UART2", "value": 44, "comment": "", "addr": "0xf0"}, {"name": "TC6", "value": 47, "comment": "", "addr": "0xfc"}, {"name": "TC7", "value": 48, "comment": "", "addr": "0x100"}, {"name": "TC8", "value": 49, "comment": "", "addr": "0x104"}, {"name": "TC9", "value": 50, "comment": "", "addr": "0x108"}, {"name": "TC10", "value": 51, "comment": "", "addr": "0x10c"}, {"name": "TC11", "value": 52, "comment": "", "addr": "0x110"}, {"name": "AES", "value": 56, "comment": "", "addr": "0x120"}, {"name": "TRNG", "value": 57, "comment": "", "addr": "0x124"}, {"name": "XDMAC", "value": 58, "comment": "", "addr": "0x128"}, {"name": "ISI", "value": 59, "comment": "", "addr": "0x12c"}, {"name": "PWM1", "value": 60, "comment": "", "addr": "0x130"}, {"name": "FPU", "value": 61, "comment": "", "addr": "0x134"}, {"name": "RSWDT", "value": 63, "comment": "", "addr": "0x13c"}, {"name": "GMAC_Q1", "value": 66, "comment": "", "addr": "0x148"}, {"name": "GMAC_Q2", "value": 67, "comment": "", "addr": "0x14c"}, {"name": "IXC", "value": 68, "comment": "", "addr": "0x150"}]}