{"brand": "Microchip", "family": "SAM4S", "name": "ATSAM4S16B", "bits": 32, "mode": 1, "segments": [{"name": "SRAM", "start": "0x20000000", "end": "0x20027fff", "size": "0x28000", "type": "DATA"}, {"name": "SRAM_ALIAS", "start": "0x22000000", "end": "0x22027fff", "size": "0x28000", "type": "DATA"}], "peripherals": [{"name": "HSMCI", "start": "0x40000000", "end": "0x40003fff", "size": "0x4000", "comment": "", "registers": [{"name": "CR", "offset": "0x0"}, {"name": "MR", "offset": "0x4"}, {"name": "DTOR", "offset": "0x8"}, {"name": "SDCR", "offset": "0xc"}, {"name": "ARGR", "offset": "0x10"}, {"name": "CMDR", "offset": "0x14"}, {"name": "BLKR", "offset": "0x18"}, {"name": "CSTOR", "offset": "0x1c"}, {"name": "RDR", "offset": "0x30"}, {"name": "TDR", "offset": "0x34"}, {"name": "SR", "offset": "0x40"}, {"name": "IER", "offset": "0x44"}, {"name": "IDR", "offset": "0x48"}, {"name": "IMR", "offset": "0x4c"}, {"name": "CFG", "offset": "0x54"}, {"name": "WPMR", "offset": "0xe4"}, {"name": "WPSR", "offset": "0xe8"}, {"name": "RPR", "offset": "0x100"}, {"name": "RCR", "offset": "0x104"}, {"name": "TPR", "offset": "0x108"}, {"name": "TCR", "offset": "0x10c"}, {"name": "RNPR", "offset": "0x110"}, {"name": "RNCR", "offset": "0x114"}, {"name": "TNPR", "offset": "0x118"}, {"name": "TNCR", "offset": "0x11c"}, {"name": "PTCR", "offset": "0x120"}, {"name": "PTSR", "offset": "0x124"}, {"name": "RSPR[0]", "offset": "0x20"}, {"name": "RSPR[1]", "offset": "0x24"}, {"name": "RSPR[2]", "offset": "0x28"}, {"name": "RSPR[3]", "offset": "0x2c"}, {"name": "FIFO[0]", "offset": "0x200"}, {"name": "FIFO[1]", "offset": "0x204"}, {"name": "FIFO[2]", "offset": "0x208"}, {"name": "FIFO[3]", "offset": "0x20c"}, {"name": "FIFO[4]", "offset": "0x210"}, {"name": "FIFO[5]", "offset": "0x214"}, {"name": "FIFO[6]", "offset": "0x218"}, {"name": "FIFO[7]", "offset": "0x21c"}, {"name": "FIFO[8]", "offset": "0x220"}, {"name": "FIFO[9]", "offset": "0x224"}, {"name": "FIFO[10]", "offset": "0x228"}, {"name": "FIFO[11]", "offset": "0x22c"}, {"name": "FIFO[12]", "offset": "0x230"}, {"name": "FIFO[13]", "offset": "0x234"}, {"name": "FIFO[14]", "offset": "0x238"}, {"name": "FIFO[15]", "offset": "0x23c"}, {"name": "FIFO[16]", "offset": "0x240"}, {"name": "FIFO[17]", "offset": "0x244"}, {"name": "FIFO[18]", "offset": "0x248"}, {"name": "FIFO[19]", "offset": "0x24c"}, {"name": "FIFO[20]", "offset": "0x250"}, {"name": "FIFO[21]", "offset": "0x254"}, {"name": "FIFO[22]", "offset": "0x258"}, {"name": "FIFO[23]", "offset": "0x25c"}, {"name": "FIFO[24]", "offset": "0x260"}, {"name": "FIFO[25]", "offset": "0x264"}, {"name": "FIFO[26]", "offset": "0x268"}, {"name": "FIFO[27]", "offset": "0x26c"}, {"name": "FIFO[28]", "offset": "0x270"}, {"name": "FIFO[29]", "offset": "0x274"}, {"name": "FIFO[30]", "offset": "0x278"}, {"name": "FIFO[31]", "offset": "0x27c"}, {"name": "FIFO[32]", "offset": "0x280"}, {"name": "FIFO[33]", "offset": "0x284"}, {"name": "FIFO[34]", "offset": "0x288"}, {"name": "FIFO[35]", "offset": "0x28c"}, {"name": "FIFO[36]", "offset": "0x290"}, {"name": "FIFO[37]", "offset": "0x294"}, {"name": "FIFO[38]", "offset": "0x298"}, {"name": "FIFO[39]", "offset": "0x29c"}, {"name": "FIFO[40]", "offset": "0x2a0"}, {"name": "FIFO[41]", "offset": "0x2a4"}, {"name": "FIFO[42]", "offset": "0x2a8"}, {"name": "FIFO[43]", "offset": "0x2ac"}, {"name": "FIFO[44]", "offset": "0x2b0"}, {"name": "FIFO[45]", "offset": "0x2b4"}, {"name": "FIFO[46]", "offset": "0x2b8"}, {"name": "FIFO[47]", "offset": "0x2bc"}, {"name": "FIFO[48]", "offset": "0x2c0"}, {"name": "FIFO[49]", "offset": "0x2c4"}, {"name": "FIFO[50]", "offset": "0x2c8"}, {"name": "FIFO[51]", "offset": "0x2cc"}, {"name": "FIFO[52]", "offset": "0x2d0"}, {"name": "FIFO[53]", "offset": "0x2d4"}, {"name": "FIFO[54]", "offset": "0x2d8"}, {"name": "FIFO[55]", "offset": "0x2dc"}, {"name": "FIFO[56]", "offset": "0x2e0"}, {"name": "FIFO[57]", "offset": "0x2e4"}, {"name": "FIFO[58]", "offset": "0x2e8"}, {"name": "FIFO[59]", "offset": "0x2ec"}, {"name": "FIFO[60]", "offset": "0x2f0"}, {"name": "FIFO[61]", "offset": "0x2f4"}, {"name": "FIFO[62]", "offset": "0x2f8"}, {"name": "FIFO[63]", "offset": "0x2fc"}, {"name": "FIFO[64]", "offset": "0x300"}, {"name": "FIFO[65]", "offset": "0x304"}, {"name": "FIFO[66]", "offset": "0x308"}, {"name": "FIFO[67]", "offset": "0x30c"}, {"name": "FIFO[68]", "offset": "0x310"}, {"name": "FIFO[69]", "offset": "0x314"}, {"name": "FIFO[70]", "offset": "0x318"}, {"name": "FIFO[71]", "offset": "0x31c"}, {"name": "FIFO[72]", "offset": "0x320"}, {"name": "FIFO[73]", "offset": "0x324"}, {"name": "FIFO[74]", "offset": "0x328"}, {"name": "FIFO[75]", "offset": "0x32c"}, {"name": "FIFO[76]", "offset": "0x330"}, {"name": "FIFO[77]", "offset": "0x334"}, {"name": "FIFO[78]", "offset": "0x338"}, {"name": "FIFO[79]", "offset": "0x33c"}, {"name": "FIFO[80]", "offset": "0x340"}, {"name": "FIFO[81]", "offset": "0x344"}, {"name": "FIFO[82]", "offset": "0x348"}, {"name": "FIFO[83]", "offset": "0x34c"}, {"name": "FIFO[84]", "offset": "0x350"}, {"name": "FIFO[85]", "offset": "0x354"}, {"name": "FIFO[86]", "offset": "0x358"}, {"name": "FIFO[87]", "offset": "0x35c"}, {"name": "FIFO[88]", "offset": "0x360"}, {"name": "FIFO[89]", "offset": "0x364"}, {"name": "FIFO[90]", "offset": "0x368"}, {"name": "FIFO[91]", "offset": "0x36c"}, {"name": "FIFO[92]", "offset": "0x370"}, {"name": "FIFO[93]", "offset": "0x374"}, {"name": "FIFO[94]", "offset": "0x378"}, {"name": "FIFO[95]", "offset": "0x37c"}, {"name": "FIFO[96]", "offset": "0x380"}, {"name": "FIFO[97]", "offset": "0x384"}, {"name": "FIFO[98]", "offset": "0x388"}, {"name": "FIFO[99]", "offset": "0x38c"}, {"name": "FIFO[100]", "offset": "0x390"}, {"name": "FIFO[101]", "offset": "0x394"}, {"name": "FIFO[102]", "offset": "0x398"}, {"name": "FIFO[103]", "offset": "0x39c"}, {"name": "FIFO[104]", "offset": "0x3a0"}, {"name": "FIFO[105]", "offset": "0x3a4"}, {"name": "FIFO[106]", "offset": "0x3a8"}, {"name": "FIFO[107]", "offset": "0x3ac"}, {"name": "FIFO[108]", "offset": "0x3b0"}, {"name": "FIFO[109]", "offset": "0x3b4"}, {"name": "FIFO[110]", "offset": "0x3b8"}, {"name": "FIFO[111]", "offset": "0x3bc"}, {"name": "FIFO[112]", "offset": "0x3c0"}, {"name": "FIFO[113]", "offset": "0x3c4"}, {"name": "FIFO[114]", "offset": "0x3c8"}, {"name": "FIFO[115]", "offset": "0x3cc"}, {"name": "FIFO[116]", "offset": "0x3d0"}, {"name": "FIFO[117]", "offset": "0x3d4"}, {"name": "FIFO[118]", "offset": "0x3d8"}, {"name": "FIFO[119]", "offset": "0x3dc"}, {"name": "FIFO[120]", "offset": "0x3e0"}, {"name": "FIFO[121]", "offset": "0x3e4"}, {"name": "FIFO[122]", "offset": "0x3e8"}, {"name": "FIFO[123]", "offset": "0x3ec"}, {"name": "FIFO[124]", "offset": "0x3f0"}, {"name": "FIFO[125]", "offset": "0x3f4"}, {"name": "FIFO[126]", "offset": "0x3f8"}, {"name": "FIFO[127]", "offset": "0x3fc"}, {"name": "FIFO[128]", "offset": "0x400"}, {"name": "FIFO[129]", "offset": "0x404"}, {"name": "FIFO[130]", "offset": "0x408"}, {"name": "FIFO[131]", "offset": "0x40c"}, {"name": "FIFO[132]", "offset": "0x410"}, {"name": "FIFO[133]", "offset": "0x414"}, {"name": "FIFO[134]", "offset": "0x418"}, {"name": "FIFO[135]", "offset": "0x41c"}, {"name": "FIFO[136]", "offset": "0x420"}, {"name": "FIFO[137]", "offset": "0x424"}, {"name": "FIFO[138]", "offset": "0x428"}, {"name": "FIFO[139]", "offset": "0x42c"}, {"name": "FIFO[140]", "offset": "0x430"}, {"name": "FIFO[141]", "offset": "0x434"}, {"name": "FIFO[142]", "offset": "0x438"}, {"name": "FIFO[143]", "offset": "0x43c"}, {"name": "FIFO[144]", "offset": "0x440"}, {"name": "FIFO[145]", "offset": "0x444"}, {"name": "FIFO[146]", "offset": "0x448"}, {"name": "FIFO[147]", "offset": "0x44c"}, {"name": "FIFO[148]", "offset": "0x450"}, {"name": "FIFO[149]", "offset": "0x454"}, {"name": "FIFO[150]", "offset": "0x458"}, {"name": "FIFO[151]", "offset": "0x45c"}, {"name": "FIFO[152]", "offset": "0x460"}, {"name": "FIFO[153]", "offset": "0x464"}, {"name": "FIFO[154]", "offset": "0x468"}, {"name": "FIFO[155]", "offset": "0x46c"}, {"name": "FIFO[156]", "offset": "0x470"}, {"name": "FIFO[157]", "offset": "0x474"}, {"name": "FIFO[158]", "offset": "0x478"}, {"name": "FIFO[159]", "offset": "0x47c"}, {"name": "FIFO[160]", "offset": "0x480"}, {"name": "FIFO[161]", "offset": "0x484"}, {"name": "FIFO[162]", "offset": "0x488"}, {"name": "FIFO[163]", "offset": "0x48c"}, {"name": "FIFO[164]", "offset": "0x490"}, {"name": "FIFO[165]", "offset": "0x494"}, {"name": "FIFO[166]", "offset": "0x498"}, {"name": "FIFO[167]", "offset": "0x49c"}, {"name": "FIFO[168]", "offset": "0x4a0"}, {"name": "FIFO[169]", "offset": "0x4a4"}, {"name": "FIFO[170]", "offset": "0x4a8"}, {"name": "FIFO[171]", "offset": "0x4ac"}, {"name": "FIFO[172]", "offset": "0x4b0"}, {"name": "FIFO[173]", "offset": "0x4b4"}, {"name": "FIFO[174]", "offset": "0x4b8"}, {"name": "FIFO[175]", "offset": "0x4bc"}, {"name": "FIFO[176]", "offset": "0x4c0"}, {"name": "FIFO[177]", "offset": "0x4c4"}, {"name": "FIFO[178]", "offset": "0x4c8"}, {"name": "FIFO[179]", "offset": "0x4cc"}, {"name": "FIFO[180]", "offset": "0x4d0"}, {"name": "FIFO[181]", "offset": "0x4d4"}, {"name": "FIFO[182]", "offset": "0x4d8"}, {"name": "FIFO[183]", "offset": "0x4dc"}, {"name": "FIFO[184]", "offset": "0x4e0"}, {"name": "FIFO[185]", "offset": "0x4e4"}, {"name": "FIFO[186]", "offset": "0x4e8"}, {"name": "FIFO[187]", "offset": "0x4ec"}, {"name": "FIFO[188]", "offset": "0x4f0"}, {"name": "FIFO[189]", "offset": "0x4f4"}, {"name": "FIFO[190]", "offset": "0x4f8"}, {"name": "FIFO[191]", "offset": "0x4fc"}, {"name": "FIFO[192]", "offset": "0x500"}, {"name": "FIFO[193]", "offset": "0x504"}, {"name": "FIFO[194]", "offset": "0x508"}, {"name": "FIFO[195]", "offset": "0x50c"}, {"name": "FIFO[196]", "offset": "0x510"}, {"name": "FIFO[197]", "offset": "0x514"}, {"name": "FIFO[198]", "offset": "0x518"}, {"name": "FIFO[199]", "offset": "0x51c"}, {"name": "FIFO[200]", "offset": "0x520"}, {"name": "FIFO[201]", "offset": "0x524"}, {"name": "FIFO[202]", "offset": "0x528"}, {"name": "FIFO[203]", "offset": "0x52c"}, {"name": "FIFO[204]", "offset": "0x530"}, {"name": "FIFO[205]", "offset": "0x534"}, {"name": "FIFO[206]", "offset": "0x538"}, {"name": "FIFO[207]", "offset": "0x53c"}, {"name": "FIFO[208]", "offset": "0x540"}, {"name": "FIFO[209]", "offset": "0x544"}, {"name": "FIFO[210]", "offset": "0x548"}, {"name": "FIFO[211]", "offset": "0x54c"}, {"name": "FIFO[212]", "offset": "0x550"}, {"name": "FIFO[213]", "offset": "0x554"}, {"name": "FIFO[214]", "offset": "0x558"}, {"name": "FIFO[215]", "offset": "0x55c"}, {"name": "FIFO[216]", "offset": "0x560"}, {"name": "FIFO[217]", "offset": "0x564"}, {"name": "FIFO[218]", "offset": "0x568"}, {"name": "FIFO[219]", "offset": "0x56c"}, {"name": "FIFO[220]", "offset": "0x570"}, {"name": "FIFO[221]", "offset": "0x574"}, {"name": "FIFO[222]", "offset": "0x578"}, {"name": "FIFO[223]", "offset": "0x57c"}, {"name": "FIFO[224]", "offset": "0x580"}, {"name": "FIFO[225]", "offset": "0x584"}, {"name": "FIFO[226]", "offset": "0x588"}, {"name": "FIFO[227]", "offset": "0x58c"}, {"name": "FIFO[228]", "offset": "0x590"}, {"name": "FIFO[229]", "offset": "0x594"}, {"name": "FIFO[230]", "offset": "0x598"}, {"name": "FIFO[231]", "offset": "0x59c"}, {"name": "FIFO[232]", "offset": "0x5a0"}, {"name": "FIFO[233]", "offset": "0x5a4"}, {"name": "FIFO[234]", "offset": "0x5a8"}, {"name": "FIFO[235]", "offset": "0x5ac"}, {"name": "FIFO[236]", "offset": "0x5b0"}, {"name": "FIFO[237]", "offset": "0x5b4"}, {"name": "FIFO[238]", "offset": "0x5b8"}, {"name": "FIFO[239]", "offset": "0x5bc"}, {"name": "FIFO[240]", "offset": "0x5c0"}, {"name": "FIFO[241]", "offset": "0x5c4"}, {"name": "FIFO[242]", "offset": "0x5c8"}, {"name": "FIFO[243]", "offset": "0x5cc"}, {"name": "FIFO[244]", "offset": "0x5d0"}, {"name": "FIFO[245]", "offset": "0x5d4"}, {"name": "FIFO[246]", "offset": "0x5d8"}, {"name": "FIFO[247]", "offset": "0x5dc"}, {"name": "FIFO[248]", "offset": "0x5e0"}, {"name": "FIFO[249]", "offset": "0x5e4"}, {"name": "FIFO[250]", "offset": "0x5e8"}, {"name": "FIFO[251]", "offset": "0x5ec"}, {"name": "FIFO[252]", "offset": "0x5f0"}, {"name": "FIFO[253]", "offset": "0x5f4"}, {"name": "FIFO[254]", "offset": "0x5f8"}, {"name": "FIFO[255]", "offset": "0x5fc"}]}, {"name": "SSC", "start": "0x40004000", "end": "0x40007fff", "size": "0x4000", "comment": "", "registers": [{"name": "CR", "offset": "0x0"}, {"name": "CMR", "offset": "0x4"}, {"name": "RCMR", "offset": "0x10"}, {"name": "RFMR", "offset": "0x14"}, {"name": "TCMR", "offset": "0x18"}, {"name": "TFMR", "offset": "0x1c"}, {"name": "RHR", "offset": "0x20"}, {"name": "THR", "offset": "0x24"}, {"name": "RSHR", "offset": "0x30"}, {"name": "TSHR", "offset": "0x34"}, {"name": "RC0R", "offset": "0x38"}, {"name": "RC1R", "offset": "0x3c"}, {"name": "SR", "offset": "0x40"}, {"name": "IER", "offset": "0x44"}, {"name": "IDR", "offset": "0x48"}, {"name": "IMR", "offset": "0x4c"}, {"name": "WPMR", "offset": "0xe4"}, {"name": "WPSR", "offset": "0xe8"}, {"name": "RPR", "offset": "0x100"}, {"name": "RCR", "offset": "0x104"}, {"name": "TPR", "offset": "0x108"}, {"name": "TCR", "offset": "0x10c"}, {"name": "RNPR", "offset": "0x110"}, {"name": "RNCR", "offset": "0x114"}, {"name": "TNPR", "offset": "0x118"}, {"name": "TNCR", "offset": "0x11c"}, {"name": "PTCR", "offset": "0x120"}, {"name": "PTSR", "offset": "0x124"}]}, {"name": "SPI", "start": "0x40008000", "end": "0x4000bfff", "size": "0x4000", "comment": "", "registers": [{"name": "CR", "offset": "0x0"}, {"name": "MR", "offset": "0x4"}, {"name": "RDR", "offset": "0x8"}, {"name": "TDR", "offset": "0xc"}, {"name": "SR", "offset": "0x10"}, {"name": "IER", "offset": "0x14"}, {"name": "IDR", "offset": "0x18"}, {"name": "IMR", "offset": "0x1c"}, {"name": "WPMR", "offset": "0xe4"}, {"name": "WPSR", "offset": "0xe8"}, {"name": "RPR", "offset": "0x100"}, {"name": "RCR", "offset": "0x104"}, {"name": "TPR", "offset": "0x108"}, {"name": "TCR", "offset": "0x10c"}, {"name": "RNPR", "offset": "0x110"}, {"name": "RNCR", "offset": "0x114"}, {"name": "TNPR", "offset": "0x118"}, {"name": "TNCR", "offset": "0x11c"}, {"name": "PTCR", "offset": "0x120"}, {"name": "PTSR", "offset": "0x124"}, {"name": "CSR[0]", "offset": "0x30"}, {"name": "CSR[1]", "offset": "0x34"}, {"name": "CSR[2]", "offset": "0x38"}, {"name": "CSR[3]", "offset": "0x3c"}]}, {"name": "TC0", "start": "0x40010000", "end": "0x40013fff", "size": "0x4000", "comment": "", "registers": [{"name": "CCR0", "offset": "0x0"}, {"name": "CMR0", "offset": "0x4"}, {"name": "CMR0_WAVEFORM_MODE", "offset": "0x4"}, {"name": "SMMR0", "offset": "0x8"}, {"name": "CV0", "offset": "0x10"}, {"name": "RA0", "offset": "0x14"}, {"name": "RB0", "offset": "0x18"}, {"name": "RC0", "offset": "0x1c"}, {"name": "SR0", "offset": "0x20"}, {"name": "IER0", "offset": "0x24"}, {"name": "IDR0", "offset": "0x28"}, {"name": "IMR0", "offset": "0x2c"}, {"name": "CCR1", "offset": "0x40"}, {"name": "CMR1", "offset": "0x44"}, {"name": "CMR1_WAVEFORM_MODE", "offset": "0x44"}, {"name": "SMMR1", "offset": "0x48"}, {"name": "CV1", "offset": "0x50"}, {"name": "RA1", "offset": "0x54"}, {"name": "RB1", "offset": "0x58"}, {"name": "RC1", "offset": "0x5c"}, {"name": "SR1", "offset": "0x60"}, {"name": "IER1", "offset": "0x64"}, {"name": "IDR1", "offset": "0x68"}, {"name": "IMR1", "offset": "0x6c"}, {"name": "CCR2", "offset": "0x80"}, {"name": "CMR2", "offset": "0x84"}, {"name": "CMR2_WAVEFORM_MODE", "offset": "0x84"}, {"name": "SMMR2", "offset": "0x88"}, {"name": "CV2", "offset": "0x90"}, {"name": "RA2", "offset": "0x94"}, {"name": "RB2", "offset": "0x98"}, {"name": "RC2", "offset": "0x9c"}, {"name": "SR2", "offset": "0xa0"}, {"name": "IER2", "offset": "0xa4"}, {"name": "IDR2", "offset": "0xa8"}, {"name": "IMR2", "offset": "0xac"}, {"name": "BCR", "offset": "0xc0"}, {"name": "BMR", "offset": "0xc4"}, {"name": "QIER", "offset": "0xc8"}, {"name": "QIDR", "offset": "0xcc"}, {"name": "QIMR", "offset": "0xd0"}, {"name": "QISR", "offset": "0xd4"}, {"name": "FMR", "offset": "0xd8"}, {"name": "WPMR", "offset": "0xe4"}]}, {"name": "TWI0", "start": "0x40018000", "end": "0x4001bfff", "size": "0x4000", "comment": "", "registers": [{"name": "CR", "offset": "0x0"}, {"name": "MMR", "offset": "0x4"}, {"name": "SMR", "offset": "0x8"}, {"name": "IADR", "offset": "0xc"}, {"name": "CWGR", "offset": "0x10"}, {"name": "SR", "offset": "0x20"}, {"name": "IER", "offset": "0x24"}, {"name": "IDR", "offset": "0x28"}, {"name": "IMR", "offset": "0x2c"}, {"name": "RHR", "offset": "0x30"}, {"name": "THR", "offset": "0x34"}, {"name": "RPR", "offset": "0x100"}, {"name": "RCR", "offset": "0x104"}, {"name": "TPR", "offset": "0x108"}, {"name": "TCR", "offset": "0x10c"}, {"name": "RNPR", "offset": "0x110"}, {"name": "RNCR", "offset": "0x114"}, {"name": "TNPR", "offset": "0x118"}, {"name": "TNCR", "offset": "0x11c"}, {"name": "PTCR", "offset": "0x120"}, {"name": "PTSR", "offset": "0x124"}]}, {"name": "TWI1", "start": "0x4001c000", "end": "0x4001ffff", "size": "0x4000", "comment": "", "registers": [{"name": "CR", "offset": "0x0"}, {"name": "MMR", "offset": "0x4"}, {"name": "SMR", "offset": "0x8"}, {"name": "IADR", "offset": "0xc"}, {"name": "CWGR", "offset": "0x10"}, {"name": "SR", "offset": "0x20"}, {"name": "IER", "offset": "0x24"}, {"name": "IDR", "offset": "0x28"}, {"name": "IMR", "offset": "0x2c"}, {"name": "RHR", "offset": "0x30"}, {"name": "THR", "offset": "0x34"}, {"name": "RPR", "offset": "0x100"}, {"name": "RCR", "offset": "0x104"}, {"name": "TPR", "offset": "0x108"}, {"name": "TCR", "offset": "0x10c"}, {"name": "RNPR", "offset": "0x110"}, {"name": "RNCR", "offset": "0x114"}, {"name": "TNPR", "offset": "0x118"}, {"name": "TNCR", "offset": "0x11c"}, {"name": "PTCR", "offset": "0x120"}, {"name": "PTSR", "offset": "0x124"}]}, {"name": "PWM", "start": "0x40020000", "end": "0x40023fff", "size": "0x4000", "comment": "", "registers": [{"name": "CLK", "offset": "0x0"}, {"name": "ENA", "offset": "0x4"}, {"name": "DIS", "offset": "0x8"}, {"name": "SR", "offset": "0xc"}, {"name": "IER1", "offset": "0x10"}, {"name": "IDR1", "offset": "0x14"}, {"name": "IMR1", "offset": "0x18"}, {"name": "ISR1", "offset": "0x1c"}, {"name": "SCM", "offset": "0x20"}, {"name": "SCUC", "offset": "0x28"}, {"name": "SCUP", "offset": "0x2c"}, {"name": "SCUPUPD", "offset": "0x30"}, {"name": "IER2", "offset": "0x34"}, {"name": "IDR2", "offset": "0x38"}, {"name": "IMR2", "offset": "0x3c"}, {"name": "ISR2", "offset": "0x40"}, {"name": "OOV", "offset": "0x44"}, {"name": "OS", "offset": "0x48"}, {"name": "OSS", "offset": "0x4c"}, {"name": "OSC", "offset": "0x50"}, {"name": "OSSUPD", "offset": "0x54"}, {"name": "OSCUPD", "offset": "0x58"}, {"name": "FMR", "offset": "0x5c"}, {"name": "FSR", "offset": "0x60"}, {"name": "FCR", "offset": "0x64"}, {"name": "FPV", "offset": "0x68"}, {"name": "FPE", "offset": "0x6c"}, {"name": "SMMR", "offset": "0xb0"}, {"name": "WPCR", "offset": "0xe4"}, {"name": "WPSR", "offset": "0xe8"}, {"name": "CMPV0", "offset": "0x130"}, {"name": "CMPVUPD0", "offset": "0x134"}, {"name": "CMPM0", "offset": "0x138"}, {"name": "CMPMUPD0", "offset": "0x13c"}, {"name": "CMPV1", "offset": "0x140"}, {"name": "CMPVUPD1", "offset": "0x144"}, {"name": "CMPM1", "offset": "0x148"}, {"name": "CMPMUPD1", "offset": "0x14c"}, {"name": "CMPV2", "offset": "0x150"}, {"name": "CMPVUPD2", "offset": "0x154"}, {"name": "CMPM2", "offset": "0x158"}, {"name": "CMPMUPD2", "offset": "0x15c"}, {"name": "CMPV3", "offset": "0x160"}, {"name": "CMPVUPD3", "offset": "0x164"}, {"name": "CMPM3", "offset": "0x168"}, {"name": "CMPMUPD3", "offset": "0x16c"}, {"name": "CMPV4", "offset": "0x170"}, {"name": "CMPVUPD4", "offset": "0x174"}, {"name": "CMPM4", "offset": "0x178"}, {"name": "CMPMUPD4", "offset": "0x17c"}, {"name": "CMPV5", "offset": "0x180"}, {"name": "CMPVUPD5", "offset": "0x184"}, {"name": "CMPM5", "offset": "0x188"}, {"name": "CMPMUPD5", "offset": "0x18c"}, {"name": "CMPV6", "offset": "0x190"}, {"name": "CMPVUPD6", "offset": "0x194"}, {"name": "CMPM6", "offset": "0x198"}, {"name": "CMPMUPD6", "offset": "0x19c"}, {"name": "CMPV7", "offset": "0x1a0"}, {"name": "CMPVUPD7", "offset": "0x1a4"}, {"name": "CMPM7", "offset": "0x1a8"}, {"name": "CMPMUPD7", "offset": "0x1ac"}, {"name": "CMR0", "offset": "0x200"}, {"name": "CDTY0", "offset": "0x204"}, {"name": "CDTYUPD0", "offset": "0x208"}, {"name": "CPRD0", "offset": "0x20c"}, {"name": "CPRDUPD0", "offset": "0x210"}, {"name": "CCNT0", "offset": "0x214"}, {"name": "DT0", "offset": "0x218"}, {"name": "DTUPD0", "offset": "0x21c"}, {"name": "CMR1", "offset": "0x220"}, {"name": "CDTY1", "offset": "0x224"}, {"name": "CDTYUPD1", "offset": "0x228"}, {"name": "CPRD1", "offset": "0x22c"}, {"name": "CPRDUPD1", "offset": "0x230"}, {"name": "CCNT1", "offset": "0x234"}, {"name": "DT1", "offset": "0x238"}, {"name": "DTUPD1", "offset": "0x23c"}, {"name": "CMR2", "offset": "0x240"}, {"name": "CDTY2", "offset": "0x244"}, {"name": "CDTYUPD2", "offset": "0x248"}, {"name": "CPRD2", "offset": "0x24c"}, {"name": "CPRDUPD2", "offset": "0x250"}, {"name": "CCNT2", "offset": "0x254"}, {"name": "DT2", "offset": "0x258"}, {"name": "DTUPD2", "offset": "0x25c"}, {"name": "CMR3", "offset": "0x260"}, {"name": "CDTY3", "offset": "0x264"}, {"name": "CDTYUPD3", "offset": "0x268"}, {"name": "CPRD3", "offset": "0x26c"}, {"name": "CPRDUPD3", "offset": "0x270"}, {"name": "CCNT3", "offset": "0x274"}, {"name": "DT3", "offset": "0x278"}, {"name": "DTUPD3", "offset": "0x27c"}, {"name": "TPR", "offset": "0x108"}, {"name": "TCR", "offset": "0x10c"}, {"name": "TNPR", "offset": "0x118"}, {"name": "TNCR", "offset": "0x11c"}, {"name": "PTCR", "offset": "0x120"}, {"name": "PTSR", "offset": "0x124"}, {"name": "ELMR[0]", "offset": "0x7c"}, {"name": "ELMR[1]", "offset": "0x80"}]}, {"name": "USART0", "start": "0x40024000", "end": "0x40027fff", "size": "0x4000", "comment": "", "registers": [{"name": "CR", "offset": "0x0"}, {"name": "CR_SPI_MODE", "offset": "0x0"}, {"name": "MR", "offset": "0x4"}, {"name": "MR_SPI_MODE", "offset": "0x4"}, {"name": "IER", "offset": "0x8"}, {"name": "IER_SPI_MODE", "offset": "0x8"}, {"name": "IDR", "offset": "0xc"}, {"name": "IDR_SPI_MODE", "offset": "0xc"}, {"name": "IMR", "offset": "0x10"}, {"name": "IMR_SPI_MODE", "offset": "0x10"}, {"name": "CSR", "offset": "0x14"}, {"name": "CSR_SPI_MODE", "offset": "0x14"}, {"name": "RHR", "offset": "0x18"}, {"name": "THR", "offset": "0x1c"}, {"name": "BRGR", "offset": "0x20"}, {"name": "RTOR", "offset": "0x24"}, {"name": "TTGR", "offset": "0x28"}, {"name": "FIDI", "offset": "0x40"}, {"name": "NER", "offset": "0x44"}, {"name": "IF", "offset": "0x4c"}, {"name": "MAN", "offset": "0x50"}, {"name": "WPMR", "offset": "0xe4"}, {"name": "WPSR", "offset": "0xe8"}, {"name": "RPR", "offset": "0x100"}, {"name": "RCR", "offset": "0x104"}, {"name": "TPR", "offset": "0x108"}, {"name": "TCR", "offset": "0x10c"}, {"name": "RNPR", "offset": "0x110"}, {"name": "RNCR", "offset": "0x114"}, {"name": "TNPR", "offset": "0x118"}, {"name": "TNCR", "offset": "0x11c"}, {"name": "PTCR", "offset": "0x120"}, {"name": "PTSR", "offset": "0x124"}]}, {"name": "USART1", "start": "0x40028000", "end": "0x4002bfff", "size": "0x4000", "comment": "", "registers": [{"name": "CR", "offset": "0x0"}, {"name": "CR_SPI_MODE", "offset": "0x0"}, {"name": "MR", "offset": "0x4"}, {"name": "MR_SPI_MODE", "offset": "0x4"}, {"name": "IER", "offset": "0x8"}, {"name": "IER_SPI_MODE", "offset": "0x8"}, {"name": "IDR", "offset": "0xc"}, {"name": "IDR_SPI_MODE", "offset": "0xc"}, {"name": "IMR", "offset": "0x10"}, {"name": "IMR_SPI_MODE", "offset": "0x10"}, {"name": "CSR", "offset": "0x14"}, {"name": "CSR_SPI_MODE", "offset": "0x14"}, {"name": "RHR", "offset": "0x18"}, {"name": "THR", "offset": "0x1c"}, {"name": "BRGR", "offset": "0x20"}, {"name": "RTOR", "offset": "0x24"}, {"name": "TTGR", "offset": "0x28"}, {"name": "FIDI", "offset": "0x40"}, {"name": "NER", "offset": "0x44"}, {"name": "IF", "offset": "0x4c"}, {"name": "MAN", "offset": "0x50"}, {"name": "WPMR", "offset": "0xe4"}, {"name": "WPSR", "offset": "0xe8"}, {"name": "RPR", "offset": "0x100"}, {"name": "RCR", "offset": "0x104"}, {"name": "TPR", "offset": "0x108"}, {"name": "TCR", "offset": "0x10c"}, {"name": "RNPR", "offset": "0x110"}, {"name": "RNCR", "offset": "0x114"}, {"name": "TNPR", "offset": "0x118"}, {"name": "TNCR", "offset": "0x11c"}, {"name": "PTCR", "offset": "0x120"}, {"name": "PTSR", "offset": "0x124"}]}, {"name": "UDP", "start": "0x40034000", "end": "0x40037fff", "size": "0x4000", "comment": "", "registers": [{"name": "FRM_NUM", "offset": "0x0"}, {"name": "GLB_STAT", "offset": "0x4"}, {"name": "FADDR", "offset": "0x8"}, {"name": "IER", "offset": "0x10"}, {"name": "IDR", "offset": "0x14"}, {"name": "IMR", "offset": "0x18"}, {"name": "ISR", "offset": "0x1c"}, {"name": "ICR", "offset": "0x20"}, {"name": "RST_EP", "offset": "0x28"}, {"name": "CSR0_ISOCHRONOUS", "offset": "0x30"}, {"name": "TXVC", "offset": "0x74"}, {"name": "CSR[0]", "offset": "0x30"}, {"name": "CSR[1]", "offset": "0x34"}, {"name": "CSR[2]", "offset": "0x38"}, {"name": "CSR[3]", "offset": "0x3c"}, {"name": "CSR[4]", "offset": "0x40"}, {"name": "CSR[5]", "offset": "0x44"}, {"name": "CSR[6]", "offset": "0x48"}, {"name": "CSR[7]", "offset": "0x4c"}, {"name": "FDR[0]", "offset": "0x50"}, {"name": "FDR[1]", "offset": "0x54"}, {"name": "FDR[2]", "offset": "0x58"}, {"name": "FDR[3]", "offset": "0x5c"}, {"name": "FDR[4]", "offset": "0x60"}, {"name": "FDR[5]", "offset": "0x64"}, {"name": "FDR[6]", "offset": "0x68"}, {"name": "FDR[7]", "offset": "0x6c"}]}, {"name": "ADC", "start": "0x40038000", "end": "0x4003bfff", "size": "0x4000", "comment": "", "registers": [{"name": "CR", "offset": "0x0"}, {"name": "MR", "offset": "0x4"}, {"name": "SEQR1", "offset": "0x8"}, {"name": "SEQR2", "offset": "0xc"}, {"name": "CHER", "offset": "0x10"}, {"name": "CHDR", "offset": "0x14"}, {"name": "CHSR", "offset": "0x18"}, {"name": "LCDR", "offset": "0x20"}, {"name": "IER", "offset": "0x24"}, {"name": "IDR", "offset": "0x28"}, {"name": "IMR", "offset": "0x2c"}, {"name": "ISR", "offset": "0x30"}, {"name": "OVER", "offset": "0x3c"}, {"name": "EMR", "offset": "0x40"}, {"name": "CWR", "offset": "0x44"}, {"name": "CGR", "offset": "0x48"}, {"name": "COR", "offset": "0x4c"}, {"name": "ACR", "offset": "0x94"}, {"name": "WPMR", "offset": "0xe4"}, {"name": "WPSR", "offset": "0xe8"}, {"name": "RPR", "offset": "0x100"}, {"name": "RCR", "offset": "0x104"}, {"name": "RNPR", "offset": "0x110"}, {"name": "RNCR", "offset": "0x114"}, {"name": "PTCR", "offset": "0x120"}, {"name": "PTSR", "offset": "0x124"}, {"name": "CDR[0]", "offset": "0x50"}, {"name": "CDR[1]", "offset": "0x54"}, {"name": "CDR[2]", "offset": "0x58"}, {"name": "CDR[3]", "offset": "0x5c"}, {"name": "CDR[4]", "offset": "0x60"}, {"name": "CDR[5]", "offset": "0x64"}, {"name": "CDR[6]", "offset": "0x68"}, {"name": "CDR[7]", "offset": "0x6c"}, {"name": "CDR[8]", "offset": "0x70"}, {"name": "CDR[9]", "offset": "0x74"}, {"name": "CDR[10]", "offset": "0x78"}, {"name": "CDR[11]", "offset": "0x7c"}, {"name": "CDR[12]", "offset": "0x80"}, {"name": "CDR[13]", "offset": "0x84"}, {"name": "CDR[14]", "offset": "0x88"}, {"name": "CDR[15]", "offset": "0x8c"}]}, {"name": "DACC", "start": "0x4003c000", "end": "0x4003ffff", "size": "0x4000", "comment": "", "registers": [{"name": "CR", "offset": "0x0"}, {"name": "MR", "offset": "0x4"}, {"name": "CHER", "offset": "0x10"}, {"name": "CHDR", "offset": "0x14"}, {"name": "CHSR", "offset": "0x18"}, {"name": "CDR", "offset": "0x20"}, {"name": "IER", "offset": "0x24"}, {"name": "IDR", "offset": "0x28"}, {"name": "IMR", "offset": "0x2c"}, {"name": "ISR", "offset": "0x30"}, {"name": "ACR", "offset": "0x94"}, {"name": "WPMR", "offset": "0xe4"}, {"name": "WPSR", "offset": "0xe8"}, {"name": "TPR", "offset": "0x108"}, {"name": "TCR", "offset": "0x10c"}, {"name": "TNPR", "offset": "0x118"}, {"name": "TNCR", "offset": "0x11c"}, {"name": "PTCR", "offset": "0x120"}, {"name": "PTSR", "offset": "0x124"}]}, {"name": "ACC", "start": "0x40040000", "end": "0x40043fff", "size": "0x4000", "comment": "", "registers": [{"name": "CR", "offset": "0x0"}, {"name": "MR", "offset": "0x4"}, {"name": "IER", "offset": "0x24"}, {"name": "IDR", "offset": "0x28"}, {"name": "IMR", "offset": "0x2c"}, {"name": "ISR", "offset": "0x30"}, {"name": "ACR", "offset": "0x94"}, {"name": "WPMR", "offset": "0xe4"}, {"name": "WPSR", "offset": "0xe8"}]}, {"name": "CRCCU", "start": "0x40044000", "end": "0x40047fff", "size": "0x4000", "comment": "", "registers": [{"name": "DSCR", "offset": "0x0"}, {"name": "DMA_EN", "offset": "0x8"}, {"name": "DMA_DIS", "offset": "0xc"}, {"name": "DMA_SR", "offset": "0x10"}, {"name": "DMA_IER", "offset": "0x14"}, {"name": "DMA_IDR", "offset": "0x18"}, {"name": "DMA_IMR", "offset": "0x1c"}, {"name": "DMA_ISR", "offset": "0x20"}, {"name": "CR", "offset": "0x34"}, {"name": "MR", "offset": "0x38"}, {"name": "SR", "offset": "0x3c"}, {"name": "IER", "offset": "0x40"}, {"name": "IDR", "offset": "0x44"}, {"name": "IMR", "offset": "0x48"}, {"name": "ISR", "offset": "0x4c"}]}, {"name": "MATRIX", "start": "0x400e0200", "end": "0x400e03ff", "size": "0x200", "comment": "", "registers": [{"name": "MATRIX_PRAS0", "offset": "0x80"}, {"name": "MATRIX_PRAS1", "offset": "0x88"}, {"name": "MATRIX_PRAS2", "offset": "0x90"}, {"name": "MATRIX_PRAS3", "offset": "0x98"}, {"name": "MATRIX_PRAS4", "offset": "0xa0"}, {"name": "CCFG_SYSIO", "offset": "0x114"}, {"name": "CCFG_SMCNFCS", "offset": "0x11c"}, {"name": "MATRIX_WPMR", "offset": "0x1e4"}, {"name": "MATRIX_WPSR", "offset": "0x1e8"}, {"name": "MATRIX_MCFG[0]", "offset": "0x0"}, {"name": "MATRIX_MCFG[1]", "offset": "0x4"}, {"name": "MATRIX_MCFG[2]", "offset": "0x8"}, {"name": "MATRIX_MCFG[3]", "offset": "0xc"}, {"name": "MATRIX_SCFG[0]", "offset": "0x40"}, {"name": "MATRIX_SCFG[1]", "offset": "0x44"}, {"name": "MATRIX_SCFG[2]", "offset": "0x48"}, {"name": "MATRIX_SCFG[3]", "offset": "0x4c"}, {"name": "MATRIX_SCFG[4]", "offset": "0x50"}]}, {"name": "PMC", "start": "0x400e0400", "end": "0x400e053f", "size": "0x140", "comment": "", "registers": [{"name": "PMC_SCER", "offset": "0x0"}, {"name": "PMC_SCDR", "offset": "0x4"}, {"name": "PMC_SCSR", "offset": "0x8"}, {"name": "PMC_PCER0", "offset": "0x10"}, {"name": "PMC_PCDR0", "offset": "0x14"}, {"name": "PMC_PCSR0", "offset": "0x18"}, {"name": "CKGR_MOR", "offset": "0x20"}, {"name": "CKGR_MCFR", "offset": "0x24"}, {"name": "CKGR_PLLAR", "offset": "0x28"}, {"name": "CKGR_PLLBR", "offset": "0x2c"}, {"name": "PMC_MCKR", "offset": "0x30"}, {"name": "PMC_USB", "offset": "0x38"}, {"name": "PMC_IER", "offset": "0x60"}, {"name": "PMC_IDR", "offset": "0x64"}, {"name": "PMC_SR", "offset": "0x68"}, {"name": "PMC_IMR", "offset": "0x6c"}, {"name": "PMC_FSMR", "offset": "0x70"}, {"name": "PMC_FSPR", "offset": "0x74"}, {"name": "PMC_FOCR", "offset": "0x78"}, {"name": "PMC_WPMR", "offset": "0xe4"}, {"name": "PMC_WPSR", "offset": "0xe8"}, {"name": "PMC_PCER1", "offset": "0x100"}, {"name": "PMC_PCDR1", "offset": "0x104"}, {"name": "PMC_PCSR1", "offset": "0x108"}, {"name": "PMC_OCR", "offset": "0x110"}, {"name": "PMC_PCK[0]", "offset": "0x40"}, {"name": "PMC_PCK[1]", "offset": "0x44"}, {"name": "PMC_PCK[2]", "offset": "0x48"}]}, {"name": "UART0", "start": "0x400e0600", "end": "0x400e0727", "size": "0x128", "comment": "", "registers": [{"name": "CR", "offset": "0x0"}, {"name": "MR", "offset": "0x4"}, {"name": "IER", "offset": "0x8"}, {"name": "IDR", "offset": "0xc"}, {"name": "IMR", "offset": "0x10"}, {"name": "SR", "offset": "0x14"}, {"name": "RHR", "offset": "0x18"}, {"name": "THR", "offset": "0x1c"}, {"name": "BRGR", "offset": "0x20"}, {"name": "RPR", "offset": "0x100"}, {"name": "RCR", "offset": "0x104"}, {"name": "TPR", "offset": "0x108"}, {"name": "TCR", "offset": "0x10c"}, {"name": "RNPR", "offset": "0x110"}, {"name": "RNCR", "offset": "0x114"}, {"name": "TNPR", "offset": "0x118"}, {"name": "TNCR", "offset": "0x11c"}, {"name": "PTCR", "offset": "0x120"}, {"name": "PTSR", "offset": "0x124"}]}, {"name": "CHIPID", "start": "0x400e0740", "end": "0x400e093f", "size": "0x200", "comment": "", "registers": [{"name": "CIDR", "offset": "0x0"}, {"name": "EXID", "offset": "0x4"}]}, {"name": "UART1", "start": "0x400e0800", "end": "0x400e0927", "size": "0x128", "comment": "", "registers": [{"name": "CR", "offset": "0x0"}, {"name": "MR", "offset": "0x4"}, {"name": "IER", "offset": "0x8"}, {"name": "IDR", "offset": "0xc"}, {"name": "IMR", "offset": "0x10"}, {"name": "SR", "offset": "0x14"}, {"name": "RHR", "offset": "0x18"}, {"name": "THR", "offset": "0x1c"}, {"name": "BRGR", "offset": "0x20"}, {"name": "RPR", "offset": "0x100"}, {"name": "RCR", "offset": "0x104"}, {"name": "TPR", "offset": "0x108"}, {"name": "TCR", "offset": "0x10c"}, {"name": "RNPR", "offset": "0x110"}, {"name": "RNCR", "offset": "0x114"}, {"name": "TNPR", "offset": "0x118"}, {"name": "TNCR", "offset": "0x11c"}, {"name": "PTCR", "offset": "0x120"}, {"name": "PTSR", "offset": "0x124"}]}, {"name": "EFC0", "start": "0x400e0a00", "end": "0x400e0bff", "size": "0x200", "comment": "", "registers": [{"name": "FMR", "offset": "0x0"}, {"name": "FCR", "offset": "0x4"}, {"name": "FSR", "offset": "0x8"}, {"name": "FRR", "offset": "0xc"}]}, {"name": "PIOA", "start": "0x400e0e00", "end": "0x400e0fff", "size": "0x200", "comment": "", "registers": [{"name": "PER", "offset": "0x0"}, {"name": "PDR", "offset": "0x4"}, {"name": "PSR", "offset": "0x8"}, {"name": "OER", "offset": "0x10"}, {"name": "ODR", "offset": "0x14"}, {"name": "OSR", "offset": "0x18"}, {"name": "IFER", "offset": "0x20"}, {"name": "IFDR", "offset": "0x24"}, {"name": "IFSR", "offset": "0x28"}, {"name": "SODR", "offset": "0x30"}, {"name": "CODR", "offset": "0x34"}, {"name": "ODSR", "offset": "0x38"}, {"name": "PDSR", "offset": "0x3c"}, {"name": "IER", "offset": "0x40"}, {"name": "IDR", "offset": "0x44"}, {"name": "IMR", "offset": "0x48"}, {"name": "ISR", "offset": "0x4c"}, {"name": "MDER", "offset": "0x50"}, {"name": "MDDR", "offset": "0x54"}, {"name": "MDSR", "offset": "0x58"}, {"name": "PUDR", "offset": "0x60"}, {"name": "PUER", "offset": "0x64"}, {"name": "PUSR", "offset": "0x68"}, {"name": "IFSCDR", "offset": "0x80"}, {"name": "IFSCER", "offset": "0x84"}, {"name": "IFSCSR", "offset": "0x88"}, {"name": "SCDR", "offset": "0x8c"}, {"name": "PPDDR", "offset": "0x90"}, {"name": "PPDER", "offset": "0x94"}, {"name": "PPDSR", "offset": "0x98"}, {"name": "OWER", "offset": "0xa0"}, {"name": "OWDR", "offset": "0xa4"}, {"name": "OWSR", "offset": "0xa8"}, {"name": "AIMER", "offset": "0xb0"}, {"name": "AIMDR", "offset": "0xb4"}, {"name": "AIMMR", "offset": "0xb8"}, {"name": "ESR", "offset": "0xc0"}, {"name": "LSR", "offset": "0xc4"}, {"name": "ELSR", "offset": "0xc8"}, {"name": "FELLSR", "offset": "0xd0"}, {"name": "REHLSR", "offset": "0xd4"}, {"name": "FRLHSR", "offset": "0xd8"}, {"name": "LOCKSR", "offset": "0xe0"}, {"name": "WPMR", "offset": "0xe4"}, {"name": "WPSR", "offset": "0xe8"}, {"name": "SCHMITT", "offset": "0x100"}, {"name": "PCMR", "offset": "0x150"}, {"name": "PCIER", "offset": "0x154"}, {"name": "PCIDR", "offset": "0x158"}, {"name": "PCIMR", "offset": "0x15c"}, {"name": "PCISR", "offset": "0x160"}, {"name": "PCRHR", "offset": "0x164"}, {"name": "RPR", "offset": "0x168"}, {"name": "RCR", "offset": "0x16c"}, {"name": "RNPR", "offset": "0x178"}, {"name": "RNCR", "offset": "0x17c"}, {"name": "PTCR", "offset": "0x188"}, {"name": "PTSR", "offset": "0x18c"}, {"name": "ABCDSR[0]", "offset": "0x70"}, {"name": "ABCDSR[1]", "offset": "0x74"}]}, {"name": "PIOB", "start": "0x400e1000", "end": "0x400e11ff", "size": "0x200", "comment": "", "registers": [{"name": "PER", "offset": "0x0"}, {"name": "PDR", "offset": "0x4"}, {"name": "PSR", "offset": "0x8"}, {"name": "OER", "offset": "0x10"}, {"name": "ODR", "offset": "0x14"}, {"name": "OSR", "offset": "0x18"}, {"name": "IFER", "offset": "0x20"}, {"name": "IFDR", "offset": "0x24"}, {"name": "IFSR", "offset": "0x28"}, {"name": "SODR", "offset": "0x30"}, {"name": "CODR", "offset": "0x34"}, {"name": "ODSR", "offset": "0x38"}, {"name": "PDSR", "offset": "0x3c"}, {"name": "IER", "offset": "0x40"}, {"name": "IDR", "offset": "0x44"}, {"name": "IMR", "offset": "0x48"}, {"name": "ISR", "offset": "0x4c"}, {"name": "MDER", "offset": "0x50"}, {"name": "MDDR", "offset": "0x54"}, {"name": "MDSR", "offset": "0x58"}, {"name": "PUDR", "offset": "0x60"}, {"name": "PUER", "offset": "0x64"}, {"name": "PUSR", "offset": "0x68"}, {"name": "IFSCDR", "offset": "0x80"}, {"name": "IFSCER", "offset": "0x84"}, {"name": "IFSCSR", "offset": "0x88"}, {"name": "SCDR", "offset": "0x8c"}, {"name": "PPDDR", "offset": "0x90"}, {"name": "PPDER", "offset": "0x94"}, {"name": "PPDSR", "offset": "0x98"}, {"name": "OWER", "offset": "0xa0"}, {"name": "OWDR", "offset": "0xa4"}, {"name": "OWSR", "offset": "0xa8"}, {"name": "AIMER", "offset": "0xb0"}, {"name": "AIMDR", "offset": "0xb4"}, {"name": "AIMMR", "offset": "0xb8"}, {"name": "ESR", "offset": "0xc0"}, {"name": "LSR", "offset": "0xc4"}, {"name": "ELSR", "offset": "0xc8"}, {"name": "FELLSR", "offset": "0xd0"}, {"name": "REHLSR", "offset": "0xd4"}, {"name": "FRLHSR", "offset": "0xd8"}, {"name": "LOCKSR", "offset": "0xe0"}, {"name": "WPMR", "offset": "0xe4"}, {"name": "WPSR", "offset": "0xe8"}, {"name": "SCHMITT", "offset": "0x100"}, {"name": "PCMR", "offset": "0x150"}, {"name": "PCIER", "offset": "0x154"}, {"name": "PCIDR", "offset": "0x158"}, {"name": "PCIMR", "offset": "0x15c"}, {"name": "PCISR", "offset": "0x160"}, {"name": "PCRHR", "offset": "0x164"}, {"name": "ABCDSR[0]", "offset": "0x70"}, {"name": "ABCDSR[1]", "offset": "0x74"}]}, {"name": "RSTC", "start": "0x400e1400", "end": "0x400e15ff", "size": "0x200", "comment": "", "registers": [{"name": "CR", "offset": "0x0"}, {"name": "SR", "offset": "0x4"}, {"name": "MR", "offset": "0x8"}]}, {"name": "SUPC", "start": "0x400e1410", "end": "0x400e160f", "size": "0x200", "comment": "", "registers": [{"name": "CR", "offset": "0x0"}, {"name": "SMMR", "offset": "0x4"}, {"name": "MR", "offset": "0x8"}, {"name": "WUMR", "offset": "0xc"}, {"name": "WUIR", "offset": "0x10"}, {"name": "SR", "offset": "0x14"}]}, {"name": "RTT", "start": "0x400e1430", "end": "0x400e162f", "size": "0x200", "comment": "", "registers": [{"name": "MR", "offset": "0x0"}, {"name": "AR", "offset": "0x4"}, {"name": "VR", "offset": "0x8"}, {"name": "SR", "offset": "0xc"}]}, {"name": "WDT", "start": "0x400e1450", "end": "0x400e164f", "size": "0x200", "comment": "", "registers": [{"name": "CR", "offset": "0x0"}, {"name": "MR", "offset": "0x4"}, {"name": "SR", "offset": "0x8"}]}, {"name": "RTC", "start": "0x400e1460", "end": "0x400e165f", "size": "0x200", "comment": "", "registers": [{"name": "CR", "offset": "0x0"}, {"name": "MR", "offset": "0x4"}, {"name": "TIMR", "offset": "0x8"}, {"name": "CALR", "offset": "0xc"}, {"name": "TIMALR", "offset": "0x10"}, {"name": "CALALR", "offset": "0x14"}, {"name": "SR", "offset": "0x18"}, {"name": "SCCR", "offset": "0x1c"}, {"name": "IER", "offset": "0x20"}, {"name": "IDR", "offset": "0x24"}, {"name": "IMR", "offset": "0x28"}, {"name": "VER", "offset": "0x2c"}]}, {"name": "GPBR", "start": "0x400e1490", "end": "0x400e168f", "size": "0x200", "comment": "", "registers": [{"name": "GPBR[0]", "offset": "0x0"}, {"name": "GPBR[1]", "offset": "0x4"}, {"name": "GPBR[2]", "offset": "0x8"}, {"name": "GPBR[3]", "offset": "0xc"}, {"name": "GPBR[4]", "offset": "0x10"}, {"name": "GPBR[5]", "offset": "0x14"}, {"name": "GPBR[6]", "offset": "0x18"}, {"name": "GPBR[7]", "offset": "0x1c"}]}], "vector_table": [{"name": "StackPointer_Value", "value": -1, "addr": "0x0", "comment": "Stack pointer initial value"}, {"name": "Reset", "value": -1, "addr": "0x4", "comment": "Priority: -3"}, {"name": "NMI", "value": -1, "addr": "0x8", "comment": "Priority: -2"}, {"name": "HardFault", "value": -1, "addr": "0xc", "comment": "Priority: -1"}, {"name": "SVCall", "value": -1, "addr": "0x2c", "comment": "Priority: 3"}, {"name": "PendSV", "value": -1, "addr": "0x38", "comment": "Priority: 5"}, {"name": "SysTick", "value": -1, "addr": "0x3c", "comment": "Priority: 6"}, {"name": "PMC", "value": 5, "comment": "", "addr": "0x54"}, {"name": "EFC0", "value": 6, "comment": "", "addr": "0x58"}, {"name": "UART0", "value": 8, "comment": "", "addr": "0x60"}, {"name": "UART1", "value": 9, "comment": "", "addr": "0x64"}, {"name": "PIOA", "value": 11, "comment": "", "addr": "0x6c"}, {"name": "PIOB", "value": 12, "comment": "", "addr": "0x70"}, {"name": "USART0", "value": 14, "comment": "", "addr": "0x78"}, {"name": "USART1", "value": 15, "comment": "", "addr": "0x7c"}, {"name": "HSMCI", "value": 18, "comment": "", "addr": "0x88"}, {"name": "TWI0", "value": 19, "comment": "", "addr": "0x8c"}, {"name": "TWI1", "value": 20, "comment": "", "addr": "0x90"}, {"name": "SPI", "value": 21, "comment": "", "addr": "0x94"}, {"name": "SSC", "value": 22, "comment": "", "addr": "0x98"}, {"name": "TC0", "value": 23, "comment": "", "addr": "0x9c"}, {"name": "TC1", "value": 24, "comment": "", "addr": "0xa0"}, {"name": "TC2", "value": 25, "comment": "", "addr": "0xa4"}, {"name": "ADC", "value": 29, "comment": "", "addr": "0xb4"}, {"name": "DACC", "value": 30, "comment": "", "addr": "0xb8"}, {"name": "PWM", "value": 31, "comment": "", "addr": "0xbc"}, {"name": "CRCCU", "value": 32, "comment": "", "addr": "0xc0"}, {"name": "ACC", "value": 33, "comment": "", "addr": "0xc4"}, {"name": "UDP", "value": 34, "comment": "", "addr": "0xc8"}]}