{"brand": "SiLabs", "family": "Happy Geco", "name": "EFM32HG3xx", "bits": 32, "mode": 1, "segments": [{"name": "SRAM", "start": "0x20000000", "end": "0x20001fff", "size": "0x2000", "type": "DATA"}], "peripherals": [{"name": "AES", "start": "0x400e0000", "end": "0x400e03ff", "size": "0x400", "comment": "", "registers": [{"name": "CTRL", "offset": "0x0"}, {"name": "CMD", "offset": "0x4"}, {"name": "STATUS", "offset": "0x8"}, {"name": "IEN", "offset": "0xc"}, {"name": "IF", "offset": "0x10"}, {"name": "IFS", "offset": "0x14"}, {"name": "IFC", "offset": "0x18"}, {"name": "DATA", "offset": "0x1c"}, {"name": "XORDATA", "offset": "0x20"}, {"name": "KEYLA", "offset": "0x30"}, {"name": "KEYLB", "offset": "0x34"}, {"name": "KEYLC", "offset": "0x38"}, {"name": "KEYLD", "offset": "0x3c"}]}, {"name": "DMA", "start": "0x400c2000", "end": "0x400c3fff", "size": "0x2000", "comment": "", "registers": [{"name": "STATUS", "offset": "0x0"}, {"name": "CONFIG", "offset": "0x4"}, {"name": "CTRLBASE", "offset": "0x8"}, {"name": "ALTCTRLBASE", "offset": "0xc"}, {"name": "CHWAITSTATUS", "offset": "0x10"}, {"name": "CHSWREQ", "offset": "0x14"}, {"name": "CHUSEBURSTS", "offset": "0x18"}, {"name": "CHUSEBURSTC", "offset": "0x1c"}, {"name": "CHREQMASKS", "offset": "0x20"}, {"name": "CHREQMASKC", "offset": "0x24"}, {"name": "CHENS", "offset": "0x28"}, {"name": "CHENC", "offset": "0x2c"}, {"name": "CHALTS", "offset": "0x30"}, {"name": "CHALTC", "offset": "0x34"}, {"name": "CHPRIS", "offset": "0x38"}, {"name": "CHPRIC", "offset": "0x3c"}, {"name": "ERRORC", "offset": "0x4c"}, {"name": "CHREQSTATUS", "offset": "0xe10"}, {"name": "CHSREQSTATUS", "offset": "0xe18"}, {"name": "IF", "offset": "0x1000"}, {"name": "IFS", "offset": "0x1004"}, {"name": "IFC", "offset": "0x1008"}, {"name": "IEN", "offset": "0x100c"}, {"name": "CH0_CTRL", "offset": "0x1100"}, {"name": "CH1_CTRL", "offset": "0x1104"}, {"name": "CH2_CTRL", "offset": "0x1108"}, {"name": "CH3_CTRL", "offset": "0x110c"}, {"name": "CH4_CTRL", "offset": "0x1110"}, {"name": "CH5_CTRL", "offset": "0x1114"}]}, {"name": "USB", "start": "0x400c4000", "end": "0x400c4fff", "size": "0x1000", "comment": "", "registers": [{"name": "CTRL", "offset": "0x0"}, {"name": "STATUS", "offset": "0x4"}, {"name": "IF", "offset": "0x8"}, {"name": "IFS", "offset": "0xc"}, {"name": "IFC", "offset": "0x10"}, {"name": "IEN", "offset": "0x14"}, {"name": "ROUTE", "offset": "0x18"}, {"name": "GAHBCFG", "offset": "0x3c008"}, {"name": "GUSBCFG", "offset": "0x3c00c"}, {"name": "GRSTCTL", "offset": "0x3c010"}, {"name": "GINTSTS", "offset": "0x3c014"}, {"name": "GINTMSK", "offset": "0x3c018"}, {"name": "GRXSTSR", "offset": "0x3c01c"}, {"name": "GRXSTSP", "offset": "0x3c020"}, {"name": "GRXFSIZ", "offset": "0x3c024"}, {"name": "GNPTXFSIZ", "offset": "0x3c028"}, {"name": "GDFIFOCFG", "offset": "0x3c05c"}, {"name": "DIEPTXF1", "offset": "0x3c104"}, {"name": "DIEPTXF2", "offset": "0x3c108"}, {"name": "DIEPTXF3", "offset": "0x3c10c"}, {"name": "DCFG", "offset": "0x3c800"}, {"name": "DCTL", "offset": "0x3c804"}, {"name": "DSTS", "offset": "0x3c808"}, {"name": "DIEPMSK", "offset": "0x3c810"}, {"name": "DOEPMSK", "offset": "0x3c814"}, {"name": "DAINT", "offset": "0x3c818"}, {"name": "DAINTMSK", "offset": "0x3c81c"}, {"name": "DIEPEMPMSK", "offset": "0x3c834"}, {"name": "DIEP0CTL", "offset": "0x3c900"}, {"name": "DIEP0INT", "offset": "0x3c908"}, {"name": "DIEP0TSIZ", "offset": "0x3c910"}, {"name": "DIEP0DMAADDR", "offset": "0x3c914"}, {"name": "DIEP0TXFSTS", "offset": "0x3c918"}, {"name": "DIEP0_CTL", "offset": "0x3c920"}, {"name": "DIEP0_INT", "offset": "0x3c928"}, {"name": "DIEP0_TSIZ", "offset": "0x3c930"}, {"name": "DIEP0_DMAADDR", "offset": "0x3c934"}, {"name": "DIEP0_TXFSTS", "offset": "0x3c938"}, {"name": "DIEP1_CTL", "offset": "0x3c940"}, {"name": "DIEP1_INT", "offset": "0x3c948"}, {"name": "DIEP1_TSIZ", "offset": "0x3c950"}, {"name": "DIEP1_DMAADDR", "offset": "0x3c954"}, {"name": "DIEP1_TXFSTS", "offset": "0x3c958"}, {"name": "DIEP2_CTL", "offset": "0x3c960"}, {"name": "DIEP2_INT", "offset": "0x3c968"}, {"name": "DIEP2_TSIZ", "offset": "0x3c970"}, {"name": "DIEP2_DMAADDR", "offset": "0x3c974"}, {"name": "DIEP2_TXFSTS", "offset": "0x3c978"}, {"name": "DOEP0CTL", "offset": "0x3cb00"}, {"name": "DOEP0INT", "offset": "0x3cb08"}, {"name": "DOEP0TSIZ", "offset": "0x3cb10"}, {"name": "DOEP0DMAADDR", "offset": "0x3cb14"}, {"name": "DOEP0_CTL", "offset": "0x3cb20"}, {"name": "DOEP0_INT", "offset": "0x3cb28"}, {"name": "DOEP0_TSIZ", "offset": "0x3cb30"}, {"name": "DOEP0_DMAADDR", "offset": "0x3cb34"}, {"name": "DOEP1_CTL", "offset": "0x3cb40"}, {"name": "DOEP1_INT", "offset": "0x3cb48"}, {"name": "DOEP1_TSIZ", "offset": "0x3cb50"}, {"name": "DOEP1_DMAADDR", "offset": "0x3cb54"}, {"name": "DOEP2_CTL", "offset": "0x3cb60"}, {"name": "DOEP2_INT", "offset": "0x3cb68"}, {"name": "DOEP2_TSIZ", "offset": "0x3cb70"}, {"name": "DOEP2_DMAADDR", "offset": "0x3cb74"}, {"name": "PCGCCTL", "offset": "0x3ce00"}]}, {"name": "MSC", "start": "0x400c0000", "end": "0x400c03ff", "size": "0x400", "comment": "", "registers": [{"name": "CTRL", "offset": "0x0"}, {"name": "READCTRL", "offset": "0x4"}, {"name": "WRITECTRL", "offset": "0x8"}, {"name": "WRITECMD", "offset": "0xc"}, {"name": "ADDRB", "offset": "0x10"}, {"name": "WDATA", "offset": "0x18"}, {"name": "STATUS", "offset": "0x1c"}, {"name": "IF", "offset": "0x2c"}, {"name": "IFS", "offset": "0x30"}, {"name": "IFC", "offset": "0x34"}, {"name": "IEN", "offset": "0x38"}, {"name": "LOCK", "offset": "0x3c"}, {"name": "CMD", "offset": "0x40"}, {"name": "CACHEHITS", "offset": "0x44"}, {"name": "CACHEMISSES", "offset": "0x48"}, {"name": "TIMEBASE", "offset": "0x50"}, {"name": "MASSLOCK", "offset": "0x54"}, {"name": "IRQLATENCY", "offset": "0x58"}]}, {"name": "EMU", "start": "0x400c6000", "end": "0x400c63ff", "size": "0x400", "comment": "", "registers": [{"name": "CTRL", "offset": "0x0"}, {"name": "LOCK", "offset": "0x8"}, {"name": "AUXCTRL", "offset": "0x24"}]}, {"name": "RMU", "start": "0x400ca000", "end": "0x400ca3ff", "size": "0x400", "comment": "", "registers": [{"name": "CTRL", "offset": "0x0"}, {"name": "RSTCAUSE", "offset": "0x4"}, {"name": "CMD", "offset": "0x8"}]}, {"name": "CMU", "start": "0x400c8000", "end": "0x400c83ff", "size": "0x400", "comment": "", "registers": [{"name": "CTRL", "offset": "0x0"}, {"name": "HFCORECLKDIV", "offset": "0x4"}, {"name": "HFPERCLKDIV", "offset": "0x8"}, {"name": "HFRCOCTRL", "offset": "0xc"}, {"name": "LFRCOCTRL", "offset": "0x10"}, {"name": "AUXHFRCOCTRL", "offset": "0x14"}, {"name": "CALCTRL", "offset": "0x18"}, {"name": "CALCNT", "offset": "0x1c"}, {"name": "OSCENCMD", "offset": "0x20"}, {"name": "CMD", "offset": "0x24"}, {"name": "LFCLKSEL", "offset": "0x28"}, {"name": "STATUS", "offset": "0x2c"}, {"name": "IF", "offset": "0x30"}, {"name": "IFS", "offset": "0x34"}, {"name": "IFC", "offset": "0x38"}, {"name": "IEN", "offset": "0x3c"}, {"name": "HFCORECLKEN0", "offset": "0x40"}, {"name": "HFPERCLKEN0", "offset": "0x44"}, {"name": "SYNCBUSY", "offset": "0x50"}, {"name": "FREEZE", "offset": "0x54"}, {"name": "LFACLKEN0", "offset": "0x58"}, {"name": "LFBCLKEN0", "offset": "0x60"}, {"name": "LFCCLKEN0", "offset": "0x64"}, {"name": "LFAPRESC0", "offset": "0x68"}, {"name": "LFBPRESC0", "offset": "0x70"}, {"name": "PCNTCTRL", "offset": "0x78"}, {"name": "ROUTE", "offset": "0x80"}, {"name": "LOCK", "offset": "0x84"}, {"name": "USBCRCTRL", "offset": "0xd0"}, {"name": "USHFRCOCTRL", "offset": "0xd4"}, {"name": "USHFRCOTUNE", "offset": "0xd8"}, {"name": "USHFRCOCONF", "offset": "0xdc"}]}, {"name": "TIMER0", "start": "0x40010000", "end": "0x400103ff", "size": "0x400", "comment": "", "registers": [{"name": "CTRL", "offset": "0x0"}, {"name": "CMD", "offset": "0x4"}, {"name": "STATUS", "offset": "0x8"}, {"name": "IEN", "offset": "0xc"}, {"name": "IF", "offset": "0x10"}, {"name": "IFS", "offset": "0x14"}, {"name": "IFC", "offset": "0x18"}, {"name": "TOP", "offset": "0x1c"}, {"name": "TOPB", "offset": "0x20"}, {"name": "CNT", "offset": "0x24"}, {"name": "ROUTE", "offset": "0x28"}, {"name": "CC0_CTRL", "offset": "0x30"}, {"name": "CC0_CCV", "offset": "0x34"}, {"name": "CC0_CCVP", "offset": "0x38"}, {"name": "CC0_CCVB", "offset": "0x3c"}, {"name": "CC1_CTRL", "offset": "0x40"}, {"name": "CC1_CCV", "offset": "0x44"}, {"name": "CC1_CCVP", "offset": "0x48"}, {"name": "CC1_CCVB", "offset": "0x4c"}, {"name": "CC2_CTRL", "offset": "0x50"}, {"name": "CC2_CCV", "offset": "0x54"}, {"name": "CC2_CCVP", "offset": "0x58"}, {"name": "CC2_CCVB", "offset": "0x5c"}, {"name": "DTCTRL", "offset": "0x70"}, {"name": "DTTIME", "offset": "0x74"}, {"name": "DTFC", "offset": "0x78"}, {"name": "DTOGEN", "offset": "0x7c"}, {"name": "DTFAULT", "offset": "0x80"}, {"name": "DTFAULTC", "offset": "0x84"}, {"name": "DTLOCK", "offset": "0x88"}]}, {"name": "TIMER1", "start": "0x40010400", "end": "0x400107ff", "size": "0x400", "comment": "", "registers": [{"name": "CTRL", "offset": "0x0"}, {"name": "CMD", "offset": "0x4"}, {"name": "STATUS", "offset": "0x8"}, {"name": "IEN", "offset": "0xc"}, {"name": "IF", "offset": "0x10"}, {"name": "IFS", "offset": "0x14"}, {"name": "IFC", "offset": "0x18"}, {"name": "TOP", "offset": "0x1c"}, {"name": "TOPB", "offset": "0x20"}, {"name": "CNT", "offset": "0x24"}, {"name": "ROUTE", "offset": "0x28"}, {"name": "CC0_CTRL", "offset": "0x30"}, {"name": "CC0_CCV", "offset": "0x34"}, {"name": "CC0_CCVP", "offset": "0x38"}, {"name": "CC0_CCVB", "offset": "0x3c"}, {"name": "CC1_CTRL", "offset": "0x40"}, {"name": "CC1_CCV", "offset": "0x44"}, {"name": "CC1_CCVP", "offset": "0x48"}, {"name": "CC1_CCVB", "offset": "0x4c"}, {"name": "CC2_CTRL", "offset": "0x50"}, {"name": "CC2_CCV", "offset": "0x54"}, {"name": "CC2_CCVP", "offset": "0x58"}, {"name": "CC2_CCVB", "offset": "0x5c"}, {"name": "DTCTRL", "offset": "0x70"}, {"name": "DTTIME", "offset": "0x74"}, {"name": "DTFC", "offset": "0x78"}, {"name": "DTOGEN", "offset": "0x7c"}, {"name": "DTFAULT", "offset": "0x80"}, {"name": "DTFAULTC", "offset": "0x84"}, {"name": "DTLOCK", "offset": "0x88"}]}, {"name": "TIMER2", "start": "0x40010800", "end": "0x40010bff", "size": "0x400", "comment": "", "registers": [{"name": "CTRL", "offset": "0x0"}, {"name": "CMD", "offset": "0x4"}, {"name": "STATUS", "offset": "0x8"}, {"name": "IEN", "offset": "0xc"}, {"name": "IF", "offset": "0x10"}, {"name": "IFS", "offset": "0x14"}, {"name": "IFC", "offset": "0x18"}, {"name": "TOP", "offset": "0x1c"}, {"name": "TOPB", "offset": "0x20"}, {"name": "CNT", "offset": "0x24"}, {"name": "ROUTE", "offset": "0x28"}, {"name": "CC0_CTRL", "offset": "0x30"}, {"name": "CC0_CCV", "offset": "0x34"}, {"name": "CC0_CCVP", "offset": "0x38"}, {"name": "CC0_CCVB", "offset": "0x3c"}, {"name": "CC1_CTRL", "offset": "0x40"}, {"name": "CC1_CCV", "offset": "0x44"}, {"name": "CC1_CCVP", "offset": "0x48"}, {"name": "CC1_CCVB", "offset": "0x4c"}, {"name": "CC2_CTRL", "offset": "0x50"}, {"name": "CC2_CCV", "offset": "0x54"}, {"name": "CC2_CCVP", "offset": "0x58"}, {"name": "CC2_CCVB", "offset": "0x5c"}, {"name": "DTCTRL", "offset": "0x70"}, {"name": "DTTIME", "offset": "0x74"}, {"name": "DTFC", "offset": "0x78"}, {"name": "DTOGEN", "offset": "0x7c"}, {"name": "DTFAULT", "offset": "0x80"}, {"name": "DTFAULTC", "offset": "0x84"}, {"name": "DTLOCK", "offset": "0x88"}]}, {"name": "ACMP0", "start": "0x40001000", "end": "0x400013ff", "size": "0x400", "comment": "", "registers": [{"name": "CTRL", "offset": "0x0"}, {"name": "INPUTSEL", "offset": "0x4"}, {"name": "STATUS", "offset": "0x8"}, {"name": "IEN", "offset": "0xc"}, {"name": "IF", "offset": "0x10"}, {"name": "IFS", "offset": "0x14"}, {"name": "IFC", "offset": "0x18"}, {"name": "ROUTE", "offset": "0x1c"}]}, {"name": "USART0", "start": "0x4000c000", "end": "0x4000c3ff", "size": "0x400", "comment": "", "registers": [{"name": "CTRL", "offset": "0x0"}, {"name": "FRAME", "offset": "0x4"}, {"name": "TRIGCTRL", "offset": "0x8"}, {"name": "CMD", "offset": "0xc"}, {"name": "STATUS", "offset": "0x10"}, {"name": "CLKDIV", "offset": "0x14"}, {"name": "RXDATAX", "offset": "0x18"}, {"name": "RXDATA", "offset": "0x1c"}, {"name": "RXDOUBLEX", "offset": "0x20"}, {"name": "RXDOUBLE", "offset": "0x24"}, {"name": "RXDATAXP", "offset": "0x28"}, {"name": "RXDOUBLEXP", "offset": "0x2c"}, {"name": "TXDATAX", "offset": "0x30"}, {"name": "TXDATA", "offset": "0x34"}, {"name": "TXDOUBLEX", "offset": "0x38"}, {"name": "TXDOUBLE", "offset": "0x3c"}, {"name": "IF", "offset": "0x40"}, {"name": "IFS", "offset": "0x44"}, {"name": "IFC", "offset": "0x48"}, {"name": "IEN", "offset": "0x4c"}, {"name": "IRCTRL", "offset": "0x50"}, {"name": "ROUTE", "offset": "0x54"}, {"name": "INPUT", "offset": "0x58"}, {"name": "I2SCTRL", "offset": "0x5c"}]}, {"name": "USART1", "start": "0x4000c400", "end": "0x4000c7ff", "size": "0x400", "comment": "", "registers": [{"name": "CTRL", "offset": "0x0"}, {"name": "FRAME", "offset": "0x4"}, {"name": "TRIGCTRL", "offset": "0x8"}, {"name": "CMD", "offset": "0xc"}, {"name": "STATUS", "offset": "0x10"}, {"name": "CLKDIV", "offset": "0x14"}, {"name": "RXDATAX", "offset": "0x18"}, {"name": "RXDATA", "offset": "0x1c"}, {"name": "RXDOUBLEX", "offset": "0x20"}, {"name": "RXDOUBLE", "offset": "0x24"}, {"name": "RXDATAXP", "offset": "0x28"}, {"name": "RXDOUBLEXP", "offset": "0x2c"}, {"name": "TXDATAX", "offset": "0x30"}, {"name": "TXDATA", "offset": "0x34"}, {"name": "TXDOUBLEX", "offset": "0x38"}, {"name": "TXDOUBLE", "offset": "0x3c"}, {"name": "IF", "offset": "0x40"}, {"name": "IFS", "offset": "0x44"}, {"name": "IFC", "offset": "0x48"}, {"name": "IEN", "offset": "0x4c"}, {"name": "IRCTRL", "offset": "0x50"}, {"name": "ROUTE", "offset": "0x54"}, {"name": "INPUT", "offset": "0x58"}, {"name": "I2SCTRL", "offset": "0x5c"}]}, {"name": "PRS", "start": "0x400cc000", "end": "0x400cc3ff", "size": "0x400", "comment": "", "registers": [{"name": "SWPULSE", "offset": "0x0"}, {"name": "SWLEVEL", "offset": "0x4"}, {"name": "ROUTE", "offset": "0x8"}, {"name": "CH0_CTRL", "offset": "0x10"}, {"name": "CH1_CTRL", "offset": "0x14"}, {"name": "CH2_CTRL", "offset": "0x18"}, {"name": "CH3_CTRL", "offset": "0x1c"}, {"name": "CH4_CTRL", "offset": "0x20"}, {"name": "CH5_CTRL", "offset": "0x24"}, {"name": "TRACECTRL", "offset": "0x40"}]}, {"name": "IDAC0", "start": "0x40004000", "end": "0x400043ff", "size": "0x400", "comment": "", "registers": [{"name": "CTRL", "offset": "0x0"}, {"name": "CURPROG", "offset": "0x4"}, {"name": "CAL", "offset": "0x8"}, {"name": "DUTYCONFIG", "offset": "0xc"}]}, {"name": "GPIO", "start": "0x40006000", "end": "0x40006fff", "size": "0x1000", "comment": "", "registers": [{"name": "PA_CTRL", "offset": "0x0"}, {"name": "PA_MODEL", "offset": "0x4"}, {"name": "PA_MODEH", "offset": "0x8"}, {"name": "PA_DOUT", "offset": "0xc"}, {"name": "PA_DOUTSET", "offset": "0x10"}, {"name": "PA_DOUTCLR", "offset": "0x14"}, {"name": "PA_DOUTTGL", "offset": "0x18"}, {"name": "PA_DIN", "offset": "0x1c"}, {"name": "PA_PINLOCKN", "offset": "0x20"}, {"name": "PB_CTRL", "offset": "0x24"}, {"name": "PB_MODEL", "offset": "0x28"}, {"name": "PB_MODEH", "offset": "0x2c"}, {"name": "PB_DOUT", "offset": "0x30"}, {"name": "PB_DOUTSET", "offset": "0x34"}, {"name": "PB_DOUTCLR", "offset": "0x38"}, {"name": "PB_DOUTTGL", "offset": "0x3c"}, {"name": "PB_DIN", "offset": "0x40"}, {"name": "PB_PINLOCKN", "offset": "0x44"}, {"name": "PC_CTRL", "offset": "0x48"}, {"name": "PC_MODEL", "offset": "0x4c"}, {"name": "PC_MODEH", "offset": "0x50"}, {"name": "PC_DOUT", "offset": "0x54"}, {"name": "PC_DOUTSET", "offset": "0x58"}, {"name": "PC_DOUTCLR", "offset": "0x5c"}, {"name": "PC_DOUTTGL", "offset": "0x60"}, {"name": "PC_DIN", "offset": "0x64"}, {"name": "PC_PINLOCKN", "offset": "0x68"}, {"name": "PD_CTRL", "offset": "0x6c"}, {"name": "PD_MODEL", "offset": "0x70"}, {"name": "PD_MODEH", "offset": "0x74"}, {"name": "PD_DOUT", "offset": "0x78"}, {"name": "PD_DOUTSET", "offset": "0x7c"}, {"name": "PD_DOUTCLR", "offset": "0x80"}, {"name": "PD_DOUTTGL", "offset": "0x84"}, {"name": "PD_DIN", "offset": "0x88"}, {"name": "PD_PINLOCKN", "offset": "0x8c"}, {"name": "PE_CTRL", "offset": "0x90"}, {"name": "PE_MODEL", "offset": "0x94"}, {"name": "PE_MODEH", "offset": "0x98"}, {"name": "PE_DOUT", "offset": "0x9c"}, {"name": "PE_DOUTSET", "offset": "0xa0"}, {"name": "PE_DOUTCLR", "offset": "0xa4"}, {"name": "PE_DOUTTGL", "offset": "0xa8"}, {"name": "PE_DIN", "offset": "0xac"}, {"name": "PE_PINLOCKN", "offset": "0xb0"}, {"name": "PF_CTRL", "offset": "0xb4"}, {"name": "PF_MODEL", "offset": "0xb8"}, {"name": "PF_MODEH", "offset": "0xbc"}, {"name": "PF_DOUT", "offset": "0xc0"}, {"name": "PF_DOUTSET", "offset": "0xc4"}, {"name": "PF_DOUTCLR", "offset": "0xc8"}, {"name": "PF_DOUTTGL", "offset": "0xcc"}, {"name": "PF_DIN", "offset": "0xd0"}, {"name": "PF_PINLOCKN", "offset": "0xd4"}, {"name": "EXTIPSELL", "offset": "0x100"}, {"name": "EXTIPSELH", "offset": "0x104"}, {"name": "EXTIRISE", "offset": "0x108"}, {"name": "EXTIFALL", "offset": "0x10c"}, {"name": "IEN", "offset": "0x110"}, {"name": "IF", "offset": "0x114"}, {"name": "IFS", "offset": "0x118"}, {"name": "IFC", "offset": "0x11c"}, {"name": "ROUTE", "offset": "0x120"}, {"name": "INSENSE", "offset": "0x124"}, {"name": "LOCK", "offset": "0x128"}, {"name": "CTRL", "offset": "0x12c"}, {"name": "CMD", "offset": "0x130"}, {"name": "EM4WUEN", "offset": "0x134"}, {"name": "EM4WUPOL", "offset": "0x138"}, {"name": "EM4WUCAUSE", "offset": "0x13c"}]}, {"name": "VCMP", "start": "0x40000000", "end": "0x400003ff", "size": "0x400", "comment": "", "registers": [{"name": "CTRL", "offset": "0x0"}, {"name": "INPUTSEL", "offset": "0x4"}, {"name": "STATUS", "offset": "0x8"}, {"name": "IEN", "offset": "0xc"}, {"name": "IF", "offset": "0x10"}, {"name": "IFS", "offset": "0x14"}, {"name": "IFC", "offset": "0x18"}]}, {"name": "ADC0", "start": "0x40002000", "end": "0x400023ff", "size": "0x400", "comment": "", "registers": [{"name": "CTRL", "offset": "0x0"}, {"name": "CMD", "offset": "0x4"}, {"name": "STATUS", "offset": "0x8"}, {"name": "SINGLECTRL", "offset": "0xc"}, {"name": "SCANCTRL", "offset": "0x10"}, {"name": "IEN", "offset": "0x14"}, {"name": "IF", "offset": "0x18"}, {"name": "IFS", "offset": "0x1c"}, {"name": "IFC", "offset": "0x20"}, {"name": "SINGLEDATA", "offset": "0x24"}, {"name": "SCANDATA", "offset": "0x28"}, {"name": "SINGLEDATAP", "offset": "0x2c"}, {"name": "SCANDATAP", "offset": "0x30"}, {"name": "CAL", "offset": "0x34"}, {"name": "BIASPROG", "offset": "0x3c"}]}, {"name": "LEUART0", "start": "0x40084000", "end": "0x400843ff", "size": "0x400", "comment": "", "registers": [{"name": "CTRL", "offset": "0x0"}, {"name": "CMD", "offset": "0x4"}, {"name": "STATUS", "offset": "0x8"}, {"name": "CLKDIV", "offset": "0xc"}, {"name": "STARTFRAME", "offset": "0x10"}, {"name": "SIGFRAME", "offset": "0x14"}, {"name": "RXDATAX", "offset": "0x18"}, {"name": "RXDATA", "offset": "0x1c"}, {"name": "RXDATAXP", "offset": "0x20"}, {"name": "TXDATAX", "offset": "0x24"}, {"name": "TXDATA", "offset": "0x28"}, {"name": "IF", "offset": "0x2c"}, {"name": "IFS", "offset": "0x30"}, {"name": "IFC", "offset": "0x34"}, {"name": "IEN", "offset": "0x38"}, {"name": "PULSECTRL", "offset": "0x3c"}, {"name": "FREEZE", "offset": "0x40"}, {"name": "SYNCBUSY", "offset": "0x44"}, {"name": "ROUTE", "offset": "0x54"}, {"name": "INPUT", "offset": "0xac"}]}, {"name": "PCNT0", "start": "0x40086000", "end": "0x400863ff", "size": "0x400", "comment": "", "registers": [{"name": "CTRL", "offset": "0x0"}, {"name": "CMD", "offset": "0x4"}, {"name": "STATUS", "offset": "0x8"}, {"name": "CNT", "offset": "0xc"}, {"name": "TOP", "offset": "0x10"}, {"name": "TOPB", "offset": "0x14"}, {"name": "IF", "offset": "0x18"}, {"name": "IFS", "offset": "0x1c"}, {"name": "IFC", "offset": "0x20"}, {"name": "IEN", "offset": "0x24"}, {"name": "ROUTE", "offset": "0x28"}, {"name": "FREEZE", "offset": "0x2c"}, {"name": "SYNCBUSY", "offset": "0x30"}, {"name": "AUXCNT", "offset": "0x38"}, {"name": "INPUT", "offset": "0x3c"}]}, {"name": "I2C0", "start": "0x4000a000", "end": "0x4000a3ff", "size": "0x400", "comment": "", "registers": [{"name": "CTRL", "offset": "0x0"}, {"name": "CMD", "offset": "0x4"}, {"name": "STATE", "offset": "0x8"}, {"name": "STATUS", "offset": "0xc"}, {"name": "CLKDIV", "offset": "0x10"}, {"name": "SADDR", "offset": "0x14"}, {"name": "SADDRMASK", "offset": "0x18"}, {"name": "RXDATA", "offset": "0x1c"}, {"name": "RXDATAP", "offset": "0x20"}, {"name": "TXDATA", "offset": "0x24"}, {"name": "IF", "offset": "0x28"}, {"name": "IFS", "offset": "0x2c"}, {"name": "IFC", "offset": "0x30"}, {"name": "IEN", "offset": "0x34"}, {"name": "ROUTE", "offset": "0x38"}]}, {"name": "RTC", "start": "0x40080000", "end": "0x400803ff", "size": "0x400", "comment": "", "registers": [{"name": "CTRL", "offset": "0x0"}, {"name": "CNT", "offset": "0x4"}, {"name": "COMP0", "offset": "0x8"}, {"name": "COMP1", "offset": "0xc"}, {"name": "IF", "offset": "0x10"}, {"name": "IFS", "offset": "0x14"}, {"name": "IFC", "offset": "0x18"}, {"name": "IEN", "offset": "0x1c"}, {"name": "FREEZE", "offset": "0x20"}, {"name": "SYNCBUSY", "offset": "0x24"}]}, {"name": "WDOG", "start": "0x40088000", "end": "0x400883ff", "size": "0x400", "comment": "", "registers": [{"name": "CTRL", "offset": "0x0"}, {"name": "CMD", "offset": "0x4"}, {"name": "SYNCBUSY", "offset": "0x8"}]}, {"name": "MTB", "start": "0xf0040000", "end": "0xf007ffff", "size": "0x40000", "comment": "", "registers": [{"name": "POSITION", "offset": "0x0"}, {"name": "MASTER", "offset": "0x4"}, {"name": "FLOW", "offset": "0x8"}, {"name": "BASE", "offset": "0xc"}]}], "vector_table": [{"name": "StackPointer_Value", "value": -1, "addr": "0x0", "comment": "Stack pointer initial value"}, {"name": "Reset", "value": -1, "addr": "0x4", "comment": "Priority: -3"}, {"name": "NMI", "value": -1, "addr": "0x8", "comment": "Priority: -2"}, {"name": "HardFault", "value": -1, "addr": "0xc", "comment": "Priority: -1"}, {"name": "SVCall", "value": -1, "addr": "0x2c", "comment": "Priority: 3"}, {"name": "PendSV", "value": -1, "addr": "0x38", "comment": "Priority: 5"}, {"name": "SysTick", "value": -1, "addr": "0x3c", "comment": "Priority: 6"}, {"name": "DMA", "value": 0, "comment": "", "addr": "0x40"}, {"name": "GPIO_EVEN", "value": 1, "comment": "", "addr": "0x44"}, {"name": "TIMER0", "value": 2, "comment": "", "addr": "0x48"}, {"name": "ACMP0", "value": 3, "comment": "", "addr": "0x4c"}, {"name": "ADC0", "value": 4, "comment": "", "addr": "0x50"}, {"name": "I2C0", "value": 5, "comment": "", "addr": "0x54"}, {"name": "GPIO_ODD", "value": 6, "comment": "", "addr": "0x58"}, {"name": "TIMER1", "value": 7, "comment": "", "addr": "0x5c"}, {"name": "USART1_RX", "value": 8, "comment": "", "addr": "0x60"}, {"name": "USART1_TX", "value": 9, "comment": "", "addr": "0x64"}, {"name": "LEUART0", "value": 10, "comment": "", "addr": "0x68"}, {"name": "PCNT0", "value": 11, "comment": "", "addr": "0x6c"}, {"name": "RTC", "value": 12, "comment": "", "addr": "0x70"}, {"name": "CMU", "value": 13, "comment": "", "addr": "0x74"}, {"name": "VCMP", "value": 14, "comment": "", "addr": "0x78"}, {"name": "MSC", "value": 15, "comment": "", "addr": "0x7c"}, {"name": "AES", "value": 16, "comment": "", "addr": "0x80"}, {"name": "USART0_RX", "value": 17, "comment": "", "addr": "0x84"}, {"name": "USART0_TX", "value": 18, "comment": "", "addr": "0x88"}, {"name": "USB", "value": 19, "comment": "", "addr": "0x8c"}, {"name": "TIMER2", "value": 20, "comment": "", "addr": "0x90"}]}