{"brand": "SiLabs", "family": "Giant Gecko S1", "name": "EFM32GG12B1xx", "bits": 32, "mode": 1, "segments": [{"name": "SRAM", "start": "0x20000000", "end": "0x2007ffff", "size": "0x80000", "type": "DATA"}, {"name": "SRAM_ALIAS", "start": "0x22000000", "end": "0x2207ffff", "size": "0x80000", "type": "DATA"}], "peripherals": [{"name": "MSC", "start": "0x40000000", "end": "0x400007ff", "size": "0x800", "comment": "", "registers": [{"name": "CTRL", "offset": "0x0"}, {"name": "READCTRL", "offset": "0x4"}, {"name": "WRITECTRL", "offset": "0x8"}, {"name": "WRITECMD", "offset": "0xc"}, {"name": "ADDRB", "offset": "0x10"}, {"name": "WDATA", "offset": "0x18"}, {"name": "STATUS", "offset": "0x1c"}, {"name": "IF", "offset": "0x30"}, {"name": "IFS", "offset": "0x34"}, {"name": "IFC", "offset": "0x38"}, {"name": "IEN", "offset": "0x3c"}, {"name": "LOCK", "offset": "0x40"}, {"name": "CACHECMD", "offset": "0x44"}, {"name": "CACHEHITS", "offset": "0x48"}, {"name": "CACHEMISSES", "offset": "0x4c"}, {"name": "MASSLOCK", "offset": "0x54"}, {"name": "STARTUP", "offset": "0x5c"}, {"name": "BANKSWITCHLOCK", "offset": "0x70"}, {"name": "CMD", "offset": "0x74"}, {"name": "BOOTLOADERCTRL", "offset": "0x90"}, {"name": "AAPUNLOCKCMD", "offset": "0x94"}, {"name": "CACHECONFIG0", "offset": "0x98"}, {"name": "RAMCTRL", "offset": "0x100"}, {"name": "ECCCTRL", "offset": "0x104"}, {"name": "RAMECCADDR", "offset": "0x108"}, {"name": "RAM1ECCADDR", "offset": "0x10c"}, {"name": "RAM2ECCADDR", "offset": "0x110"}]}, {"name": "EMU", "start": "0x400e3000", "end": "0x400e33ff", "size": "0x400", "comment": "", "registers": [{"name": "CTRL", "offset": "0x0"}, {"name": "STATUS", "offset": "0x4"}, {"name": "LOCK", "offset": "0x8"}, {"name": "RAM0CTRL", "offset": "0xc"}, {"name": "CMD", "offset": "0x10"}, {"name": "EM4CTRL", "offset": "0x18"}, {"name": "TEMPLIMITS", "offset": "0x1c"}, {"name": "TEMP", "offset": "0x20"}, {"name": "IF", "offset": "0x24"}, {"name": "IFS", "offset": "0x28"}, {"name": "IFC", "offset": "0x2c"}, {"name": "IEN", "offset": "0x30"}, {"name": "PWRLOCK", "offset": "0x34"}, {"name": "PWRCTRL", "offset": "0x3c"}, {"name": "DCDCCTRL", "offset": "0x40"}, {"name": "DCDCMISCCTRL", "offset": "0x4c"}, {"name": "DCDCZDETCTRL", "offset": "0x50"}, {"name": "DCDCCLIMCTRL", "offset": "0x54"}, {"name": "DCDCLNCOMPCTRL", "offset": "0x58"}, {"name": "DCDCLNVCTRL", "offset": "0x5c"}, {"name": "DCDCLPVCTRL", "offset": "0x64"}, {"name": "DCDCLPCTRL", "offset": "0x6c"}, {"name": "DCDCLNFREQCTRL", "offset": "0x70"}, {"name": "DCDCSYNC", "offset": "0x78"}, {"name": "VMONAVDDCTRL", "offset": "0x90"}, {"name": "VMONALTAVDDCTRL", "offset": "0x94"}, {"name": "VMONDVDDCTRL", "offset": "0x98"}, {"name": "VMONIO0CTRL", "offset": "0x9c"}, {"name": "VMONIO1CTRL", "offset": "0xa0"}, {"name": "VMONBUVDDCTRL", "offset": "0xa4"}, {"name": "RAM1CTRL", "offset": "0xb4"}, {"name": "RAM2CTRL", "offset": "0xb8"}, {"name": "BUCTRL", "offset": "0xbc"}, {"name": "R5VCTRL", "offset": "0xc8"}, {"name": "R5VADCCTRL", "offset": "0xcc"}, {"name": "R5VOUTLEVEL", "offset": "0xd0"}, {"name": "R5VDETCTRL", "offset": "0xdc"}, {"name": "DCDCLPEM01CFG", "offset": "0xec"}, {"name": "R5VSTATUS", "offset": "0xf0"}, {"name": "R5VSYNC", "offset": "0xf8"}, {"name": "EM23PERNORETAINCMD", "offset": "0x100"}, {"name": "EM23PERNORETAINSTATUS", "offset": "0x104"}, {"name": "EM23PERNORETAINCTRL", "offset": "0x108"}]}, {"name": "RMU", "start": "0x400e5000", "end": "0x400e53ff", "size": "0x400", "comment": "", "registers": [{"name": "CTRL", "offset": "0x0"}, {"name": "RSTCAUSE", "offset": "0x4"}, {"name": "CMD", "offset": "0x8"}, {"name": "RST", "offset": "0xc"}, {"name": "LOCK", "offset": "0x10"}]}, {"name": "CMU", "start": "0x400e4000", "end": "0x400e43ff", "size": "0x400", "comment": "", "registers": [{"name": "CTRL", "offset": "0x0"}, {"name": "USHFRCOCTRL", "offset": "0x8"}, {"name": "HFRCOCTRL", "offset": "0x10"}, {"name": "AUXHFRCOCTRL", "offset": "0x18"}, {"name": "LFRCOCTRL", "offset": "0x20"}, {"name": "HFXOCTRL", "offset": "0x24"}, {"name": "HFXOCTRL1", "offset": "0x28"}, {"name": "HFXOSTARTUPCTRL", "offset": "0x2c"}, {"name": "HFXOSTEADYSTATECTRL", "offset": "0x30"}, {"name": "HFXOTIMEOUTCTRL", "offset": "0x34"}, {"name": "LFXOCTRL", "offset": "0x38"}, {"name": "DPLLCTRL", "offset": "0x40"}, {"name": "DPLLCTRL1", "offset": "0x44"}, {"name": "CALCTRL", "offset": "0x50"}, {"name": "CALCNT", "offset": "0x54"}, {"name": "OSCENCMD", "offset": "0x60"}, {"name": "CMD", "offset": "0x64"}, {"name": "DBGCLKSEL", "offset": "0x70"}, {"name": "HFCLKSEL", "offset": "0x74"}, {"name": "LFACLKSEL", "offset": "0x80"}, {"name": "LFBCLKSEL", "offset": "0x84"}, {"name": "LFECLKSEL", "offset": "0x88"}, {"name": "LFCCLKSEL", "offset": "0x8c"}, {"name": "STATUS", "offset": "0x90"}, {"name": "HFCLKSTATUS", "offset": "0x94"}, {"name": "HFXOTRIMSTATUS", "offset": "0x9c"}, {"name": "IF", "offset": "0xa0"}, {"name": "IFS", "offset": "0xa4"}, {"name": "IFC", "offset": "0xa8"}, {"name": "IEN", "offset": "0xac"}, {"name": "HFBUSCLKEN0", "offset": "0xb0"}, {"name": "HFPERCLKEN0", "offset": "0xc0"}, {"name": "HFPERCLKEN1", "offset": "0xc4"}, {"name": "LFACLKEN0", "offset": "0xe0"}, {"name": "LFBCLKEN0", "offset": "0xe8"}, {"name": "LFCCLKEN0", "offset": "0xec"}, {"name": "LFECLKEN0", "offset": "0xf0"}, {"name": "HFPRESC", "offset": "0x100"}, {"name": "HFBUSPRESC", "offset": "0x104"}, {"name": "HFCOREPRESC", "offset": "0x108"}, {"name": "HFPERPRESC", "offset": "0x10c"}, {"name": "HFEXPPRESC", "offset": "0x114"}, {"name": "HFPERPRESCB", "offset": "0x118"}, {"name": "HFPERPRESCC", "offset": "0x11c"}, {"name": "LFAPRESC0", "offset": "0x120"}, {"name": "LFBPRESC0", "offset": "0x128"}, {"name": "LFEPRESC0", "offset": "0x130"}, {"name": "SYNCBUSY", "offset": "0x140"}, {"name": "FREEZE", "offset": "0x144"}, {"name": "PCNTCTRL", "offset": "0x150"}, {"name": "ADCCTRL", "offset": "0x15c"}, {"name": "PDMCTRL", "offset": "0x168"}, {"name": "ROUTEPEN", "offset": "0x170"}, {"name": "ROUTELOC0", "offset": "0x174"}, {"name": "ROUTELOC1", "offset": "0x178"}, {"name": "LOCK", "offset": "0x180"}, {"name": "HFRCOSS", "offset": "0x184"}]}, {"name": "CRYPTO0", "start": "0x400f0000", "end": "0x400f03ff", "size": "0x400", "comment": "", "registers": [{"name": "CTRL", "offset": "0x0"}, {"name": "WAC", "offset": "0x4"}, {"name": "CMD", "offset": "0x8"}, {"name": "STATUS", "offset": "0x10"}, {"name": "DSTATUS", "offset": "0x14"}, {"name": "CSTATUS", "offset": "0x18"}, {"name": "KEY", "offset": "0x20"}, {"name": "KEYBUF", "offset": "0x24"}, {"name": "SEQCTRL", "offset": "0x30"}, {"name": "SEQCTRLB", "offset": "0x34"}, {"name": "IF", "offset": "0x40"}, {"name": "IFS", "offset": "0x44"}, {"name": "IFC", "offset": "0x48"}, {"name": "IEN", "offset": "0x4c"}, {"name": "SEQ0", "offset": "0x50"}, {"name": "SEQ1", "offset": "0x54"}, {"name": "SEQ2", "offset": "0x58"}, {"name": "SEQ3", "offset": "0x5c"}, {"name": "SEQ4", "offset": "0x60"}, {"name": "DATA0", "offset": "0x80"}, {"name": "DATA1", "offset": "0x84"}, {"name": "DATA2", "offset": "0x88"}, {"name": "DATA3", "offset": "0x8c"}, {"name": "DATA0XOR", "offset": "0xa0"}, {"name": "DATA0BYTE", "offset": "0xb0"}, {"name": "DATA1BYTE", "offset": "0xb4"}, {"name": "DATA0XORBYTE", "offset": "0xbc"}, {"name": "DATA0BYTE12", "offset": "0xc0"}, {"name": "DATA0BYTE13", "offset": "0xc4"}, {"name": "DATA0BYTE14", "offset": "0xc8"}, {"name": "DATA0BYTE15", "offset": "0xcc"}, {"name": "DDATA0", "offset": "0x100"}, {"name": "DDATA1", "offset": "0x104"}, {"name": "DDATA2", "offset": "0x108"}, {"name": "DDATA3", "offset": "0x10c"}, {"name": "DDATA4", "offset": "0x110"}, {"name": "DDATA0BIG", "offset": "0x130"}, {"name": "DDATA0BYTE", "offset": "0x140"}, {"name": "DDATA1BYTE", "offset": "0x144"}, {"name": "DDATA0BYTE32", "offset": "0x148"}, {"name": "QDATA0", "offset": "0x180"}, {"name": "QDATA1", "offset": "0x184"}, {"name": "QDATA1BIG", "offset": "0x1a4"}, {"name": "QDATA0BYTE", "offset": "0x1c0"}, {"name": "QDATA1BYTE", "offset": "0x1c4"}]}, {"name": "LESENSE", "start": "0x40055000", "end": "0x400553ff", "size": "0x400", "comment": "", "registers": [{"name": "CTRL", "offset": "0x0"}, {"name": "TIMCTRL", "offset": "0x4"}, {"name": "PERCTRL", "offset": "0x8"}, {"name": "DECCTRL", "offset": "0xc"}, {"name": "BIASCTRL", "offset": "0x10"}, {"name": "EVALCTRL", "offset": "0x14"}, {"name": "PRSCTRL", "offset": "0x18"}, {"name": "CMD", "offset": "0x1c"}, {"name": "CHEN", "offset": "0x20"}, {"name": "SCANRES", "offset": "0x24"}, {"name": "STATUS", "offset": "0x28"}, {"name": "PTR", "offset": "0x2c"}, {"name": "BUFDATA", "offset": "0x30"}, {"name": "CURCH", "offset": "0x34"}, {"name": "DECSTATE", "offset": "0x38"}, {"name": "SENSORSTATE", "offset": "0x3c"}, {"name": "IDLECONF", "offset": "0x40"}, {"name": "ALTEXCONF", "offset": "0x44"}, {"name": "IF", "offset": "0x50"}, {"name": "IFS", "offset": "0x54"}, {"name": "IFC", "offset": "0x58"}, {"name": "IEN", "offset": "0x5c"}, {"name": "SYNCBUSY", "offset": "0x60"}, {"name": "ROUTEPEN", "offset": "0x64"}, {"name": "ST0_TCONFA", "offset": "0x100"}, {"name": "ST0_TCONFB", "offset": "0x104"}, {"name": "ST1_TCONFA", "offset": "0x108"}, {"name": "ST1_TCONFB", "offset": "0x10c"}, {"name": "ST2_TCONFA", "offset": "0x110"}, {"name": "ST2_TCONFB", "offset": "0x114"}, {"name": "ST3_TCONFA", "offset": "0x118"}, {"name": "ST3_TCONFB", "offset": "0x11c"}, {"name": "ST4_TCONFA", "offset": "0x120"}, {"name": "ST4_TCONFB", "offset": "0x124"}, {"name": "ST5_TCONFA", "offset": "0x128"}, {"name": "ST5_TCONFB", "offset": "0x12c"}, {"name": "ST6_TCONFA", "offset": "0x130"}, {"name": "ST6_TCONFB", "offset": "0x134"}, {"name": "ST7_TCONFA", "offset": "0x138"}, {"name": "ST7_TCONFB", "offset": "0x13c"}, {"name": "ST8_TCONFA", "offset": "0x140"}, {"name": "ST8_TCONFB", "offset": "0x144"}, {"name": "ST9_TCONFA", "offset": "0x148"}, {"name": "ST9_TCONFB", "offset": "0x14c"}, {"name": "ST10_TCONFA", "offset": "0x150"}, {"name": "ST10_TCONFB", "offset": "0x154"}, {"name": "ST11_TCONFA", "offset": "0x158"}, {"name": "ST11_TCONFB", "offset": "0x15c"}, {"name": "ST12_TCONFA", "offset": "0x160"}, {"name": "ST12_TCONFB", "offset": "0x164"}, {"name": "ST13_TCONFA", "offset": "0x168"}, {"name": "ST13_TCONFB", "offset": "0x16c"}, {"name": "ST14_TCONFA", "offset": "0x170"}, {"name": "ST14_TCONFB", "offset": "0x174"}, {"name": "ST15_TCONFA", "offset": "0x178"}, {"name": "ST15_TCONFB", "offset": "0x17c"}, {"name": "ST16_TCONFA", "offset": "0x180"}, {"name": "ST16_TCONFB", "offset": "0x184"}, {"name": "ST17_TCONFA", "offset": "0x188"}, {"name": "ST17_TCONFB", "offset": "0x18c"}, {"name": "ST18_TCONFA", "offset": "0x190"}, {"name": "ST18_TCONFB", "offset": "0x194"}, {"name": "ST19_TCONFA", "offset": "0x198"}, {"name": "ST19_TCONFB", "offset": "0x19c"}, {"name": "ST20_TCONFA", "offset": "0x1a0"}, {"name": "ST20_TCONFB", "offset": "0x1a4"}, {"name": "ST21_TCONFA", "offset": "0x1a8"}, {"name": "ST21_TCONFB", "offset": "0x1ac"}, {"name": "ST22_TCONFA", "offset": "0x1b0"}, {"name": "ST22_TCONFB", "offset": "0x1b4"}, {"name": "ST23_TCONFA", "offset": "0x1b8"}, {"name": "ST23_TCONFB", "offset": "0x1bc"}, {"name": "ST24_TCONFA", "offset": "0x1c0"}, {"name": "ST24_TCONFB", "offset": "0x1c4"}, {"name": "ST25_TCONFA", "offset": "0x1c8"}, {"name": "ST25_TCONFB", "offset": "0x1cc"}, {"name": "ST26_TCONFA", "offset": "0x1d0"}, {"name": "ST26_TCONFB", "offset": "0x1d4"}, {"name": "ST27_TCONFA", "offset": "0x1d8"}, {"name": "ST27_TCONFB", "offset": "0x1dc"}, {"name": "ST28_TCONFA", "offset": "0x1e0"}, {"name": "ST28_TCONFB", "offset": "0x1e4"}, {"name": "ST29_TCONFA", "offset": "0x1e8"}, {"name": "ST29_TCONFB", "offset": "0x1ec"}, {"name": "ST30_TCONFA", "offset": "0x1f0"}, {"name": "ST30_TCONFB", "offset": "0x1f4"}, {"name": "ST31_TCONFA", "offset": "0x1f8"}, {"name": "ST31_TCONFB", "offset": "0x1fc"}, {"name": "BUF0_DATA", "offset": "0x200"}, {"name": "BUF1_DATA", "offset": "0x204"}, {"name": "BUF2_DATA", "offset": "0x208"}, {"name": "BUF3_DATA", "offset": "0x20c"}, {"name": "BUF4_DATA", "offset": "0x210"}, {"name": "BUF5_DATA", "offset": "0x214"}, {"name": "BUF6_DATA", "offset": "0x218"}, {"name": "BUF7_DATA", "offset": "0x21c"}, {"name": "BUF8_DATA", "offset": "0x220"}, {"name": "BUF9_DATA", "offset": "0x224"}, {"name": "BUF10_DATA", "offset": "0x228"}, {"name": "BUF11_DATA", "offset": "0x22c"}, {"name": "BUF12_DATA", "offset": "0x230"}, {"name": "BUF13_DATA", "offset": "0x234"}, {"name": "BUF14_DATA", "offset": "0x238"}, {"name": "BUF15_DATA", "offset": "0x23c"}, {"name": "CH0_TIMING", "offset": "0x240"}, {"name": "CH0_INTERACT", "offset": "0x244"}, {"name": "CH0_EVAL", "offset": "0x248"}, {"name": "CH1_TIMING", "offset": "0x250"}, {"name": "CH1_INTERACT", "offset": "0x254"}, {"name": "CH1_EVAL", "offset": "0x258"}, {"name": "CH2_TIMING", "offset": "0x260"}, {"name": "CH2_INTERACT", "offset": "0x264"}, {"name": "CH2_EVAL", "offset": "0x268"}, {"name": "CH3_TIMING", "offset": "0x270"}, {"name": "CH3_INTERACT", "offset": "0x274"}, {"name": "CH3_EVAL", "offset": "0x278"}, {"name": "CH4_TIMING", "offset": "0x280"}, {"name": "CH4_INTERACT", "offset": "0x284"}, {"name": "CH4_EVAL", "offset": "0x288"}, {"name": "CH5_TIMING", "offset": "0x290"}, {"name": "CH5_INTERACT", "offset": "0x294"}, {"name": "CH5_EVAL", "offset": "0x298"}, {"name": "CH6_TIMING", "offset": "0x2a0"}, {"name": "CH6_INTERACT", "offset": "0x2a4"}, {"name": "CH6_EVAL", "offset": "0x2a8"}, {"name": "CH7_TIMING", "offset": "0x2b0"}, {"name": "CH7_INTERACT", "offset": "0x2b4"}, {"name": "CH7_EVAL", "offset": "0x2b8"}, {"name": "CH8_TIMING", "offset": "0x2c0"}, {"name": "CH8_INTERACT", "offset": "0x2c4"}, {"name": "CH8_EVAL", "offset": "0x2c8"}, {"name": "CH9_TIMING", "offset": "0x2d0"}, {"name": "CH9_INTERACT", "offset": "0x2d4"}, {"name": "CH9_EVAL", "offset": "0x2d8"}, {"name": "CH10_TIMING", "offset": "0x2e0"}, {"name": "CH10_INTERACT", "offset": "0x2e4"}, {"name": "CH10_EVAL", "offset": "0x2e8"}, {"name": "CH11_TIMING", "offset": "0x2f0"}, {"name": "CH11_INTERACT", "offset": "0x2f4"}, {"name": "CH11_EVAL", "offset": "0x2f8"}, {"name": "CH12_TIMING", "offset": "0x300"}, {"name": "CH12_INTERACT", "offset": "0x304"}, {"name": "CH12_EVAL", "offset": "0x308"}, {"name": "CH13_TIMING", "offset": "0x310"}, {"name": "CH13_INTERACT", "offset": "0x314"}, {"name": "CH13_EVAL", "offset": "0x318"}, {"name": "CH14_TIMING", "offset": "0x320"}, {"name": "CH14_INTERACT", "offset": "0x324"}, {"name": "CH14_EVAL", "offset": "0x328"}, {"name": "CH15_TIMING", "offset": "0x330"}, {"name": "CH15_INTERACT", "offset": "0x334"}, {"name": "CH15_EVAL", "offset": "0x338"}]}, {"name": "EBI", "start": "0x4000b000", "end": "0x4000b3ff", "size": "0x400", "comment": "", "registers": [{"name": "CTRL", "offset": "0x0"}, {"name": "ADDRTIMING", "offset": "0x4"}, {"name": "RDTIMING", "offset": "0x8"}, {"name": "WRTIMING", "offset": "0xc"}, {"name": "POLARITY", "offset": "0x10"}, {"name": "ADDRTIMING1", "offset": "0x18"}, {"name": "RDTIMING1", "offset": "0x1c"}, {"name": "WRTIMING1", "offset": "0x20"}, {"name": "POLARITY1", "offset": "0x24"}, {"name": "ADDRTIMING2", "offset": "0x28"}, {"name": "RDTIMING2", "offset": "0x2c"}, {"name": "WRTIMING2", "offset": "0x30"}, {"name": "POLARITY2", "offset": "0x34"}, {"name": "ADDRTIMING3", "offset": "0x38"}, {"name": "RDTIMING3", "offset": "0x3c"}, {"name": "WRTIMING3", "offset": "0x40"}, {"name": "POLARITY3", "offset": "0x44"}, {"name": "PAGECTRL", "offset": "0x48"}, {"name": "NANDCTRL", "offset": "0x4c"}, {"name": "CMD", "offset": "0x50"}, {"name": "STATUS", "offset": "0x54"}, {"name": "ECCPARITY", "offset": "0x58"}, {"name": "TFTCTRL", "offset": "0x5c"}, {"name": "TFTSTATUS", "offset": "0x60"}, {"name": "TFTCOLORFORMAT", "offset": "0x64"}, {"name": "TFTFRAMEBASE", "offset": "0x68"}, {"name": "TFTSTRIDE", "offset": "0x70"}, {"name": "TFTSIZE", "offset": "0x74"}, {"name": "TFTHPORCH", "offset": "0x78"}, {"name": "TFTVPORCH", "offset": "0x7c"}, {"name": "TFTTIMING", "offset": "0x80"}, {"name": "TFTPOLARITY", "offset": "0x84"}, {"name": "TFTDD", "offset": "0x88"}, {"name": "TFTALPHA", "offset": "0x8c"}, {"name": "TFTPIXEL0", "offset": "0x90"}, {"name": "TFTPIXEL1", "offset": "0x94"}, {"name": "TFTPIXEL", "offset": "0x98"}, {"name": "TFTMASK", "offset": "0x9c"}, {"name": "IF", "offset": "0xa0"}, {"name": "IFS", "offset": "0xa4"}, {"name": "IFC", "offset": "0xa8"}, {"name": "IEN", "offset": "0xac"}, {"name": "ROUTEPEN", "offset": "0xb0"}, {"name": "ROUTELOC0", "offset": "0xb4"}, {"name": "ROUTELOC1", "offset": "0xb8"}]}, {"name": "PDM", "start": "0x40028000", "end": "0x40028fff", "size": "0x1000", "comment": "", "registers": [{"name": "IPVERSION", "offset": "0x0"}, {"name": "EN", "offset": "0x4"}, {"name": "CTRL", "offset": "0x8"}, {"name": "CMD", "offset": "0xc"}, {"name": "STATUS", "offset": "0x10"}, {"name": "CFG0", "offset": "0x14"}, {"name": "CFG1", "offset": "0x18"}, {"name": "RXDATA", "offset": "0x20"}, {"name": "IF", "offset": "0x40"}, {"name": "IFS", "offset": "0x44"}, {"name": "IFC", "offset": "0x48"}, {"name": "IEN", "offset": "0x4c"}, {"name": "ROUTEPEN", "offset": "0x50"}, {"name": "ROUTELOC0", "offset": "0x54"}, {"name": "ROUTELOC1", "offset": "0x58"}, {"name": "SYNCBUSY", "offset": "0x60"}]}, {"name": "GPIO", "start": "0x40088000", "end": "0x40088fff", "size": "0x1000", "comment": "", "registers": [{"name": "PA_CTRL", "offset": "0x0"}, {"name": "PA_MODEL", "offset": "0x4"}, {"name": "PA_MODEH", "offset": "0x8"}, {"name": "PA_DOUT", "offset": "0xc"}, {"name": "PA_DOUTTGL", "offset": "0x18"}, {"name": "PA_DIN", "offset": "0x1c"}, {"name": "PA_PINLOCKN", "offset": "0x20"}, {"name": "PA_OVTDIS", "offset": "0x28"}, {"name": "PB_CTRL", "offset": "0x30"}, {"name": "PB_MODEL", "offset": "0x34"}, {"name": "PB_MODEH", "offset": "0x38"}, {"name": "PB_DOUT", "offset": "0x3c"}, {"name": "PB_DOUTTGL", "offset": "0x48"}, {"name": "PB_DIN", "offset": "0x4c"}, {"name": "PB_PINLOCKN", "offset": "0x50"}, {"name": "PB_OVTDIS", "offset": "0x58"}, {"name": "PC_CTRL", "offset": "0x60"}, {"name": "PC_MODEL", "offset": "0x64"}, {"name": "PC_MODEH", "offset": "0x68"}, {"name": "PC_DOUT", "offset": "0x6c"}, {"name": "PC_DOUTTGL", "offset": "0x78"}, {"name": "PC_DIN", "offset": "0x7c"}, {"name": "PC_PINLOCKN", "offset": "0x80"}, {"name": "PC_OVTDIS", "offset": "0x88"}, {"name": "PD_CTRL", "offset": "0x90"}, {"name": "PD_MODEL", "offset": "0x94"}, {"name": "PD_MODEH", "offset": "0x98"}, {"name": "PD_DOUT", "offset": "0x9c"}, {"name": "PD_DOUTTGL", "offset": "0xa8"}, {"name": "PD_DIN", "offset": "0xac"}, {"name": "PD_PINLOCKN", "offset": "0xb0"}, {"name": "PD_OVTDIS", "offset": "0xb8"}, {"name": "PE_CTRL", "offset": "0xc0"}, {"name": "PE_MODEL", "offset": "0xc4"}, {"name": "PE_MODEH", "offset": "0xc8"}, {"name": "PE_DOUT", "offset": "0xcc"}, {"name": "PE_DOUTTGL", "offset": "0xd8"}, {"name": "PE_DIN", "offset": "0xdc"}, {"name": "PE_PINLOCKN", "offset": "0xe0"}, {"name": "PE_OVTDIS", "offset": "0xe8"}, {"name": "PF_CTRL", "offset": "0xf0"}, {"name": "PF_MODEL", "offset": "0xf4"}, {"name": "PF_MODEH", "offset": "0xf8"}, {"name": "PF_DOUT", "offset": "0xfc"}, {"name": "PF_DOUTTGL", "offset": "0x108"}, {"name": "PF_DIN", "offset": "0x10c"}, {"name": "PF_PINLOCKN", "offset": "0x110"}, {"name": "PF_OVTDIS", "offset": "0x118"}, {"name": "PG_CTRL", "offset": "0x120"}, {"name": "PG_MODEL", "offset": "0x124"}, {"name": "PG_MODEH", "offset": "0x128"}, {"name": "PG_DOUT", "offset": "0x12c"}, {"name": "PG_DOUTTGL", "offset": "0x138"}, {"name": "PG_DIN", "offset": "0x13c"}, {"name": "PG_PINLOCKN", "offset": "0x140"}, {"name": "PG_OVTDIS", "offset": "0x148"}, {"name": "PH_CTRL", "offset": "0x150"}, {"name": "PH_MODEL", "offset": "0x154"}, {"name": "PH_MODEH", "offset": "0x158"}, {"name": "PH_DOUT", "offset": "0x15c"}, {"name": "PH_DOUTTGL", "offset": "0x168"}, {"name": "PH_DIN", "offset": "0x16c"}, {"name": "PH_PINLOCKN", "offset": "0x170"}, {"name": "PH_OVTDIS", "offset": "0x178"}, {"name": "PI_CTRL", "offset": "0x180"}, {"name": "PI_MODEL", "offset": "0x184"}, {"name": "PI_MODEH", "offset": "0x188"}, {"name": "PI_DOUT", "offset": "0x18c"}, {"name": "PI_DOUTTGL", "offset": "0x198"}, {"name": "PI_DIN", "offset": "0x19c"}, {"name": "PI_PINLOCKN", "offset": "0x1a0"}, {"name": "PI_OVTDIS", "offset": "0x1a8"}, {"name": "PJ_CTRL", "offset": "0x1b0"}, {"name": "PJ_MODEL", "offset": "0x1b4"}, {"name": "PJ_MODEH", "offset": "0x1b8"}, {"name": "PJ_DOUT", "offset": "0x1bc"}, {"name": "PJ_DOUTTGL", "offset": "0x1c8"}, {"name": "PJ_DIN", "offset": "0x1cc"}, {"name": "PJ_PINLOCKN", "offset": "0x1d0"}, {"name": "PJ_OVTDIS", "offset": "0x1d8"}, {"name": "PK_CTRL", "offset": "0x1e0"}, {"name": "PK_MODEL", "offset": "0x1e4"}, {"name": "PK_MODEH", "offset": "0x1e8"}, {"name": "PK_DOUT", "offset": "0x1ec"}, {"name": "PK_DOUTTGL", "offset": "0x1f8"}, {"name": "PK_DIN", "offset": "0x1fc"}, {"name": "PK_PINLOCKN", "offset": "0x200"}, {"name": "PK_OVTDIS", "offset": "0x208"}, {"name": "PL_CTRL", "offset": "0x210"}, {"name": "PL_MODEL", "offset": "0x214"}, {"name": "PL_MODEH", "offset": "0x218"}, {"name": "PL_DOUT", "offset": "0x21c"}, {"name": "PL_DOUTTGL", "offset": "0x228"}, {"name": "PL_DIN", "offset": "0x22c"}, {"name": "PL_PINLOCKN", "offset": "0x230"}, {"name": "PL_OVTDIS", "offset": "0x238"}, {"name": "EXTIPSELL", "offset": "0x400"}, {"name": "EXTIPSELH", "offset": "0x404"}, {"name": "EXTIPINSELL", "offset": "0x408"}, {"name": "EXTIPINSELH", "offset": "0x40c"}, {"name": "EXTIRISE", "offset": "0x410"}, {"name": "EXTIFALL", "offset": "0x414"}, {"name": "EXTILEVEL", "offset": "0x418"}, {"name": "IF", "offset": "0x41c"}, {"name": "IFS", "offset": "0x420"}, {"name": "IFC", "offset": "0x424"}, {"name": "IEN", "offset": "0x428"}, {"name": "EM4WUEN", "offset": "0x42c"}, {"name": "ROUTEPEN", "offset": "0x440"}, {"name": "ROUTELOC0", "offset": "0x444"}, {"name": "INSENSE", "offset": "0x450"}, {"name": "LOCK", "offset": "0x454"}]}, {"name": "PRS", "start": "0x400e6000", "end": "0x400e63ff", "size": "0x400", "comment": "", "registers": [{"name": "SWPULSE", "offset": "0x0"}, {"name": "SWLEVEL", "offset": "0x4"}, {"name": "ROUTEPEN", "offset": "0x8"}, {"name": "ROUTELOC0", "offset": "0x10"}, {"name": "ROUTELOC1", "offset": "0x14"}, {"name": "ROUTELOC2", "offset": "0x18"}, {"name": "ROUTELOC3", "offset": "0x1c"}, {"name": "CTRL", "offset": "0x30"}, {"name": "DMAREQ0", "offset": "0x34"}, {"name": "DMAREQ1", "offset": "0x38"}, {"name": "PEEK", "offset": "0x40"}, {"name": "CH0_CTRL", "offset": "0x50"}, {"name": "CH1_CTRL", "offset": "0x54"}, {"name": "CH2_CTRL", "offset": "0x58"}, {"name": "CH3_CTRL", "offset": "0x5c"}, {"name": "CH4_CTRL", "offset": "0x60"}, {"name": "CH5_CTRL", "offset": "0x64"}, {"name": "CH6_CTRL", "offset": "0x68"}, {"name": "CH7_CTRL", "offset": "0x6c"}, {"name": "CH8_CTRL", "offset": "0x70"}, {"name": "CH9_CTRL", "offset": "0x74"}, {"name": "CH10_CTRL", "offset": "0x78"}, {"name": "CH11_CTRL", "offset": "0x7c"}, {"name": "CH12_CTRL", "offset": "0x80"}, {"name": "CH13_CTRL", "offset": "0x84"}, {"name": "CH14_CTRL", "offset": "0x88"}, {"name": "CH15_CTRL", "offset": "0x8c"}]}, {"name": "LDMA", "start": "0x40002000", "end": "0x40002fff", "size": "0x1000", "comment": "", "registers": [{"name": "CTRL", "offset": "0x0"}, {"name": "STATUS", "offset": "0x4"}, {"name": "SYNC", "offset": "0x8"}, {"name": "CHEN", "offset": "0x20"}, {"name": "CHBUSY", "offset": "0x24"}, {"name": "CHDONE", "offset": "0x28"}, {"name": "DBGHALT", "offset": "0x2c"}, {"name": "SWREQ", "offset": "0x30"}, {"name": "REQDIS", "offset": "0x34"}, {"name": "REQPEND", "offset": "0x38"}, {"name": "LINKLOAD", "offset": "0x3c"}, {"name": "REQCLEAR", "offset": "0x40"}, {"name": "IF", "offset": "0x60"}, {"name": "IFS", "offset": "0x64"}, {"name": "IFC", "offset": "0x68"}, {"name": "IEN", "offset": "0x6c"}, {"name": "CH0_REQSEL", "offset": "0x80"}, {"name": "CH0_CFG", "offset": "0x84"}, {"name": "CH0_LOOP", "offset": "0x88"}, {"name": "CH0_CTRL", "offset": "0x8c"}, {"name": "CH0_SRC", "offset": "0x90"}, {"name": "CH0_DST", "offset": "0x94"}, {"name": "CH0_LINK", "offset": "0x98"}, {"name": "CH1_REQSEL", "offset": "0xb0"}, {"name": "CH1_CFG", "offset": "0xb4"}, {"name": "CH1_LOOP", "offset": "0xb8"}, {"name": "CH1_CTRL", "offset": "0xbc"}, {"name": "CH1_SRC", "offset": "0xc0"}, {"name": "CH1_DST", "offset": "0xc4"}, {"name": "CH1_LINK", "offset": "0xc8"}, {"name": "CH2_REQSEL", "offset": "0xe0"}, {"name": "CH2_CFG", "offset": "0xe4"}, {"name": "CH2_LOOP", "offset": "0xe8"}, {"name": "CH2_CTRL", "offset": "0xec"}, {"name": "CH2_SRC", "offset": "0xf0"}, {"name": "CH2_DST", "offset": "0xf4"}, {"name": "CH2_LINK", "offset": "0xf8"}, {"name": "CH3_REQSEL", "offset": "0x110"}, {"name": "CH3_CFG", "offset": "0x114"}, {"name": "CH3_LOOP", "offset": "0x118"}, {"name": "CH3_CTRL", "offset": "0x11c"}, {"name": "CH3_SRC", "offset": "0x120"}, {"name": "CH3_DST", "offset": "0x124"}, {"name": "CH3_LINK", "offset": "0x128"}, {"name": "CH4_REQSEL", "offset": "0x140"}, {"name": "CH4_CFG", "offset": "0x144"}, {"name": "CH4_LOOP", "offset": "0x148"}, {"name": "CH4_CTRL", "offset": "0x14c"}, {"name": "CH4_SRC", "offset": "0x150"}, {"name": "CH4_DST", "offset": "0x154"}, {"name": "CH4_LINK", "offset": "0x158"}, {"name": "CH5_REQSEL", "offset": "0x170"}, {"name": "CH5_CFG", "offset": "0x174"}, {"name": "CH5_LOOP", "offset": "0x178"}, {"name": "CH5_CTRL", "offset": "0x17c"}, {"name": "CH5_SRC", "offset": "0x180"}, {"name": "CH5_DST", "offset": "0x184"}, {"name": "CH5_LINK", "offset": "0x188"}, {"name": "CH6_REQSEL", "offset": "0x1a0"}, {"name": "CH6_CFG", "offset": "0x1a4"}, {"name": "CH6_LOOP", "offset": "0x1a8"}, {"name": "CH6_CTRL", "offset": "0x1ac"}, {"name": "CH6_SRC", "offset": "0x1b0"}, {"name": "CH6_DST", "offset": "0x1b4"}, {"name": "CH6_LINK", "offset": "0x1b8"}, {"name": "CH7_REQSEL", "offset": "0x1d0"}, {"name": "CH7_CFG", "offset": "0x1d4"}, {"name": "CH7_LOOP", "offset": "0x1d8"}, {"name": "CH7_CTRL", "offset": "0x1dc"}, {"name": "CH7_SRC", "offset": "0x1e0"}, {"name": "CH7_DST", "offset": "0x1e4"}, {"name": "CH7_LINK", "offset": "0x1e8"}, {"name": "CH8_REQSEL", "offset": "0x200"}, {"name": "CH8_CFG", "offset": "0x204"}, {"name": "CH8_LOOP", "offset": "0x208"}, {"name": "CH8_CTRL", "offset": "0x20c"}, {"name": "CH8_SRC", "offset": "0x210"}, {"name": "CH8_DST", "offset": "0x214"}, {"name": "CH8_LINK", "offset": "0x218"}, {"name": "CH9_REQSEL", "offset": "0x230"}, {"name": "CH9_CFG", "offset": "0x234"}, {"name": "CH9_LOOP", "offset": "0x238"}, {"name": "CH9_CTRL", "offset": "0x23c"}, {"name": "CH9_SRC", "offset": "0x240"}, {"name": "CH9_DST", "offset": "0x244"}, {"name": "CH9_LINK", "offset": "0x248"}, {"name": "CH10_REQSEL", "offset": "0x260"}, {"name": "CH10_CFG", "offset": "0x264"}, {"name": "CH10_LOOP", "offset": "0x268"}, {"name": "CH10_CTRL", "offset": "0x26c"}, {"name": "CH10_SRC", "offset": "0x270"}, {"name": "CH10_DST", "offset": "0x274"}, {"name": "CH10_LINK", "offset": "0x278"}, {"name": "CH11_REQSEL", "offset": "0x290"}, {"name": "CH11_CFG", "offset": "0x294"}, {"name": "CH11_LOOP", "offset": "0x298"}, {"name": "CH11_CTRL", "offset": "0x29c"}, {"name": "CH11_SRC", "offset": "0x2a0"}, {"name": "CH11_DST", "offset": "0x2a4"}, {"name": "CH11_LINK", "offset": "0x2a8"}]}, {"name": "FPUEH", "start": "0x40001000", "end": "0x400013ff", "size": "0x400", "comment": "", "registers": [{"name": "IF", "offset": "0x0"}, {"name": "IFS", "offset": "0x4"}, {"name": "IFC", "offset": "0x8"}, {"name": "IEN", "offset": "0xc"}]}, {"name": "GPCRC", "start": "0x4001c000", "end": "0x4001c3ff", "size": "0x400", "comment": "", "registers": [{"name": "CTRL", "offset": "0x0"}, {"name": "CMD", "offset": "0x4"}, {"name": "INIT", "offset": "0x8"}, {"name": "POLY", "offset": "0xc"}, {"name": "INPUTDATA", "offset": "0x10"}, {"name": "INPUTDATAHWORD", "offset": "0x14"}, {"name": "INPUTDATABYTE", "offset": "0x18"}, {"name": "DATA", "offset": "0x1c"}, {"name": "DATAREV", "offset": "0x20"}, {"name": "DATABYTEREV", "offset": "0x24"}]}, {"name": "CAN0", "start": "0x40004000", "end": "0x400043ff", "size": "0x400", "comment": "", "registers": [{"name": "CTRL", "offset": "0x0"}, {"name": "STATUS", "offset": "0x4"}, {"name": "ERRCNT", "offset": "0x8"}, {"name": "BITTIMING", "offset": "0xc"}, {"name": "INTID", "offset": "0x10"}, {"name": "TEST", "offset": "0x14"}, {"name": "BRPE", "offset": "0x18"}, {"name": "TRANSREQ", "offset": "0x1c"}, {"name": "MESSAGEDATA", "offset": "0x20"}, {"name": "MESSAGESTATE", "offset": "0x28"}, {"name": "CONFIG", "offset": "0x2c"}, {"name": "IF0IF", "offset": "0x30"}, {"name": "IF0IFS", "offset": "0x34"}, {"name": "IF0IFC", "offset": "0x38"}, {"name": "IF0IEN", "offset": "0x3c"}, {"name": "IF1IF", "offset": "0x40"}, {"name": "IF1IFS", "offset": "0x44"}, {"name": "IF1IFC", "offset": "0x48"}, {"name": "IF1IEN", "offset": "0x4c"}, {"name": "ROUTE", "offset": "0x50"}, {"name": "MIR0_CMDMASK", "offset": "0x60"}, {"name": "MIR0_MASK", "offset": "0x64"}, {"name": "MIR0_ARB", "offset": "0x68"}, {"name": "MIR0_CTRL", "offset": "0x6c"}, {"name": "MIR0_DATAL", "offset": "0x70"}, {"name": "MIR0_DATAH", "offset": "0x74"}, {"name": "MIR0_CMDREQ", "offset": "0x78"}, {"name": "MIR1_CMDMASK", "offset": "0x80"}, {"name": "MIR1_MASK", "offset": "0x84"}, {"name": "MIR1_ARB", "offset": "0x88"}, {"name": "MIR1_CTRL", "offset": "0x8c"}, {"name": "MIR1_DATAL", "offset": "0x90"}, {"name": "MIR1_DATAH", "offset": "0x94"}, {"name": "MIR1_CMDREQ", "offset": "0x98"}]}, {"name": "CAN1", "start": "0x40004400", "end": "0x400047ff", "size": "0x400", "comment": "", "registers": [{"name": "CTRL", "offset": "0x0"}, {"name": "STATUS", "offset": "0x4"}, {"name": "ERRCNT", "offset": "0x8"}, {"name": "BITTIMING", "offset": "0xc"}, {"name": "INTID", "offset": "0x10"}, {"name": "TEST", "offset": "0x14"}, {"name": "BRPE", "offset": "0x18"}, {"name": "TRANSREQ", "offset": "0x1c"}, {"name": "MESSAGEDATA", "offset": "0x20"}, {"name": "MESSAGESTATE", "offset": "0x28"}, {"name": "CONFIG", "offset": "0x2c"}, {"name": "IF0IF", "offset": "0x30"}, {"name": "IF0IFS", "offset": "0x34"}, {"name": "IF0IFC", "offset": "0x38"}, {"name": "IF0IEN", "offset": "0x3c"}, {"name": "IF1IF", "offset": "0x40"}, {"name": "IF1IFS", "offset": "0x44"}, {"name": "IF1IFC", "offset": "0x48"}, {"name": "IF1IEN", "offset": "0x4c"}, {"name": "ROUTE", "offset": "0x50"}, {"name": "MIR0_CMDMASK", "offset": "0x60"}, {"name": "MIR0_MASK", "offset": "0x64"}, {"name": "MIR0_ARB", "offset": "0x68"}, {"name": "MIR0_CTRL", "offset": "0x6c"}, {"name": "MIR0_DATAL", "offset": "0x70"}, {"name": "MIR0_DATAH", "offset": "0x74"}, {"name": "MIR0_CMDREQ", "offset": "0x78"}, {"name": "MIR1_CMDMASK", "offset": "0x80"}, {"name": "MIR1_MASK", "offset": "0x84"}, {"name": "MIR1_ARB", "offset": "0x88"}, {"name": "MIR1_CTRL", "offset": "0x8c"}, {"name": "MIR1_DATAL", "offset": "0x90"}, {"name": "MIR1_DATAH", "offset": "0x94"}, {"name": "MIR1_CMDREQ", "offset": "0x98"}]}, {"name": "TIMER0", "start": "0x40018000", "end": "0x400183ff", "size": "0x400", "comment": "", "registers": [{"name": "CTRL", "offset": "0x0"}, {"name": "CMD", "offset": "0x4"}, {"name": "STATUS", "offset": "0x8"}, {"name": "IF", "offset": "0xc"}, {"name": "IFS", "offset": "0x10"}, {"name": "IFC", "offset": "0x14"}, {"name": "IEN", "offset": "0x18"}, {"name": "TOP", "offset": "0x1c"}, {"name": "TOPB", "offset": "0x20"}, {"name": "CNT", "offset": "0x24"}, {"name": "LOCK", "offset": "0x2c"}, {"name": "ROUTEPEN", "offset": "0x30"}, {"name": "ROUTELOC0", "offset": "0x34"}, {"name": "ROUTELOC2", "offset": "0x3c"}, {"name": "CC0_CTRL", "offset": "0x60"}, {"name": "CC0_CCV", "offset": "0x64"}, {"name": "CC0_CCVP", "offset": "0x68"}, {"name": "CC0_CCVB", "offset": "0x6c"}, {"name": "CC1_CTRL", "offset": "0x70"}, {"name": "CC1_CCV", "offset": "0x74"}, {"name": "CC1_CCVP", "offset": "0x78"}, {"name": "CC1_CCVB", "offset": "0x7c"}, {"name": "CC2_CTRL", "offset": "0x80"}, {"name": "CC2_CCV", "offset": "0x84"}, {"name": "CC2_CCVP", "offset": "0x88"}, {"name": "CC2_CCVB", "offset": "0x8c"}, {"name": "CC3_CTRL", "offset": "0x90"}, {"name": "CC3_CCV", "offset": "0x94"}, {"name": "CC3_CCVP", "offset": "0x98"}, {"name": "CC3_CCVB", "offset": "0x9c"}, {"name": "DTCTRL", "offset": "0xa0"}, {"name": "DTTIME", "offset": "0xa4"}, {"name": "DTFC", "offset": "0xa8"}, {"name": "DTOGEN", "offset": "0xac"}, {"name": "DTFAULT", "offset": "0xb0"}, {"name": "DTFAULTC", "offset": "0xb4"}, {"name": "DTLOCK", "offset": "0xb8"}]}, {"name": "TIMER1", "start": "0x40018400", "end": "0x400187ff", "size": "0x400", "comment": "", "registers": [{"name": "CTRL", "offset": "0x0"}, {"name": "CMD", "offset": "0x4"}, {"name": "STATUS", "offset": "0x8"}, {"name": "IF", "offset": "0xc"}, {"name": "IFS", "offset": "0x10"}, {"name": "IFC", "offset": "0x14"}, {"name": "IEN", "offset": "0x18"}, {"name": "TOP", "offset": "0x1c"}, {"name": "TOPB", "offset": "0x20"}, {"name": "CNT", "offset": "0x24"}, {"name": "LOCK", "offset": "0x2c"}, {"name": "ROUTEPEN", "offset": "0x30"}, {"name": "ROUTELOC0", "offset": "0x34"}, {"name": "ROUTELOC2", "offset": "0x3c"}, {"name": "CC0_CTRL", "offset": "0x60"}, {"name": "CC0_CCV", "offset": "0x64"}, {"name": "CC0_CCVP", "offset": "0x68"}, {"name": "CC0_CCVB", "offset": "0x6c"}, {"name": "CC1_CTRL", "offset": "0x70"}, {"name": "CC1_CCV", "offset": "0x74"}, {"name": "CC1_CCVP", "offset": "0x78"}, {"name": "CC1_CCVB", "offset": "0x7c"}, {"name": "CC2_CTRL", "offset": "0x80"}, {"name": "CC2_CCV", "offset": "0x84"}, {"name": "CC2_CCVP", "offset": "0x88"}, {"name": "CC2_CCVB", "offset": "0x8c"}, {"name": "CC3_CTRL", "offset": "0x90"}, {"name": "CC3_CCV", "offset": "0x94"}, {"name": "CC3_CCVP", "offset": "0x98"}, {"name": "CC3_CCVB", "offset": "0x9c"}, {"name": "DTCTRL", "offset": "0xa0"}, {"name": "DTTIME", "offset": "0xa4"}, {"name": "DTFC", "offset": "0xa8"}, {"name": "DTOGEN", "offset": "0xac"}, {"name": "DTFAULT", "offset": "0xb0"}, {"name": "DTFAULTC", "offset": "0xb4"}, {"name": "DTLOCK", "offset": "0xb8"}]}, {"name": "TIMER2", "start": "0x40018800", "end": "0x40018bff", "size": "0x400", "comment": "", "registers": [{"name": "CTRL", "offset": "0x0"}, {"name": "CMD", "offset": "0x4"}, {"name": "STATUS", "offset": "0x8"}, {"name": "IF", "offset": "0xc"}, {"name": "IFS", "offset": "0x10"}, {"name": "IFC", "offset": "0x14"}, {"name": "IEN", "offset": "0x18"}, {"name": "TOP", "offset": "0x1c"}, {"name": "TOPB", "offset": "0x20"}, {"name": "CNT", "offset": "0x24"}, {"name": "LOCK", "offset": "0x2c"}, {"name": "ROUTEPEN", "offset": "0x30"}, {"name": "ROUTELOC0", "offset": "0x34"}, {"name": "ROUTELOC2", "offset": "0x3c"}, {"name": "CC0_CTRL", "offset": "0x60"}, {"name": "CC0_CCV", "offset": "0x64"}, {"name": "CC0_CCVP", "offset": "0x68"}, {"name": "CC0_CCVB", "offset": "0x6c"}, {"name": "CC1_CTRL", "offset": "0x70"}, {"name": "CC1_CCV", "offset": "0x74"}, {"name": "CC1_CCVP", "offset": "0x78"}, {"name": "CC1_CCVB", "offset": "0x7c"}, {"name": "CC2_CTRL", "offset": "0x80"}, {"name": "CC2_CCV", "offset": "0x84"}, {"name": "CC2_CCVP", "offset": "0x88"}, {"name": "CC2_CCVB", "offset": "0x8c"}, {"name": "CC3_CTRL", "offset": "0x90"}, {"name": "CC3_CCV", "offset": "0x94"}, {"name": "CC3_CCVP", "offset": "0x98"}, {"name": "CC3_CCVB", "offset": "0x9c"}, {"name": "DTCTRL", "offset": "0xa0"}, {"name": "DTTIME", "offset": "0xa4"}, {"name": "DTFC", "offset": "0xa8"}, {"name": "DTOGEN", "offset": "0xac"}, {"name": "DTFAULT", "offset": "0xb0"}, {"name": "DTFAULTC", "offset": "0xb4"}, {"name": "DTLOCK", "offset": "0xb8"}]}, {"name": "TIMER3", "start": "0x40018c00", "end": "0x40018fff", "size": "0x400", "comment": "", "registers": [{"name": "CTRL", "offset": "0x0"}, {"name": "CMD", "offset": "0x4"}, {"name": "STATUS", "offset": "0x8"}, {"name": "IF", "offset": "0xc"}, {"name": "IFS", "offset": "0x10"}, {"name": "IFC", "offset": "0x14"}, {"name": "IEN", "offset": "0x18"}, {"name": "TOP", "offset": "0x1c"}, {"name": "TOPB", "offset": "0x20"}, {"name": "CNT", "offset": "0x24"}, {"name": "LOCK", "offset": "0x2c"}, {"name": "ROUTEPEN", "offset": "0x30"}, {"name": "ROUTELOC0", "offset": "0x34"}, {"name": "ROUTELOC2", "offset": "0x3c"}, {"name": "CC0_CTRL", "offset": "0x60"}, {"name": "CC0_CCV", "offset": "0x64"}, {"name": "CC0_CCVP", "offset": "0x68"}, {"name": "CC0_CCVB", "offset": "0x6c"}, {"name": "CC1_CTRL", "offset": "0x70"}, {"name": "CC1_CCV", "offset": "0x74"}, {"name": "CC1_CCVP", "offset": "0x78"}, {"name": "CC1_CCVB", "offset": "0x7c"}, {"name": "CC2_CTRL", "offset": "0x80"}, {"name": "CC2_CCV", "offset": "0x84"}, {"name": "CC2_CCVP", "offset": "0x88"}, {"name": "CC2_CCVB", "offset": "0x8c"}, {"name": "CC3_CTRL", "offset": "0x90"}, {"name": "CC3_CCV", "offset": "0x94"}, {"name": "CC3_CCVP", "offset": "0x98"}, {"name": "CC3_CCVB", "offset": "0x9c"}, {"name": "DTCTRL", "offset": "0xa0"}, {"name": "DTTIME", "offset": "0xa4"}, {"name": "DTFC", "offset": "0xa8"}, {"name": "DTOGEN", "offset": "0xac"}, {"name": "DTFAULT", "offset": "0xb0"}, {"name": "DTFAULTC", "offset": "0xb4"}, {"name": "DTLOCK", "offset": "0xb8"}]}, {"name": "WTIMER0", "start": "0x4001a000", "end": "0x4001a3ff", "size": "0x400", "comment": "", "registers": [{"name": "CTRL", "offset": "0x0"}, {"name": "CMD", "offset": "0x4"}, {"name": "STATUS", "offset": "0x8"}, {"name": "IF", "offset": "0xc"}, {"name": "IFS", "offset": "0x10"}, {"name": "IFC", "offset": "0x14"}, {"name": "IEN", "offset": "0x18"}, {"name": "TOP", "offset": "0x1c"}, {"name": "TOPB", "offset": "0x20"}, {"name": "CNT", "offset": "0x24"}, {"name": "LOCK", "offset": "0x2c"}, {"name": "ROUTEPEN", "offset": "0x30"}, {"name": "ROUTELOC0", "offset": "0x34"}, {"name": "ROUTELOC2", "offset": "0x3c"}, {"name": "CC0_CTRL", "offset": "0x60"}, {"name": "CC0_CCV", "offset": "0x64"}, {"name": "CC0_CCVP", "offset": "0x68"}, {"name": "CC0_CCVB", "offset": "0x6c"}, {"name": "CC1_CTRL", "offset": "0x70"}, {"name": "CC1_CCV", "offset": "0x74"}, {"name": "CC1_CCVP", "offset": "0x78"}, {"name": "CC1_CCVB", "offset": "0x7c"}, {"name": "CC2_CTRL", "offset": "0x80"}, {"name": "CC2_CCV", "offset": "0x84"}, {"name": "CC2_CCVP", "offset": "0x88"}, {"name": "CC2_CCVB", "offset": "0x8c"}, {"name": "CC3_CTRL", "offset": "0x90"}, {"name": "CC3_CCV", "offset": "0x94"}, {"name": "CC3_CCVP", "offset": "0x98"}, {"name": "CC3_CCVB", "offset": "0x9c"}, {"name": "DTCTRL", "offset": "0xa0"}, {"name": "DTTIME", "offset": "0xa4"}, {"name": "DTFC", "offset": "0xa8"}, {"name": "DTOGEN", "offset": "0xac"}, {"name": "DTFAULT", "offset": "0xb0"}, {"name": "DTFAULTC", "offset": "0xb4"}, {"name": "DTLOCK", "offset": "0xb8"}]}, {"name": "WTIMER1", "start": "0x4001a400", "end": "0x4001a7ff", "size": "0x400", "comment": "", "registers": [{"name": "CTRL", "offset": "0x0"}, {"name": "CMD", "offset": "0x4"}, {"name": "STATUS", "offset": "0x8"}, {"name": "IF", "offset": "0xc"}, {"name": "IFS", "offset": "0x10"}, {"name": "IFC", "offset": "0x14"}, {"name": "IEN", "offset": "0x18"}, {"name": "TOP", "offset": "0x1c"}, {"name": "TOPB", "offset": "0x20"}, {"name": "CNT", "offset": "0x24"}, {"name": "LOCK", "offset": "0x2c"}, {"name": "ROUTEPEN", "offset": "0x30"}, {"name": "ROUTELOC0", "offset": "0x34"}, {"name": "ROUTELOC2", "offset": "0x3c"}, {"name": "CC0_CTRL", "offset": "0x60"}, {"name": "CC0_CCV", "offset": "0x64"}, {"name": "CC0_CCVP", "offset": "0x68"}, {"name": "CC0_CCVB", "offset": "0x6c"}, {"name": "CC1_CTRL", "offset": "0x70"}, {"name": "CC1_CCV", "offset": "0x74"}, {"name": "CC1_CCVP", "offset": "0x78"}, {"name": "CC1_CCVB", "offset": "0x7c"}, {"name": "CC2_CTRL", "offset": "0x80"}, {"name": "CC2_CCV", "offset": "0x84"}, {"name": "CC2_CCVP", "offset": "0x88"}, {"name": "CC2_CCVB", "offset": "0x8c"}, {"name": "CC3_CTRL", "offset": "0x90"}, {"name": "CC3_CCV", "offset": "0x94"}, {"name": "CC3_CCVP", "offset": "0x98"}, {"name": "CC3_CCVB", "offset": "0x9c"}, {"name": "DTCTRL", "offset": "0xa0"}, {"name": "DTTIME", "offset": "0xa4"}, {"name": "DTFC", "offset": "0xa8"}, {"name": "DTOGEN", "offset": "0xac"}, {"name": "DTFAULT", "offset": "0xb0"}, {"name": "DTFAULTC", "offset": "0xb4"}, {"name": "DTLOCK", "offset": "0xb8"}]}, {"name": "USART0", "start": "0x40010000", "end": "0x400103ff", "size": "0x400", "comment": "", "registers": [{"name": "CTRL", "offset": "0x0"}, {"name": "FRAME", "offset": "0x4"}, {"name": "TRIGCTRL", "offset": "0x8"}, {"name": "CMD", "offset": "0xc"}, {"name": "STATUS", "offset": "0x10"}, {"name": "CLKDIV", "offset": "0x14"}, {"name": "RXDATAX", "offset": "0x18"}, {"name": "RXDATA", "offset": "0x1c"}, {"name": "RXDOUBLEX", "offset": "0x20"}, {"name": "RXDOUBLE", "offset": "0x24"}, {"name": "RXDATAXP", "offset": "0x28"}, {"name": "RXDOUBLEXP", "offset": "0x2c"}, {"name": "TXDATAX", "offset": "0x30"}, {"name": "TXDATA", "offset": "0x34"}, {"name": "TXDOUBLEX", "offset": "0x38"}, {"name": "TXDOUBLE", "offset": "0x3c"}, {"name": "IF", "offset": "0x40"}, {"name": "IFS", "offset": "0x44"}, {"name": "IFC", "offset": "0x48"}, {"name": "IEN", "offset": "0x4c"}, {"name": "IRCTRL", "offset": "0x50"}, {"name": "INPUT", "offset": "0x58"}, {"name": "I2SCTRL", "offset": "0x5c"}, {"name": "TIMING", "offset": "0x60"}, {"name": "CTRLX", "offset": "0x64"}, {"name": "TIMECMP0", "offset": "0x68"}, {"name": "TIMECMP1", "offset": "0x6c"}, {"name": "TIMECMP2", "offset": "0x70"}, {"name": "ROUTEPEN", "offset": "0x74"}, {"name": "ROUTELOC0", "offset": "0x78"}, {"name": "ROUTELOC1", "offset": "0x7c"}]}, {"name": "USART1", "start": "0x40010400", "end": "0x400107ff", "size": "0x400", "comment": "", "registers": [{"name": "CTRL", "offset": "0x0"}, {"name": "FRAME", "offset": "0x4"}, {"name": "TRIGCTRL", "offset": "0x8"}, {"name": "CMD", "offset": "0xc"}, {"name": "STATUS", "offset": "0x10"}, {"name": "CLKDIV", "offset": "0x14"}, {"name": "RXDATAX", "offset": "0x18"}, {"name": "RXDATA", "offset": "0x1c"}, {"name": "RXDOUBLEX", "offset": "0x20"}, {"name": "RXDOUBLE", "offset": "0x24"}, {"name": "RXDATAXP", "offset": "0x28"}, {"name": "RXDOUBLEXP", "offset": "0x2c"}, {"name": "TXDATAX", "offset": "0x30"}, {"name": "TXDATA", "offset": "0x34"}, {"name": "TXDOUBLEX", "offset": "0x38"}, {"name": "TXDOUBLE", "offset": "0x3c"}, {"name": "IF", "offset": "0x40"}, {"name": "IFS", "offset": "0x44"}, {"name": "IFC", "offset": "0x48"}, {"name": "IEN", "offset": "0x4c"}, {"name": "IRCTRL", "offset": "0x50"}, {"name": "INPUT", "offset": "0x58"}, {"name": "I2SCTRL", "offset": "0x5c"}, {"name": "TIMING", "offset": "0x60"}, {"name": "CTRLX", "offset": "0x64"}, {"name": "TIMECMP0", "offset": "0x68"}, {"name": "TIMECMP1", "offset": "0x6c"}, {"name": "TIMECMP2", "offset": "0x70"}, {"name": "ROUTEPEN", "offset": "0x74"}, {"name": "ROUTELOC0", "offset": "0x78"}, {"name": "ROUTELOC1", "offset": "0x7c"}]}, {"name": "USART2", "start": "0x40010800", "end": "0x40010bff", "size": "0x400", "comment": "", "registers": [{"name": "CTRL", "offset": "0x0"}, {"name": "FRAME", "offset": "0x4"}, {"name": "TRIGCTRL", "offset": "0x8"}, {"name": "CMD", "offset": "0xc"}, {"name": "STATUS", "offset": "0x10"}, {"name": "CLKDIV", "offset": "0x14"}, {"name": "RXDATAX", "offset": "0x18"}, {"name": "RXDATA", "offset": "0x1c"}, {"name": "RXDOUBLEX", "offset": "0x20"}, {"name": "RXDOUBLE", "offset": "0x24"}, {"name": "RXDATAXP", "offset": "0x28"}, {"name": "RXDOUBLEXP", "offset": "0x2c"}, {"name": "TXDATAX", "offset": "0x30"}, {"name": "TXDATA", "offset": "0x34"}, {"name": "TXDOUBLEX", "offset": "0x38"}, {"name": "TXDOUBLE", "offset": "0x3c"}, {"name": "IF", "offset": "0x40"}, {"name": "IFS", "offset": "0x44"}, {"name": "IFC", "offset": "0x48"}, {"name": "IEN", "offset": "0x4c"}, {"name": "IRCTRL", "offset": "0x50"}, {"name": "INPUT", "offset": "0x58"}, {"name": "I2SCTRL", "offset": "0x5c"}, {"name": "TIMING", "offset": "0x60"}, {"name": "CTRLX", "offset": "0x64"}, {"name": "TIMECMP0", "offset": "0x68"}, {"name": "TIMECMP1", "offset": "0x6c"}, {"name": "TIMECMP2", "offset": "0x70"}, {"name": "ROUTEPEN", "offset": "0x74"}, {"name": "ROUTELOC0", "offset": "0x78"}, {"name": "ROUTELOC1", "offset": "0x7c"}]}, {"name": "USART3", "start": "0x40010c00", "end": "0x40010fff", "size": "0x400", "comment": "", "registers": [{"name": "CTRL", "offset": "0x0"}, {"name": "FRAME", "offset": "0x4"}, {"name": "TRIGCTRL", "offset": "0x8"}, {"name": "CMD", "offset": "0xc"}, {"name": "STATUS", "offset": "0x10"}, {"name": "CLKDIV", "offset": "0x14"}, {"name": "RXDATAX", "offset": "0x18"}, {"name": "RXDATA", "offset": "0x1c"}, {"name": "RXDOUBLEX", "offset": "0x20"}, {"name": "RXDOUBLE", "offset": "0x24"}, {"name": "RXDATAXP", "offset": "0x28"}, {"name": "RXDOUBLEXP", "offset": "0x2c"}, {"name": "TXDATAX", "offset": "0x30"}, {"name": "TXDATA", "offset": "0x34"}, {"name": "TXDOUBLEX", "offset": "0x38"}, {"name": "TXDOUBLE", "offset": "0x3c"}, {"name": "IF", "offset": "0x40"}, {"name": "IFS", "offset": "0x44"}, {"name": "IFC", "offset": "0x48"}, {"name": "IEN", "offset": "0x4c"}, {"name": "IRCTRL", "offset": "0x50"}, {"name": "INPUT", "offset": "0x58"}, {"name": "I2SCTRL", "offset": "0x5c"}, {"name": "TIMING", "offset": "0x60"}, {"name": "CTRLX", "offset": "0x64"}, {"name": "TIMECMP0", "offset": "0x68"}, {"name": "TIMECMP1", "offset": "0x6c"}, {"name": "TIMECMP2", "offset": "0x70"}, {"name": "ROUTEPEN", "offset": "0x74"}, {"name": "ROUTELOC0", "offset": "0x78"}, {"name": "ROUTELOC1", "offset": "0x7c"}]}, {"name": "USART4", "start": "0x40011000", "end": "0x400113ff", "size": "0x400", "comment": "", "registers": [{"name": "CTRL", "offset": "0x0"}, {"name": "FRAME", "offset": "0x4"}, {"name": "TRIGCTRL", "offset": "0x8"}, {"name": "CMD", "offset": "0xc"}, {"name": "STATUS", "offset": "0x10"}, {"name": "CLKDIV", "offset": "0x14"}, {"name": "RXDATAX", "offset": "0x18"}, {"name": "RXDATA", "offset": "0x1c"}, {"name": "RXDOUBLEX", "offset": "0x20"}, {"name": "RXDOUBLE", "offset": "0x24"}, {"name": "RXDATAXP", "offset": "0x28"}, {"name": "RXDOUBLEXP", "offset": "0x2c"}, {"name": "TXDATAX", "offset": "0x30"}, {"name": "TXDATA", "offset": "0x34"}, {"name": "TXDOUBLEX", "offset": "0x38"}, {"name": "TXDOUBLE", "offset": "0x3c"}, {"name": "IF", "offset": "0x40"}, {"name": "IFS", "offset": "0x44"}, {"name": "IFC", "offset": "0x48"}, {"name": "IEN", "offset": "0x4c"}, {"name": "IRCTRL", "offset": "0x50"}, {"name": "INPUT", "offset": "0x58"}, {"name": "I2SCTRL", "offset": "0x5c"}, {"name": "TIMING", "offset": "0x60"}, {"name": "CTRLX", "offset": "0x64"}, {"name": "TIMECMP0", "offset": "0x68"}, {"name": "TIMECMP1", "offset": "0x6c"}, {"name": "TIMECMP2", "offset": "0x70"}, {"name": "ROUTEPEN", "offset": "0x74"}, {"name": "ROUTELOC0", "offset": "0x78"}, {"name": "ROUTELOC1", "offset": "0x7c"}]}, {"name": "UART0", "start": "0x40014000", "end": "0x400143ff", "size": "0x400", "comment": "", "registers": [{"name": "CTRL", "offset": "0x0"}, {"name": "FRAME", "offset": "0x4"}, {"name": "TRIGCTRL", "offset": "0x8"}, {"name": "CMD", "offset": "0xc"}, {"name": "STATUS", "offset": "0x10"}, {"name": "CLKDIV", "offset": "0x14"}, {"name": "RXDATAX", "offset": "0x18"}, {"name": "RXDATA", "offset": "0x1c"}, {"name": "RXDOUBLEX", "offset": "0x20"}, {"name": "RXDOUBLE", "offset": "0x24"}, {"name": "RXDATAXP", "offset": "0x28"}, {"name": "RXDOUBLEXP", "offset": "0x2c"}, {"name": "TXDATAX", "offset": "0x30"}, {"name": "TXDATA", "offset": "0x34"}, {"name": "TXDOUBLEX", "offset": "0x38"}, {"name": "TXDOUBLE", "offset": "0x3c"}, {"name": "IF", "offset": "0x40"}, {"name": "IFS", "offset": "0x44"}, {"name": "IFC", "offset": "0x48"}, {"name": "IEN", "offset": "0x4c"}, {"name": "IRCTRL", "offset": "0x50"}, {"name": "INPUT", "offset": "0x58"}, {"name": "I2SCTRL", "offset": "0x5c"}, {"name": "TIMING", "offset": "0x60"}, {"name": "CTRLX", "offset": "0x64"}, {"name": "TIMECMP0", "offset": "0x68"}, {"name": "TIMECMP1", "offset": "0x6c"}, {"name": "TIMECMP2", "offset": "0x70"}, {"name": "ROUTEPEN", "offset": "0x74"}, {"name": "ROUTELOC0", "offset": "0x78"}, {"name": "ROUTELOC1", "offset": "0x7c"}]}, {"name": "UART1", "start": "0x40014400", "end": "0x400147ff", "size": "0x400", "comment": "", "registers": [{"name": "CTRL", "offset": "0x0"}, {"name": "FRAME", "offset": "0x4"}, {"name": "TRIGCTRL", "offset": "0x8"}, {"name": "CMD", "offset": "0xc"}, {"name": "STATUS", "offset": "0x10"}, {"name": "CLKDIV", "offset": "0x14"}, {"name": "RXDATAX", "offset": "0x18"}, {"name": "RXDATA", "offset": "0x1c"}, {"name": "RXDOUBLEX", "offset": "0x20"}, {"name": "RXDOUBLE", "offset": "0x24"}, {"name": "RXDATAXP", "offset": "0x28"}, {"name": "RXDOUBLEXP", "offset": "0x2c"}, {"name": "TXDATAX", "offset": "0x30"}, {"name": "TXDATA", "offset": "0x34"}, {"name": "TXDOUBLEX", "offset": "0x38"}, {"name": "TXDOUBLE", "offset": "0x3c"}, {"name": "IF", "offset": "0x40"}, {"name": "IFS", "offset": "0x44"}, {"name": "IFC", "offset": "0x48"}, {"name": "IEN", "offset": "0x4c"}, {"name": "IRCTRL", "offset": "0x50"}, {"name": "INPUT", "offset": "0x58"}, {"name": "I2SCTRL", "offset": "0x5c"}, {"name": "TIMING", "offset": "0x60"}, {"name": "CTRLX", "offset": "0x64"}, {"name": "TIMECMP0", "offset": "0x68"}, {"name": "TIMECMP1", "offset": "0x6c"}, {"name": "TIMECMP2", "offset": "0x70"}, {"name": "ROUTEPEN", "offset": "0x74"}, {"name": "ROUTELOC0", "offset": "0x78"}, {"name": "ROUTELOC1", "offset": "0x7c"}]}, {"name": "LEUART0", "start": "0x4006a000", "end": "0x4006a3ff", "size": "0x400", "comment": "", "registers": [{"name": "CTRL", "offset": "0x0"}, {"name": "CMD", "offset": "0x4"}, {"name": "STATUS", "offset": "0x8"}, {"name": "CLKDIV", "offset": "0xc"}, {"name": "STARTFRAME", "offset": "0x10"}, {"name": "SIGFRAME", "offset": "0x14"}, {"name": "RXDATAX", "offset": "0x18"}, {"name": "RXDATA", "offset": "0x1c"}, {"name": "RXDATAXP", "offset": "0x20"}, {"name": "TXDATAX", "offset": "0x24"}, {"name": "TXDATA", "offset": "0x28"}, {"name": "IF", "offset": "0x2c"}, {"name": "IFS", "offset": "0x30"}, {"name": "IFC", "offset": "0x34"}, {"name": "IEN", "offset": "0x38"}, {"name": "PULSECTRL", "offset": "0x3c"}, {"name": "FREEZE", "offset": "0x40"}, {"name": "SYNCBUSY", "offset": "0x44"}, {"name": "ROUTEPEN", "offset": "0x54"}, {"name": "ROUTELOC0", "offset": "0x58"}, {"name": "INPUT", "offset": "0x64"}]}, {"name": "LEUART1", "start": "0x4006a400", "end": "0x4006a7ff", "size": "0x400", "comment": "", "registers": [{"name": "CTRL", "offset": "0x0"}, {"name": "CMD", "offset": "0x4"}, {"name": "STATUS", "offset": "0x8"}, {"name": "CLKDIV", "offset": "0xc"}, {"name": "STARTFRAME", "offset": "0x10"}, {"name": "SIGFRAME", "offset": "0x14"}, {"name": "RXDATAX", "offset": "0x18"}, {"name": "RXDATA", "offset": "0x1c"}, {"name": "RXDATAXP", "offset": "0x20"}, {"name": "TXDATAX", "offset": "0x24"}, {"name": "TXDATA", "offset": "0x28"}, {"name": "IF", "offset": "0x2c"}, {"name": "IFS", "offset": "0x30"}, {"name": "IFC", "offset": "0x34"}, {"name": "IEN", "offset": "0x38"}, {"name": "PULSECTRL", "offset": "0x3c"}, {"name": "FREEZE", "offset": "0x40"}, {"name": "SYNCBUSY", "offset": "0x44"}, {"name": "ROUTEPEN", "offset": "0x54"}, {"name": "ROUTELOC0", "offset": "0x58"}, {"name": "INPUT", "offset": "0x64"}]}, {"name": "LETIMER0", "start": "0x40066000", "end": "0x400663ff", "size": "0x400", "comment": "", "registers": [{"name": "CTRL", "offset": "0x0"}, {"name": "CMD", "offset": "0x4"}, {"name": "STATUS", "offset": "0x8"}, {"name": "CNT", "offset": "0xc"}, {"name": "COMP0", "offset": "0x10"}, {"name": "COMP1", "offset": "0x14"}, {"name": "REP0", "offset": "0x18"}, {"name": "REP1", "offset": "0x1c"}, {"name": "IF", "offset": "0x20"}, {"name": "IFS", "offset": "0x24"}, {"name": "IFC", "offset": "0x28"}, {"name": "IEN", "offset": "0x2c"}, {"name": "SYNCBUSY", "offset": "0x34"}, {"name": "ROUTEPEN", "offset": "0x40"}, {"name": "ROUTELOC0", "offset": "0x44"}, {"name": "PRSSEL", "offset": "0x50"}]}, {"name": "LETIMER1", "start": "0x40066400", "end": "0x400667ff", "size": "0x400", "comment": "", "registers": [{"name": "CTRL", "offset": "0x0"}, {"name": "CMD", "offset": "0x4"}, {"name": "STATUS", "offset": "0x8"}, {"name": "CNT", "offset": "0xc"}, {"name": "COMP0", "offset": "0x10"}, {"name": "COMP1", "offset": "0x14"}, {"name": "REP0", "offset": "0x18"}, {"name": "REP1", "offset": "0x1c"}, {"name": "IF", "offset": "0x20"}, {"name": "IFS", "offset": "0x24"}, {"name": "IFC", "offset": "0x28"}, {"name": "IEN", "offset": "0x2c"}, {"name": "SYNCBUSY", "offset": "0x34"}, {"name": "ROUTEPEN", "offset": "0x40"}, {"name": "ROUTELOC0", "offset": "0x44"}, {"name": "PRSSEL", "offset": "0x50"}]}, {"name": "CRYOTIMER", "start": "0x4008f000", "end": "0x4008f3ff", "size": "0x400", "comment": "", "registers": [{"name": "CTRL", "offset": "0x0"}, {"name": "PERIODSEL", "offset": "0x4"}, {"name": "CNT", "offset": "0x8"}, {"name": "EM4WUEN", "offset": "0xc"}, {"name": "IF", "offset": "0x10"}, {"name": "IFS", "offset": "0x14"}, {"name": "IFC", "offset": "0x18"}, {"name": "IEN", "offset": "0x1c"}]}, {"name": "PCNT0", "start": "0x4006e000", "end": "0x4006e3ff", "size": "0x400", "comment": "", "registers": [{"name": "CTRL", "offset": "0x0"}, {"name": "CMD", "offset": "0x4"}, {"name": "STATUS", "offset": "0x8"}, {"name": "CNT", "offset": "0xc"}, {"name": "TOP", "offset": "0x10"}, {"name": "TOPB", "offset": "0x14"}, {"name": "IF", "offset": "0x18"}, {"name": "IFS", "offset": "0x1c"}, {"name": "IFC", "offset": "0x20"}, {"name": "IEN", "offset": "0x24"}, {"name": "ROUTELOC0", "offset": "0x2c"}, {"name": "FREEZE", "offset": "0x40"}, {"name": "SYNCBUSY", "offset": "0x44"}, {"name": "AUXCNT", "offset": "0x64"}, {"name": "INPUT", "offset": "0x68"}, {"name": "OVSCFG", "offset": "0x6c"}]}, {"name": "PCNT1", "start": "0x4006e400", "end": "0x4006e7ff", "size": "0x400", "comment": "", "registers": [{"name": "CTRL", "offset": "0x0"}, {"name": "CMD", "offset": "0x4"}, {"name": "STATUS", "offset": "0x8"}, {"name": "CNT", "offset": "0xc"}, {"name": "TOP", "offset": "0x10"}, {"name": "TOPB", "offset": "0x14"}, {"name": "IF", "offset": "0x18"}, {"name": "IFS", "offset": "0x1c"}, {"name": "IFC", "offset": "0x20"}, {"name": "IEN", "offset": "0x24"}, {"name": "ROUTELOC0", "offset": "0x2c"}, {"name": "FREEZE", "offset": "0x40"}, {"name": "SYNCBUSY", "offset": "0x44"}, {"name": "AUXCNT", "offset": "0x64"}, {"name": "INPUT", "offset": "0x68"}, {"name": "OVSCFG", "offset": "0x6c"}]}, {"name": "PCNT2", "start": "0x4006e800", "end": "0x4006ebff", "size": "0x400", "comment": "", "registers": [{"name": "CTRL", "offset": "0x0"}, {"name": "CMD", "offset": "0x4"}, {"name": "STATUS", "offset": "0x8"}, {"name": "CNT", "offset": "0xc"}, {"name": "TOP", "offset": "0x10"}, {"name": "TOPB", "offset": "0x14"}, {"name": "IF", "offset": "0x18"}, {"name": "IFS", "offset": "0x1c"}, {"name": "IFC", "offset": "0x20"}, {"name": "IEN", "offset": "0x24"}, {"name": "ROUTELOC0", "offset": "0x2c"}, {"name": "FREEZE", "offset": "0x40"}, {"name": "SYNCBUSY", "offset": "0x44"}, {"name": "AUXCNT", "offset": "0x64"}, {"name": "INPUT", "offset": "0x68"}, {"name": "OVSCFG", "offset": "0x6c"}]}, {"name": "I2C0", "start": "0x40089000", "end": "0x400893ff", "size": "0x400", "comment": "", "registers": [{"name": "CTRL", "offset": "0x0"}, {"name": "CMD", "offset": "0x4"}, {"name": "STATE", "offset": "0x8"}, {"name": "STATUS", "offset": "0xc"}, {"name": "CLKDIV", "offset": "0x10"}, {"name": "SADDR", "offset": "0x14"}, {"name": "SADDRMASK", "offset": "0x18"}, {"name": "RXDATA", "offset": "0x1c"}, {"name": "RXDOUBLE", "offset": "0x20"}, {"name": "RXDATAP", "offset": "0x24"}, {"name": "RXDOUBLEP", "offset": "0x28"}, {"name": "TXDATA", "offset": "0x2c"}, {"name": "TXDOUBLE", "offset": "0x30"}, {"name": "IF", "offset": "0x34"}, {"name": "IFS", "offset": "0x38"}, {"name": "IFC", "offset": "0x3c"}, {"name": "IEN", "offset": "0x40"}, {"name": "ROUTEPEN", "offset": "0x44"}, {"name": "ROUTELOC0", "offset": "0x48"}]}, {"name": "I2C1", "start": "0x40089400", "end": "0x400897ff", "size": "0x400", "comment": "", "registers": [{"name": "CTRL", "offset": "0x0"}, {"name": "CMD", "offset": "0x4"}, {"name": "STATE", "offset": "0x8"}, {"name": "STATUS", "offset": "0xc"}, {"name": "CLKDIV", "offset": "0x10"}, {"name": "SADDR", "offset": "0x14"}, {"name": "SADDRMASK", "offset": "0x18"}, {"name": "RXDATA", "offset": "0x1c"}, {"name": "RXDOUBLE", "offset": "0x20"}, {"name": "RXDATAP", "offset": "0x24"}, {"name": "RXDOUBLEP", "offset": "0x28"}, {"name": "TXDATA", "offset": "0x2c"}, {"name": "TXDOUBLE", "offset": "0x30"}, {"name": "IF", "offset": "0x34"}, {"name": "IFS", "offset": "0x38"}, {"name": "IFC", "offset": "0x3c"}, {"name": "IEN", "offset": "0x40"}, {"name": "ROUTEPEN", "offset": "0x44"}, {"name": "ROUTELOC0", "offset": "0x48"}]}, {"name": "ADC0", "start": "0x40082000", "end": "0x400823ff", "size": "0x400", "comment": "", "registers": [{"name": "CTRL", "offset": "0x0"}, {"name": "CMD", "offset": "0x8"}, {"name": "STATUS", "offset": "0xc"}, {"name": "SINGLECTRL", "offset": "0x10"}, {"name": "SINGLECTRLX", "offset": "0x14"}, {"name": "SCANCTRL", "offset": "0x18"}, {"name": "SCANCTRLX", "offset": "0x1c"}, {"name": "SCANMASK", "offset": "0x20"}, {"name": "SCANINPUTSEL", "offset": "0x24"}, {"name": "SCANNEGSEL", "offset": "0x28"}, {"name": "CMPTHR", "offset": "0x2c"}, {"name": "BIASPROG", "offset": "0x30"}, {"name": "CAL", "offset": "0x34"}, {"name": "IF", "offset": "0x38"}, {"name": "IFS", "offset": "0x3c"}, {"name": "IFC", "offset": "0x40"}, {"name": "IEN", "offset": "0x44"}, {"name": "SINGLEDATA", "offset": "0x48"}, {"name": "SCANDATA", "offset": "0x4c"}, {"name": "SINGLEDATAP", "offset": "0x50"}, {"name": "SCANDATAP", "offset": "0x54"}, {"name": "SCANDATAX", "offset": "0x68"}, {"name": "SCANDATAXP", "offset": "0x6c"}, {"name": "APORTREQ", "offset": "0x7c"}, {"name": "APORTCONFLICT", "offset": "0x80"}, {"name": "SINGLEFIFOCOUNT", "offset": "0x84"}, {"name": "SCANFIFOCOUNT", "offset": "0x88"}, {"name": "SINGLEFIFOCLEAR", "offset": "0x8c"}, {"name": "SCANFIFOCLEAR", "offset": "0x90"}, {"name": "APORTMASTERDIS", "offset": "0x94"}]}, {"name": "ADC1", "start": "0x40082400", "end": "0x400827ff", "size": "0x400", "comment": "", "registers": [{"name": "CTRL", "offset": "0x0"}, {"name": "CMD", "offset": "0x8"}, {"name": "STATUS", "offset": "0xc"}, {"name": "SINGLECTRL", "offset": "0x10"}, {"name": "SINGLECTRLX", "offset": "0x14"}, {"name": "SCANCTRL", "offset": "0x18"}, {"name": "SCANCTRLX", "offset": "0x1c"}, {"name": "SCANMASK", "offset": "0x20"}, {"name": "SCANINPUTSEL", "offset": "0x24"}, {"name": "SCANNEGSEL", "offset": "0x28"}, {"name": "CMPTHR", "offset": "0x2c"}, {"name": "BIASPROG", "offset": "0x30"}, {"name": "CAL", "offset": "0x34"}, {"name": "IF", "offset": "0x38"}, {"name": "IFS", "offset": "0x3c"}, {"name": "IFC", "offset": "0x40"}, {"name": "IEN", "offset": "0x44"}, {"name": "SINGLEDATA", "offset": "0x48"}, {"name": "SCANDATA", "offset": "0x4c"}, {"name": "SINGLEDATAP", "offset": "0x50"}, {"name": "SCANDATAP", "offset": "0x54"}, {"name": "SCANDATAX", "offset": "0x68"}, {"name": "SCANDATAXP", "offset": "0x6c"}, {"name": "APORTREQ", "offset": "0x7c"}, {"name": "APORTCONFLICT", "offset": "0x80"}, {"name": "SINGLEFIFOCOUNT", "offset": "0x84"}, {"name": "SCANFIFOCOUNT", "offset": "0x88"}, {"name": "SINGLEFIFOCLEAR", "offset": "0x8c"}, {"name": "SCANFIFOCLEAR", "offset": "0x90"}, {"name": "APORTMASTERDIS", "offset": "0x94"}]}, {"name": "ACMP0", "start": "0x40080000", "end": "0x400803ff", "size": "0x400", "comment": "", "registers": [{"name": "CTRL", "offset": "0x0"}, {"name": "INPUTSEL", "offset": "0x4"}, {"name": "STATUS", "offset": "0x8"}, {"name": "IF", "offset": "0xc"}, {"name": "IFS", "offset": "0x10"}, {"name": "IFC", "offset": "0x14"}, {"name": "IEN", "offset": "0x18"}, {"name": "APORTREQ", "offset": "0x20"}, {"name": "APORTCONFLICT", "offset": "0x24"}, {"name": "HYSTERESIS0", "offset": "0x28"}, {"name": "HYSTERESIS1", "offset": "0x2c"}, {"name": "ROUTEPEN", "offset": "0x40"}, {"name": "ROUTELOC0", "offset": "0x44"}, {"name": "EXTIFCTRL", "offset": "0x48"}]}, {"name": "ACMP1", "start": "0x40080400", "end": "0x400807ff", "size": "0x400", "comment": "", "registers": [{"name": "CTRL", "offset": "0x0"}, {"name": "INPUTSEL", "offset": "0x4"}, {"name": "STATUS", "offset": "0x8"}, {"name": "IF", "offset": "0xc"}, {"name": "IFS", "offset": "0x10"}, {"name": "IFC", "offset": "0x14"}, {"name": "IEN", "offset": "0x18"}, {"name": "APORTREQ", "offset": "0x20"}, {"name": "APORTCONFLICT", "offset": "0x24"}, {"name": "HYSTERESIS0", "offset": "0x28"}, {"name": "HYSTERESIS1", "offset": "0x2c"}, {"name": "ROUTEPEN", "offset": "0x40"}, {"name": "ROUTELOC0", "offset": "0x44"}, {"name": "EXTIFCTRL", "offset": "0x48"}]}, {"name": "ACMP2", "start": "0x40080800", "end": "0x40080bff", "size": "0x400", "comment": "", "registers": [{"name": "CTRL", "offset": "0x0"}, {"name": "INPUTSEL", "offset": "0x4"}, {"name": "STATUS", "offset": "0x8"}, {"name": "IF", "offset": "0xc"}, {"name": "IFS", "offset": "0x10"}, {"name": "IFC", "offset": "0x14"}, {"name": "IEN", "offset": "0x18"}, {"name": "APORTREQ", "offset": "0x20"}, {"name": "APORTCONFLICT", "offset": "0x24"}, {"name": "HYSTERESIS0", "offset": "0x28"}, {"name": "HYSTERESIS1", "offset": "0x2c"}, {"name": "ROUTEPEN", "offset": "0x40"}, {"name": "ROUTELOC0", "offset": "0x44"}, {"name": "EXTIFCTRL", "offset": "0x48"}]}, {"name": "VDAC0", "start": "0x40086000", "end": "0x400863ff", "size": "0x400", "comment": "", "registers": [{"name": "CTRL", "offset": "0x0"}, {"name": "STATUS", "offset": "0x4"}, {"name": "CH0CTRL", "offset": "0x8"}, {"name": "CH1CTRL", "offset": "0xc"}, {"name": "CMD", "offset": "0x10"}, {"name": "IF", "offset": "0x14"}, {"name": "IFS", "offset": "0x18"}, {"name": "IFC", "offset": "0x1c"}, {"name": "IEN", "offset": "0x20"}, {"name": "CH0DATA", "offset": "0x24"}, {"name": "CH1DATA", "offset": "0x28"}, {"name": "COMBDATA", "offset": "0x2c"}, {"name": "CAL", "offset": "0x30"}, {"name": "OPA0_APORTREQ", "offset": "0xa0"}, {"name": "OPA0_APORTCONFLICT", "offset": "0xa4"}, {"name": "OPA0_CTRL", "offset": "0xa8"}, {"name": "OPA0_TIMER", "offset": "0xac"}, {"name": "OPA0_MUX", "offset": "0xb0"}, {"name": "OPA0_OUT", "offset": "0xb4"}, {"name": "OPA0_CAL", "offset": "0xb8"}, {"name": "OPA1_APORTREQ", "offset": "0xc0"}, {"name": "OPA1_APORTCONFLICT", "offset": "0xc4"}, {"name": "OPA1_CTRL", "offset": "0xc8"}, {"name": "OPA1_TIMER", "offset": "0xcc"}, {"name": "OPA1_MUX", "offset": "0xd0"}, {"name": "OPA1_OUT", "offset": "0xd4"}, {"name": "OPA1_CAL", "offset": "0xd8"}, {"name": "OPA2_APORTREQ", "offset": "0xe0"}, {"name": "OPA2_APORTCONFLICT", "offset": "0xe4"}, {"name": "OPA2_CTRL", "offset": "0xe8"}, {"name": "OPA2_TIMER", "offset": "0xec"}, {"name": "OPA2_MUX", "offset": "0xf0"}, {"name": "OPA2_OUT", "offset": "0xf4"}, {"name": "OPA2_CAL", "offset": "0xf8"}, {"name": "OPA3_APORTREQ", "offset": "0x100"}, {"name": "OPA3_APORTCONFLICT", "offset": "0x104"}, {"name": "OPA3_CTRL", "offset": "0x108"}, {"name": "OPA3_TIMER", "offset": "0x10c"}, {"name": "OPA3_MUX", "offset": "0x110"}, {"name": "OPA3_OUT", "offset": "0x114"}, {"name": "OPA3_CAL", "offset": "0x118"}]}, {"name": "IDAC0", "start": "0x40084000", "end": "0x400843ff", "size": "0x400", "comment": "", "registers": [{"name": "CTRL", "offset": "0x0"}, {"name": "CURPROG", "offset": "0x4"}, {"name": "DUTYCONFIG", "offset": "0xc"}, {"name": "STATUS", "offset": "0x18"}, {"name": "IF", "offset": "0x20"}, {"name": "IFS", "offset": "0x24"}, {"name": "IFC", "offset": "0x28"}, {"name": "IEN", "offset": "0x2c"}, {"name": "APORTREQ", "offset": "0x34"}, {"name": "APORTCONFLICT", "offset": "0x38"}]}, {"name": "CSEN", "start": "0x4008e000", "end": "0x4008e3ff", "size": "0x400", "comment": "", "registers": [{"name": "CTRL", "offset": "0x0"}, {"name": "TIMCTRL", "offset": "0x4"}, {"name": "CMD", "offset": "0x8"}, {"name": "STATUS", "offset": "0xc"}, {"name": "PRSSEL", "offset": "0x10"}, {"name": "DATA", "offset": "0x14"}, {"name": "SCANMASK0", "offset": "0x18"}, {"name": "SCANINPUTSEL0", "offset": "0x1c"}, {"name": "SCANMASK1", "offset": "0x20"}, {"name": "SCANINPUTSEL1", "offset": "0x24"}, {"name": "APORTREQ", "offset": "0x28"}, {"name": "APORTCONFLICT", "offset": "0x2c"}, {"name": "CMPTHR", "offset": "0x30"}, {"name": "EMA", "offset": "0x34"}, {"name": "EMACTRL", "offset": "0x38"}, {"name": "SINGLECTRL", "offset": "0x3c"}, {"name": "DMBASELINE", "offset": "0x40"}, {"name": "DMCFG", "offset": "0x44"}, {"name": "ANACTRL", "offset": "0x48"}, {"name": "IF", "offset": "0x54"}, {"name": "IFS", "offset": "0x58"}, {"name": "IFC", "offset": "0x5c"}, {"name": "IEN", "offset": "0x60"}]}, {"name": "RTC", "start": "0x40060000", "end": "0x400603ff", "size": "0x400", "comment": "", "registers": [{"name": "CTRL", "offset": "0x0"}, {"name": "CNT", "offset": "0x4"}, {"name": "IF", "offset": "0x8"}, {"name": "IFS", "offset": "0xc"}, {"name": "IFC", "offset": "0x10"}, {"name": "IEN", "offset": "0x14"}, {"name": "COMPA_COMP", "offset": "0x20"}, {"name": "COMPB_COMP", "offset": "0x24"}, {"name": "COMPC_COMP", "offset": "0x28"}, {"name": "COMPD_COMP", "offset": "0x2c"}, {"name": "COMPE_COMP", "offset": "0x30"}, {"name": "COMPF_COMP", "offset": "0x34"}]}, {"name": "RTCC", "start": "0x40062000", "end": "0x400623ff", "size": "0x400", "comment": "", "registers": [{"name": "CTRL", "offset": "0x0"}, {"name": "PRECNT", "offset": "0x4"}, {"name": "CNT", "offset": "0x8"}, {"name": "COMBCNT", "offset": "0xc"}, {"name": "TIME", "offset": "0x10"}, {"name": "DATE", "offset": "0x14"}, {"name": "IF", "offset": "0x18"}, {"name": "IFS", "offset": "0x1c"}, {"name": "IFC", "offset": "0x20"}, {"name": "IEN", "offset": "0x24"}, {"name": "STATUS", "offset": "0x28"}, {"name": "CMD", "offset": "0x2c"}, {"name": "SYNCBUSY", "offset": "0x30"}, {"name": "POWERDOWN", "offset": "0x34"}, {"name": "LOCK", "offset": "0x38"}, {"name": "EM4WUEN", "offset": "0x3c"}, {"name": "CC0_CTRL", "offset": "0x40"}, {"name": "CC0_CCV", "offset": "0x44"}, {"name": "CC0_TIME", "offset": "0x48"}, {"name": "CC0_DATE", "offset": "0x4c"}, {"name": "CC1_CTRL", "offset": "0x50"}, {"name": "CC1_CCV", "offset": "0x54"}, {"name": "CC1_TIME", "offset": "0x58"}, {"name": "CC1_DATE", "offset": "0x5c"}, {"name": "CC2_CTRL", "offset": "0x60"}, {"name": "CC2_CCV", "offset": "0x64"}, {"name": "CC2_TIME", "offset": "0x68"}, {"name": "CC2_DATE", "offset": "0x6c"}, {"name": "RET0_REG", "offset": "0x104"}, {"name": "RET1_REG", "offset": "0x108"}, {"name": "RET2_REG", "offset": "0x10c"}, {"name": "RET3_REG", "offset": "0x110"}, {"name": "RET4_REG", "offset": "0x114"}, {"name": "RET5_REG", "offset": "0x118"}, {"name": "RET6_REG", "offset": "0x11c"}, {"name": "RET7_REG", "offset": "0x120"}, {"name": "RET8_REG", "offset": "0x124"}, {"name": "RET9_REG", "offset": "0x128"}, {"name": "RET10_REG", "offset": "0x12c"}, {"name": "RET11_REG", "offset": "0x130"}, {"name": "RET12_REG", "offset": "0x134"}, {"name": "RET13_REG", "offset": "0x138"}, {"name": "RET14_REG", "offset": "0x13c"}, {"name": "RET15_REG", "offset": "0x140"}, {"name": "RET16_REG", "offset": "0x144"}, {"name": "RET17_REG", "offset": "0x148"}, {"name": "RET18_REG", "offset": "0x14c"}, {"name": "RET19_REG", "offset": "0x150"}, {"name": "RET20_REG", "offset": "0x154"}, {"name": "RET21_REG", "offset": "0x158"}, {"name": "RET22_REG", "offset": "0x15c"}, {"name": "RET23_REG", "offset": "0x160"}, {"name": "RET24_REG", "offset": "0x164"}, {"name": "RET25_REG", "offset": "0x168"}, {"name": "RET26_REG", "offset": "0x16c"}, {"name": "RET27_REG", "offset": "0x170"}, {"name": "RET28_REG", "offset": "0x174"}, {"name": "RET29_REG", "offset": "0x178"}, {"name": "RET30_REG", "offset": "0x17c"}, {"name": "RET31_REG", "offset": "0x180"}]}, {"name": "WDOG0", "start": "0x40052000", "end": "0x400523ff", "size": "0x400", "comment": "", "registers": [{"name": "CTRL", "offset": "0x0"}, {"name": "CMD", "offset": "0x4"}, {"name": "SYNCBUSY", "offset": "0x8"}, {"name": "PCH0_PRSCTRL", "offset": "0xc"}, {"name": "PCH1_PRSCTRL", "offset": "0x10"}, {"name": "IF", "offset": "0x1c"}, {"name": "IFS", "offset": "0x20"}, {"name": "IFC", "offset": "0x24"}, {"name": "IEN", "offset": "0x28"}]}, {"name": "WDOG1", "start": "0x40052400", "end": "0x400527ff", "size": "0x400", "comment": "", "registers": [{"name": "CTRL", "offset": "0x0"}, {"name": "CMD", "offset": "0x4"}, {"name": "SYNCBUSY", "offset": "0x8"}, {"name": "PCH0_PRSCTRL", "offset": "0xc"}, {"name": "PCH1_PRSCTRL", "offset": "0x10"}, {"name": "IF", "offset": "0x1c"}, {"name": "IFS", "offset": "0x20"}, {"name": "IFC", "offset": "0x24"}, {"name": "IEN", "offset": "0x28"}]}, {"name": "ETM", "start": "0xe0041000", "end": "0xe0080fff", "size": "0x40000", "comment": "", "registers": [{"name": "ETMCR", "offset": "0x0"}, {"name": "ETMCCR", "offset": "0x4"}, {"name": "ETMTRIGGER", "offset": "0x8"}, {"name": "ETMSR", "offset": "0x10"}, {"name": "ETMSCR", "offset": "0x14"}, {"name": "ETMTEEVR", "offset": "0x20"}, {"name": "ETMTECR1", "offset": "0x24"}, {"name": "ETMFFLR", "offset": "0x2c"}, {"name": "ETMCNTRLDVR1", "offset": "0x140"}, {"name": "ETMSYNCFR", "offset": "0x1e0"}, {"name": "ETMIDR", "offset": "0x1e4"}, {"name": "ETMCCER", "offset": "0x1e8"}, {"name": "ETMTESSEICR", "offset": "0x1f0"}, {"name": "ETMTSEVR", "offset": "0x1f8"}, {"name": "ETMTRACEIDR", "offset": "0x200"}, {"name": "ETMIDR2", "offset": "0x208"}, {"name": "ETMPDSR", "offset": "0x314"}, {"name": "ETMISCIN", "offset": "0xee0"}, {"name": "ITTRIGOUT", "offset": "0xee8"}, {"name": "ETMITATBCTR2", "offset": "0xef0"}, {"name": "ETMITATBCTR0", "offset": "0xef8"}, {"name": "ETMITCTRL", "offset": "0xf00"}, {"name": "ETMCLAIMSET", "offset": "0xfa0"}, {"name": "ETMCLAIMCLR", "offset": "0xfa4"}, {"name": "ETMLAR", "offset": "0xfb0"}, {"name": "ETMLSR", "offset": "0xfb4"}, {"name": "ETMAUTHSTATUS", "offset": "0xfb8"}, {"name": "ETMDEVTYPE", "offset": "0xfcc"}, {"name": "ETMPIDR4", "offset": "0xfd0"}, {"name": "ETMPIDR5", "offset": "0xfd4"}, {"name": "ETMPIDR6", "offset": "0xfd8"}, {"name": "ETMPIDR7", "offset": "0xfdc"}, {"name": "ETMPIDR0", "offset": "0xfe0"}, {"name": "ETMPIDR1", "offset": "0xfe4"}, {"name": "ETMPIDR2", "offset": "0xfe8"}, {"name": "ETMPIDR3", "offset": "0xfec"}, {"name": "ETMCIDR0", "offset": "0xff0"}, {"name": "ETMCIDR1", "offset": "0xff4"}, {"name": "ETMCIDR2", "offset": "0xff8"}, {"name": "ETMCIDR3", "offset": "0xffc"}]}, {"name": "SMU", "start": "0x40020000", "end": "0x400203ff", "size": "0x400", "comment": "", "registers": [{"name": "IF", "offset": "0xc"}, {"name": "IFS", "offset": "0x10"}, {"name": "IFC", "offset": "0x14"}, {"name": "IEN", "offset": "0x18"}, {"name": "PPUCTRL", "offset": "0x40"}, {"name": "PPUPATD0", "offset": "0x50"}, {"name": "PPUPATD1", "offset": "0x54"}, {"name": "PPUPATD2", "offset": "0x58"}, {"name": "PPUFS", "offset": "0x90"}]}, {"name": "TRNG0", "start": "0x4001d000", "end": "0x4001d3ff", "size": "0x400", "comment": "", "registers": [{"name": "CONTROL", "offset": "0x0"}, {"name": "FIFOLEVEL", "offset": "0x4"}, {"name": "FIFODEPTH", "offset": "0xc"}, {"name": "KEY0", "offset": "0x10"}, {"name": "KEY1", "offset": "0x14"}, {"name": "KEY2", "offset": "0x18"}, {"name": "KEY3", "offset": "0x1c"}, {"name": "TESTDATA", "offset": "0x20"}, {"name": "STATUS", "offset": "0x30"}, {"name": "INITWAITVAL", "offset": "0x34"}, {"name": "FIFO", "offset": "0x100"}, {"name": "CORECLKCONTROL", "offset": "0x300"}]}], "vector_table": [{"name": "StackPointer_Value", "value": -1, "addr": "0x0", "comment": "Stack pointer initial value"}, {"name": "Reset", "value": -1, "addr": "0x4", "comment": "Priority: -3"}, {"name": "NMI", "value": -1, "addr": "0x8", "comment": "Priority: -2"}, {"name": "HardFault", "value": -1, "addr": "0xc", "comment": "Priority: -1"}, {"name": "SVCall", "value": -1, "addr": "0x2c", "comment": "Priority: 3"}, {"name": "PendSV", "value": -1, "addr": "0x38", "comment": "Priority: 5"}, {"name": "SysTick", "value": -1, "addr": "0x3c", "comment": "Priority: 6"}, {"name": "EMU", "value": 0, "comment": "", "addr": "0x40"}, {"name": "WDOG0", "value": 1, "comment": "", "addr": "0x44"}, {"name": "LDMA", "value": 2, "comment": "", "addr": "0x48"}, {"name": "GPIO_EVEN", "value": 3, "comment": "", "addr": "0x4c"}, {"name": "SMU", "value": 4, "comment": "", "addr": "0x50"}, {"name": "TIMER0", "value": 5, "comment": "", "addr": "0x54"}, {"name": "USART0_RX", "value": 6, "comment": "", "addr": "0x58"}, {"name": "USART0_TX", "value": 7, "comment": "", "addr": "0x5c"}, {"name": "ACMP0", "value": 8, "comment": "", "addr": "0x60"}, {"name": "ACMP0", "value": 8, "comment": "", "addr": "0x60"}, {"name": "ADC0", "value": 9, "comment": "", "addr": "0x64"}, {"name": "IDAC0", "value": 10, "comment": "", "addr": "0x68"}, {"name": "I2C0", "value": 11, "comment": "", "addr": "0x6c"}, {"name": "I2C1", "value": 12, "comment": "", "addr": "0x70"}, {"name": "GPIO_ODD", "value": 13, "comment": "", "addr": "0x74"}, {"name": "TIMER1", "value": 14, "comment": "", "addr": "0x78"}, {"name": "TIMER2", "value": 15, "comment": "", "addr": "0x7c"}, {"name": "TIMER3", "value": 16, "comment": "", "addr": "0x80"}, {"name": "USART1_RX", "value": 17, "comment": "", "addr": "0x84"}, {"name": "USART1_TX", "value": 18, "comment": "", "addr": "0x88"}, {"name": "USART2_RX", "value": 19, "comment": "", "addr": "0x8c"}, {"name": "USART2_TX", "value": 20, "comment": "", "addr": "0x90"}, {"name": "UART0_RX", "value": 21, "comment": "", "addr": "0x94"}, {"name": "UART0_TX", "value": 22, "comment": "", "addr": "0x98"}, {"name": "UART1_RX", "value": 23, "comment": "", "addr": "0x9c"}, {"name": "UART1_TX", "value": 24, "comment": "", "addr": "0xa0"}, {"name": "LEUART0", "value": 25, "comment": "", "addr": "0xa4"}, {"name": "LEUART1", "value": 26, "comment": "", "addr": "0xa8"}, {"name": "LETIMER0", "value": 27, "comment": "", "addr": "0xac"}, {"name": "PCNT0", "value": 28, "comment": "", "addr": "0xb0"}, {"name": "PCNT1", "value": 29, "comment": "", "addr": "0xb4"}, {"name": "PCNT2", "value": 30, "comment": "", "addr": "0xb8"}, {"name": "RTCC", "value": 31, "comment": "", "addr": "0xbc"}, {"name": "CMU", "value": 32, "comment": "", "addr": "0xc0"}, {"name": "MSC", "value": 33, "comment": "", "addr": "0xc4"}, {"name": "CRYPTO0", "value": 34, "comment": "", "addr": "0xc8"}, {"name": "CRYOTIMER", "value": 35, "comment": "", "addr": "0xcc"}, {"name": "FPUEH", "value": 36, "comment": "", "addr": "0xd0"}, {"name": "USART3_RX", "value": 37, "comment": "", "addr": "0xd4"}, {"name": "USART3_TX", "value": 38, "comment": "", "addr": "0xd8"}, {"name": "USART4_RX", "value": 39, "comment": "", "addr": "0xdc"}, {"name": "USART4_TX", "value": 40, "comment": "", "addr": "0xe0"}, {"name": "WTIMER0", "value": 41, "comment": "", "addr": "0xe4"}, {"name": "WTIMER1", "value": 42, "comment": "", "addr": "0xe8"}, {"name": "VDAC0", "value": 43, "comment": "", "addr": "0xec"}, {"name": "CSEN", "value": 44, "comment": "", "addr": "0xf0"}, {"name": "LESENSE", "value": 45, "comment": "", "addr": "0xf4"}, {"name": "EBI", "value": 46, "comment": "", "addr": "0xf8"}, {"name": "ACMP2", "value": 47, "comment": "", "addr": "0xfc"}, {"name": "ADC1", "value": 48, "comment": "", "addr": "0x100"}, {"name": "CAN0", "value": 51, "comment": "", "addr": "0x10c"}, {"name": "CAN1", "value": 52, "comment": "", "addr": "0x110"}, {"name": "RTC", "value": 54, "comment": "", "addr": "0x118"}, {"name": "WDOG1", "value": 55, "comment": "", "addr": "0x11c"}, {"name": "LETIMER1", "value": 56, "comment": "", "addr": "0x120"}, {"name": "TRNG0", "value": 57, "comment": "", "addr": "0x124"}, {"name": "PDM", "value": 59, "comment": "", "addr": "0x12c"}]}