{"brand": "NXP", "family": "LPC11", "name": "LPC11E6x", "bits": 32, "mode": 1, "segments": [{"name": "SRAM", "start": "0x10000000", "end": "0x10001fff", "size": "0x2000", "type": "DATA"}], "peripherals": [{"name": "I2C0", "start": "0x40000000", "end": "0x40000ffe", "size": "0xfff", "comment": "", "registers": [{"name": "CONSET", "offset": "0x0"}, {"name": "STAT", "offset": "0x4"}, {"name": "DAT", "offset": "0x8"}, {"name": "ADR0", "offset": "0xc"}, {"name": "SCLH", "offset": "0x10"}, {"name": "SCLL", "offset": "0x14"}, {"name": "CONCLR", "offset": "0x18"}, {"name": "MMCTRL", "offset": "0x1c"}, {"name": "DATA_BUFFER", "offset": "0x2c"}, {"name": "ADR1", "offset": "0x20", "size": "0x0"}, {"name": "ADR2", "offset": "0x24", "size": "0x0"}, {"name": "ADR3", "offset": "0x28", "size": "0x0"}, {"name": "MASK0", "offset": "0x30", "size": "0x0"}, {"name": "MASK1", "offset": "0x34", "size": "0x0"}, {"name": "MASK2", "offset": "0x38", "size": "0x0"}, {"name": "MASK3", "offset": "0x3c", "size": "0x0"}]}, {"name": "WWDT", "start": "0x40004000", "end": "0x40004ffe", "size": "0xfff", "comment": "", "registers": [{"name": "MOD", "offset": "0x0"}, {"name": "TC", "offset": "0x4"}, {"name": "FEED", "offset": "0x8"}, {"name": "TV", "offset": "0xc"}, {"name": "CLKSEL", "offset": "0x10"}, {"name": "WARNINT", "offset": "0x14"}, {"name": "WINDOW", "offset": "0x18"}]}, {"name": "USART0", "start": "0x40008000", "end": "0x40008ffe", "size": "0xfff", "comment": "", "registers": [{"name": "RBR", "offset": "0x0"}, {"name": "THR", "offset": "0x0"}, {"name": "DLL", "offset": "0x0"}, {"name": "DLM", "offset": "0x4"}, {"name": "IER", "offset": "0x4"}, {"name": "IIR", "offset": "0x8"}, {"name": "FCR", "offset": "0x8"}, {"name": "LCR", "offset": "0xc"}, {"name": "MCR", "offset": "0x10"}, {"name": "LSR", "offset": "0x14"}, {"name": "MSR", "offset": "0x18"}, {"name": "SCR", "offset": "0x1c"}, {"name": "ACR", "offset": "0x20"}, {"name": "ICR", "offset": "0x24"}, {"name": "FDR", "offset": "0x28"}, {"name": "OSR", "offset": "0x2c"}, {"name": "TER", "offset": "0x30"}, {"name": "HDEN", "offset": "0x40"}, {"name": "SCICTRL", "offset": "0x48"}, {"name": "RS485CTRL", "offset": "0x4c"}, {"name": "RS485ADRMATCH", "offset": "0x50"}, {"name": "RS485DLY", "offset": "0x54"}, {"name": "SYNCCTRL", "offset": "0x58"}]}, {"name": "CT16B0", "start": "0x4000c000", "end": "0x4000cffe", "size": "0xfff", "comment": "", "registers": [{"name": "IR", "offset": "0x0"}, {"name": "TCR", "offset": "0x4"}, {"name": "TC", "offset": "0x8"}, {"name": "PR", "offset": "0xc"}, {"name": "PC", "offset": "0x10"}, {"name": "MCR", "offset": "0x14"}, {"name": "CCR", "offset": "0x28"}, {"name": "EMR", "offset": "0x3c"}, {"name": "CTCR", "offset": "0x70"}, {"name": "PWMC", "offset": "0x74"}, {"name": "MR0", "offset": "0x18", "size": "0x0"}, {"name": "MR1", "offset": "0x1c", "size": "0x0"}, {"name": "MR2", "offset": "0x20", "size": "0x0"}, {"name": "MR3", "offset": "0x24", "size": "0x0"}, {"name": "CR0", "offset": "0x2c", "size": "0x0"}, {"name": "CR1", "offset": "0x30", "size": "0x0"}, {"name": "CR2", "offset": "0x34", "size": "0x0"}]}, {"name": "CT16B1", "start": "0x40010000", "end": "0x40010ffe", "size": "0xfff", "comment": "", "registers": [{"name": "IR", "offset": "0x0"}, {"name": "TCR", "offset": "0x4"}, {"name": "TC", "offset": "0x8"}, {"name": "PR", "offset": "0xc"}, {"name": "PC", "offset": "0x10"}, {"name": "MCR", "offset": "0x14"}, {"name": "CCR", "offset": "0x28"}, {"name": "EMR", "offset": "0x3c"}, {"name": "CTCR", "offset": "0x70"}, {"name": "PWMC", "offset": "0x74"}, {"name": "MR0", "offset": "0x18", "size": "0x0"}, {"name": "MR1", "offset": "0x1c", "size": "0x0"}, {"name": "MR2", "offset": "0x20", "size": "0x0"}, {"name": "MR3", "offset": "0x24", "size": "0x0"}, {"name": "CR0", "offset": "0x2c", "size": "0x0"}, {"name": "CR1", "offset": "0x30", "size": "0x0"}, {"name": "CR2", "offset": "0x34", "size": "0x0"}]}, {"name": "CT32B0", "start": "0x40014000", "end": "0x40014ffe", "size": "0xfff", "comment": "", "registers": [{"name": "IR", "offset": "0x0"}, {"name": "TCR", "offset": "0x4"}, {"name": "TC", "offset": "0x8"}, {"name": "PR", "offset": "0xc"}, {"name": "PC", "offset": "0x10"}, {"name": "MCR", "offset": "0x14"}, {"name": "CCR", "offset": "0x28"}, {"name": "EMR", "offset": "0x3c"}, {"name": "CTCR", "offset": "0x70"}, {"name": "PWMC", "offset": "0x74"}, {"name": "MR0", "offset": "0x18", "size": "0x0"}, {"name": "MR1", "offset": "0x1c", "size": "0x0"}, {"name": "MR2", "offset": "0x20", "size": "0x0"}, {"name": "MR3", "offset": "0x24", "size": "0x0"}, {"name": "CR0", "offset": "0x2c", "size": "0x0"}, {"name": "CR1", "offset": "0x30", "size": "0x0"}, {"name": "CR2", "offset": "0x34", "size": "0x0"}]}, {"name": "CT32B1", "start": "0x40018000", "end": "0x40018ffe", "size": "0xfff", "comment": "", "registers": [{"name": "IR", "offset": "0x0"}, {"name": "TCR", "offset": "0x4"}, {"name": "TC", "offset": "0x8"}, {"name": "PR", "offset": "0xc"}, {"name": "PC", "offset": "0x10"}, {"name": "MCR", "offset": "0x14"}, {"name": "CCR", "offset": "0x28"}, {"name": "EMR", "offset": "0x3c"}, {"name": "CTCR", "offset": "0x70"}, {"name": "PWMC", "offset": "0x74"}, {"name": "MR0", "offset": "0x18", "size": "0x0"}, {"name": "MR1", "offset": "0x1c", "size": "0x0"}, {"name": "MR2", "offset": "0x20", "size": "0x0"}, {"name": "MR3", "offset": "0x24", "size": "0x0"}, {"name": "CR0", "offset": "0x2c", "size": "0x0"}, {"name": "CR1", "offset": "0x30", "size": "0x0"}, {"name": "CR2", "offset": "0x34", "size": "0x0"}]}, {"name": "ADC", "start": "0x4001c000", "end": "0x4001cffe", "size": "0xfff", "comment": "", "registers": [{"name": "CTRL", "offset": "0x0"}, {"name": "SEQA_CTRL", "offset": "0x8"}, {"name": "SEQB_CTRL", "offset": "0xc"}, {"name": "SEQA_GDAT", "offset": "0x10"}, {"name": "SEQB_GDAT", "offset": "0x14"}, {"name": "THR0_LOW", "offset": "0x50"}, {"name": "THR1_LOW", "offset": "0x54"}, {"name": "THR0_HIGH", "offset": "0x58"}, {"name": "THR1_HIGH", "offset": "0x5c"}, {"name": "CHAN_THRSEL", "offset": "0x60"}, {"name": "INTEN", "offset": "0x64"}, {"name": "FLAGS", "offset": "0x68"}, {"name": "TRM", "offset": "0x6c"}, {"name": "DAT[0]", "offset": "0x20", "size": "0x0"}, {"name": "DAT[1]", "offset": "0x24", "size": "0x0"}, {"name": "DAT[2]", "offset": "0x28", "size": "0x0"}, {"name": "DAT[3]", "offset": "0x2c", "size": "0x0"}, {"name": "DAT[4]", "offset": "0x30", "size": "0x0"}, {"name": "DAT[5]", "offset": "0x34", "size": "0x0"}, {"name": "DAT[6]", "offset": "0x38", "size": "0x0"}, {"name": "DAT[7]", "offset": "0x3c", "size": "0x0"}, {"name": "DAT[8]", "offset": "0x40", "size": "0x0"}, {"name": "DAT[9]", "offset": "0x44", "size": "0x0"}, {"name": "DAT[10]", "offset": "0x48", "size": "0x0"}, {"name": "DAT[11]", "offset": "0x4c", "size": "0x0"}]}, {"name": "I2C1", "start": "0x40020000", "end": "0x40020ffe", "size": "0xfff", "comment": "", "registers": [{"name": "CONSET", "offset": "0x0"}, {"name": "STAT", "offset": "0x4"}, {"name": "DAT", "offset": "0x8"}, {"name": "ADR0", "offset": "0xc"}, {"name": "SCLH", "offset": "0x10"}, {"name": "SCLL", "offset": "0x14"}, {"name": "CONCLR", "offset": "0x18"}, {"name": "MMCTRL", "offset": "0x1c"}, {"name": "DATA_BUFFER", "offset": "0x2c"}, {"name": "ADR1", "offset": "0x20", "size": "0x0"}, {"name": "ADR2", "offset": "0x24", "size": "0x0"}, {"name": "ADR3", "offset": "0x28", "size": "0x0"}, {"name": "MASK0", "offset": "0x30", "size": "0x0"}, {"name": "MASK1", "offset": "0x34", "size": "0x0"}, {"name": "MASK2", "offset": "0x38", "size": "0x0"}, {"name": "MASK3", "offset": "0x3c", "size": "0x0"}]}, {"name": "RTC", "start": "0x40024000", "end": "0x40024ffe", "size": "0xfff", "comment": "", "registers": [{"name": "CTRL", "offset": "0x0"}, {"name": "MATCH", "offset": "0x4"}, {"name": "COUNT", "offset": "0x8"}, {"name": "WAKE", "offset": "0xc"}]}, {"name": "DMATRIGMUX", "start": "0x40028000", "end": "0x40028ffe", "size": "0xfff", "comment": "", "registers": [{"name": "DMA_ITRIG_PINMUX[0]", "offset": "0x0", "size": "0x0"}, {"name": "DMA_ITRIG_PINMUX[1]", "offset": "0x4", "size": "0x0"}, {"name": "DMA_ITRIG_PINMUX[2]", "offset": "0x8", "size": "0x0"}, {"name": "DMA_ITRIG_PINMUX[3]", "offset": "0xc", "size": "0x0"}, {"name": "DMA_ITRIG_PINMUX[4]", "offset": "0x10", "size": "0x0"}, {"name": "DMA_ITRIG_PINMUX[5]", "offset": "0x14", "size": "0x0"}, {"name": "DMA_ITRIG_PINMUX[6]", "offset": "0x18", "size": "0x0"}, {"name": "DMA_ITRIG_PINMUX[7]", "offset": "0x1c", "size": "0x0"}, {"name": "DMA_ITRIG_PINMUX[8]", "offset": "0x20", "size": "0x0"}, {"name": "DMA_ITRIG_PINMUX[9]", "offset": "0x24", "size": "0x0"}, {"name": "DMA_ITRIG_PINMUX[10]", "offset": "0x28", "size": "0x0"}, {"name": "DMA_ITRIG_PINMUX[11]", "offset": "0x2c", "size": "0x0"}, {"name": "DMA_ITRIG_PINMUX[12]", "offset": "0x30", "size": "0x0"}, {"name": "DMA_ITRIG_PINMUX[13]", "offset": "0x34", "size": "0x0"}, {"name": "DMA_ITRIG_PINMUX[14]", "offset": "0x38", "size": "0x0"}, {"name": "DMA_ITRIG_PINMUX[15]", "offset": "0x3c", "size": "0x0"}]}, {"name": "PMU", "start": "0x40038000", "end": "0x40038ffe", "size": "0xfff", "comment": "", "registers": [{"name": "PCON", "offset": "0x0"}, {"name": "GPREG4", "offset": "0x14"}, {"name": "GPREG0", "offset": "0x4", "size": "0x0"}, {"name": "GPREG1", "offset": "0x8", "size": "0x0"}, {"name": "GPREG2", "offset": "0xc", "size": "0x0"}, {"name": "GPREG3", "offset": "0x10", "size": "0x0"}]}, {"name": "FLASHCTRL", "start": "0x4003c000", "end": "0x4003cffe", "size": "0xfff", "comment": "", "registers": [{"name": "FLASHCFG", "offset": "0x10"}, {"name": "FMSSTART", "offset": "0x20"}, {"name": "FMSSTOP", "offset": "0x24"}, {"name": "FMSW0", "offset": "0x2c"}]}, {"name": "SSP0", "start": "0x40040000", "end": "0x40040ffe", "size": "0xfff", "comment": "", "registers": [{"name": "CR0", "offset": "0x0"}, {"name": "CR1", "offset": "0x4"}, {"name": "DR", "offset": "0x8"}, {"name": "SR", "offset": "0xc"}, {"name": "CPSR", "offset": "0x10"}, {"name": "IMSC", "offset": "0x14"}, {"name": "RIS", "offset": "0x18"}, {"name": "MIS", "offset": "0x1c"}, {"name": "ICR", "offset": "0x20"}]}, {"name": "IOCON", "start": "0x40044000", "end": "0x40044ffe", "size": "0xfff", "comment": "", "registers": [{"name": "PIO0_4", "offset": "0x10"}, {"name": "PIO0_5", "offset": "0x14"}, {"name": "PIO0_0", "offset": "0x0", "size": "0x0"}, {"name": "PIO0_1", "offset": "0x4", "size": "0x0"}, {"name": "PIO0_2", "offset": "0x8", "size": "0x0"}, {"name": "PIO0_3", "offset": "0xc", "size": "0x0"}, {"name": "PIO0_6", "offset": "0x18", "size": "0x0"}, {"name": "PIO0_7", "offset": "0x1c", "size": "0x0"}, {"name": "PIO0_8", "offset": "0x20", "size": "0x0"}, {"name": "PIO0_9", "offset": "0x24", "size": "0x0"}, {"name": "PIO0_10", "offset": "0x28", "size": "0x0"}, {"name": "PIO0_11", "offset": "0x2c", "size": "0x0"}, {"name": "PIO0_12", "offset": "0x30", "size": "0x0"}, {"name": "PIO0_13", "offset": "0x34", "size": "0x0"}, {"name": "PIO0_14", "offset": "0x38", "size": "0x0"}, {"name": "PIO0_15", "offset": "0x3c", "size": "0x0"}, {"name": "PIO0_16", "offset": "0x40", "size": "0x0"}, {"name": "PIO0_17", "offset": "0x44", "size": "0x0"}, {"name": "PIO0_18", "offset": "0x48", "size": "0x0"}, {"name": "PIO0_19", "offset": "0x4c", "size": "0x0"}, {"name": "PIO0_20", "offset": "0x50", "size": "0x0"}, {"name": "PIO0_21", "offset": "0x54", "size": "0x0"}, {"name": "PIO0_22", "offset": "0x58", "size": "0x0"}, {"name": "PIO0_23", "offset": "0x5c", "size": "0x0"}, {"name": "PIO1_0", "offset": "0x60", "size": "0x0"}, {"name": "PIO1_1", "offset": "0x64", "size": "0x0"}, {"name": "PIO1_2", "offset": "0x68", "size": "0x0"}, {"name": "PIO1_3", "offset": "0x6c", "size": "0x0"}, {"name": "PIO1_4", "offset": "0x70", "size": "0x0"}, {"name": "PIO1_5", "offset": "0x74", "size": "0x0"}, {"name": "PIO1_6", "offset": "0x78", "size": "0x0"}, {"name": "PIO1_7", "offset": "0x7c", "size": "0x0"}, {"name": "PIO1_8", "offset": "0x80", "size": "0x0"}, {"name": "PIO1_9", "offset": "0x84", "size": "0x0"}, {"name": "PIO1_10", "offset": "0x88", "size": "0x0"}, {"name": "PIO1_11", "offset": "0x8c", "size": "0x0"}, {"name": "PIO1_12", "offset": "0x90", "size": "0x0"}, {"name": "PIO1_13", "offset": "0x94", "size": "0x0"}, {"name": "PIO1_14", "offset": "0x98", "size": "0x0"}, {"name": "PIO1_15", "offset": "0x9c", "size": "0x0"}, {"name": "PIO1_16", "offset": "0xa0", "size": "0x0"}, {"name": "PIO1_17", "offset": "0xa4", "size": "0x0"}, {"name": "PIO1_18", "offset": "0xa8", "size": "0x0"}, {"name": "PIO1_19", "offset": "0xac", "size": "0x0"}, {"name": "PIO1_20", "offset": "0xb0", "size": "0x0"}, {"name": "PIO1_21", "offset": "0xb4", "size": "0x0"}, {"name": "PIO1_22", "offset": "0xb8", "size": "0x0"}, {"name": "PIO1_23", "offset": "0xbc", "size": "0x0"}, {"name": "PIO1_24", "offset": "0xc0", "size": "0x0"}, {"name": "PIO1_25", "offset": "0xc4", "size": "0x0"}, {"name": "PIO1_26", "offset": "0xc8", "size": "0x0"}, {"name": "PIO1_27", "offset": "0xcc", "size": "0x0"}, {"name": "PIO1_28", "offset": "0xd0", "size": "0x0"}, {"name": "PIO1_29", "offset": "0xd4", "size": "0x0"}, {"name": "PIO1_30", "offset": "0xd8", "size": "0x0"}, {"name": "PIO1_31", "offset": "0xdc", "size": "0x0"}, {"name": "PIO2_0", "offset": "0xf0", "size": "0x0"}, {"name": "PIO2_1", "offset": "0xf4", "size": "0x0"}, {"name": "PIO2_2", "offset": "0xfc", "size": "0x0"}, {"name": "PIO2_3", "offset": "0x100", "size": "0x0"}, {"name": "PIO2_4", "offset": "0x104", "size": "0x0"}, {"name": "PIO2_5", "offset": "0x108", "size": "0x0"}, {"name": "PIO2_6", "offset": "0x10c", "size": "0x0"}, {"name": "PIO2_7", "offset": "0x110", "size": "0x0"}, {"name": "PIO2_8", "offset": "0x114", "size": "0x0"}, {"name": "PIO2_9", "offset": "0x118", "size": "0x0"}, {"name": "PIO2_10", "offset": "0x11c", "size": "0x0"}, {"name": "PIO2_11", "offset": "0x120", "size": "0x0"}, {"name": "PIO2_12", "offset": "0x124", "size": "0x0"}, {"name": "PIO2_13", "offset": "0x128", "size": "0x0"}, {"name": "PIO2_14", "offset": "0x12c", "size": "0x0"}, {"name": "PIO2_15", "offset": "0x130", "size": "0x0"}, {"name": "PIO2_16", "offset": "0x134", "size": "0x0"}, {"name": "PIO2_17", "offset": "0x138", "size": "0x0"}, {"name": "PIO2_18", "offset": "0x13c", "size": "0x0"}, {"name": "PIO2_19", "offset": "0x140", "size": "0x0"}, {"name": "PIO2_20", "offset": "0x144", "size": "0x0"}, {"name": "PIO2_21", "offset": "0x148", "size": "0x0"}, {"name": "PIO2_22", "offset": "0x14c", "size": "0x0"}, {"name": "PIO2_23", "offset": "0x150", "size": "0x0"}]}, {"name": "SYSCON", "start": "0x40048000", "end": "0x40048ffe", "size": "0xfff", "comment": "", "registers": [{"name": "SYSMEMREMAP", "offset": "0x0"}, {"name": "PRESETCTRL", "offset": "0x4"}, {"name": "SYSPLLCTRL", "offset": "0x8"}, {"name": "SYSPLLSTAT", "offset": "0xc"}, {"name": "RTCOSCCTRL", "offset": "0x1c"}, {"name": "SYSOSCCTRL", "offset": "0x20"}, {"name": "WDTOSCCTRL", "offset": "0x24"}, {"name": "IRCCTRL", "offset": "0x28"}, {"name": "SYSRSTSTAT", "offset": "0x30"}, {"name": "SYSPLLCLKSEL", "offset": "0x40"}, {"name": "SYSPLLCLKUEN", "offset": "0x44"}, {"name": "MAINCLKSEL", "offset": "0x70"}, {"name": "MAINCLKUEN", "offset": "0x74"}, {"name": "SYSAHBCLKDIV", "offset": "0x78"}, {"name": "SYSAHBCLKCTRL", "offset": "0x80"}, {"name": "SSP0CLKDIV", "offset": "0x94"}, {"name": "USART0CLKDIV", "offset": "0x98"}, {"name": "SSP1CLKDIV", "offset": "0x9c"}, {"name": "FRGCLKDIV", "offset": "0xa0"}, {"name": "CLKOUTSEL", "offset": "0xe0"}, {"name": "CLKOUTUEN", "offset": "0xe4"}, {"name": "CLKOUTDIV", "offset": "0xe8"}, {"name": "UARTFRGDIV", "offset": "0xf0"}, {"name": "UARTFRGMULT", "offset": "0xf4"}, {"name": "EXTTRACECMD", "offset": "0xfc"}, {"name": "PIOPORCAP0", "offset": "0x100"}, {"name": "PIOPORCAP1", "offset": "0x104"}, {"name": "PIOPORCAP2", "offset": "0x108"}, {"name": "IOCONCLKDIV6", "offset": "0x134"}, {"name": "IOCONCLKDIV5", "offset": "0x138"}, {"name": "IOCONCLKDIV4", "offset": "0x13c"}, {"name": "IOCONCLKDIV3", "offset": "0x140"}, {"name": "IOCONCLKDIV2", "offset": "0x144"}, {"name": "IOCONCLKDIV1", "offset": "0x148"}, {"name": "IOCONCLKDIV0", "offset": "0x14c"}, {"name": "BODCTRL", "offset": "0x150"}, {"name": "SYSTCKCAL", "offset": "0x154"}, {"name": "IRQLATENCY", "offset": "0x170"}, {"name": "NMISRC", "offset": "0x174"}, {"name": "STARTERP0", "offset": "0x204"}, {"name": "STARTERP1", "offset": "0x214"}, {"name": "PDSLEEPCFG", "offset": "0x230"}, {"name": "PDAWAKECFG", "offset": "0x234"}, {"name": "PDRUNCFG", "offset": "0x238"}, {"name": "DEVICE_ID", "offset": "0x3f4"}, {"name": "PINTSEL0", "offset": "0x178", "size": "0x0"}, {"name": "PINTSEL1", "offset": "0x17c", "size": "0x0"}, {"name": "PINTSEL2", "offset": "0x180", "size": "0x0"}, {"name": "PINTSEL3", "offset": "0x184", "size": "0x0"}, {"name": "PINTSEL4", "offset": "0x188", "size": "0x0"}, {"name": "PINTSEL5", "offset": "0x18c", "size": "0x0"}, {"name": "PINTSEL6", "offset": "0x190", "size": "0x0"}, {"name": "PINTSEL7", "offset": "0x194", "size": "0x0"}]}, {"name": "USART4", "start": "0x4004c000", "end": "0x4004cffe", "size": "0xfff", "comment": "", "registers": [{"name": "CFG", "offset": "0x0"}, {"name": "CTL", "offset": "0x4"}, {"name": "STAT", "offset": "0x8"}, {"name": "INTENSET", "offset": "0xc"}, {"name": "INTENCLR", "offset": "0x10"}, {"name": "RXDAT", "offset": "0x14"}, {"name": "RXDATSTAT", "offset": "0x18"}, {"name": "TXDAT", "offset": "0x1c"}, {"name": "BRG", "offset": "0x20"}, {"name": "INTSTAT", "offset": "0x24"}, {"name": "OSR", "offset": "0x28"}, {"name": "ADDR", "offset": "0x2c"}]}, {"name": "SSP1", "start": "0x40058000", "end": "0x40058ffe", "size": "0xfff", "comment": "", "registers": [{"name": "CR0", "offset": "0x0"}, {"name": "CR1", "offset": "0x4"}, {"name": "DR", "offset": "0x8"}, {"name": "SR", "offset": "0xc"}, {"name": "CPSR", "offset": "0x10"}, {"name": "IMSC", "offset": "0x14"}, {"name": "RIS", "offset": "0x18"}, {"name": "MIS", "offset": "0x1c"}, {"name": "ICR", "offset": "0x20"}]}, {"name": "GINT0", "start": "0x4005c000", "end": "0x4005cffe", "size": "0xfff", "comment": "", "registers": [{"name": "CTRL", "offset": "0x0"}, {"name": "PORT_POL[0]", "offset": "0x20", "size": "0x0"}, {"name": "PORT_POL[1]", "offset": "0x24", "size": "0x0"}, {"name": "PORT_POL[2]", "offset": "0x28", "size": "0x0"}, {"name": "PORT_ENA[0]", "offset": "0x40", "size": "0x0"}, {"name": "PORT_ENA[1]", "offset": "0x44", "size": "0x0"}, {"name": "PORT_ENA[2]", "offset": "0x48", "size": "0x0"}]}, {"name": "GINT1", "start": "0x40060000", "end": "0x40060ffe", "size": "0xfff", "comment": "", "registers": [{"name": "CTRL", "offset": "0x0"}, {"name": "PORT_POL[0]", "offset": "0x20", "size": "0x0"}, {"name": "PORT_POL[1]", "offset": "0x24", "size": "0x0"}, {"name": "PORT_POL[2]", "offset": "0x28", "size": "0x0"}, {"name": "PORT_ENA[0]", "offset": "0x40", "size": "0x0"}, {"name": "PORT_ENA[1]", "offset": "0x44", "size": "0x0"}, {"name": "PORT_ENA[2]", "offset": "0x48", "size": "0x0"}]}, {"name": "USART1", "start": "0x4006c000", "end": "0x4006cffe", "size": "0xfff", "comment": "", "registers": [{"name": "CFG", "offset": "0x0"}, {"name": "CTL", "offset": "0x4"}, {"name": "STAT", "offset": "0x8"}, {"name": "INTENSET", "offset": "0xc"}, {"name": "INTENCLR", "offset": "0x10"}, {"name": "RXDAT", "offset": "0x14"}, {"name": "RXDATSTAT", "offset": "0x18"}, {"name": "TXDAT", "offset": "0x1c"}, {"name": "BRG", "offset": "0x20"}, {"name": "INTSTAT", "offset": "0x24"}, {"name": "OSR", "offset": "0x28"}, {"name": "ADDR", "offset": "0x2c"}]}, {"name": "USART2", "start": "0x40070000", "end": "0x40070ffe", "size": "0xfff", "comment": "", "registers": [{"name": "CFG", "offset": "0x0"}, {"name": "CTL", "offset": "0x4"}, {"name": "STAT", "offset": "0x8"}, {"name": "INTENSET", "offset": "0xc"}, {"name": "INTENCLR", "offset": "0x10"}, {"name": "RXDAT", "offset": "0x14"}, {"name": "RXDATSTAT", "offset": "0x18"}, {"name": "TXDAT", "offset": "0x1c"}, {"name": "BRG", "offset": "0x20"}, {"name": "INTSTAT", "offset": "0x24"}, {"name": "OSR", "offset": "0x28"}, {"name": "ADDR", "offset": "0x2c"}]}, {"name": "USART3", "start": "0x40074000", "end": "0x40074ffe", "size": "0xfff", "comment": "", "registers": [{"name": "CFG", "offset": "0x0"}, {"name": "CTL", "offset": "0x4"}, {"name": "STAT", "offset": "0x8"}, {"name": "INTENSET", "offset": "0xc"}, {"name": "INTENCLR", "offset": "0x10"}, {"name": "RXDAT", "offset": "0x14"}, {"name": "RXDATSTAT", "offset": "0x18"}, {"name": "TXDAT", "offset": "0x1c"}, {"name": "BRG", "offset": "0x20"}, {"name": "INTSTAT", "offset": "0x24"}, {"name": "OSR", "offset": "0x28"}, {"name": "ADDR", "offset": "0x2c"}]}, {"name": "CRC", "start": "0x50000000", "end": "0x50000ffe", "size": "0xfff", "comment": "", "registers": [{"name": "MODE", "offset": "0x0"}, {"name": "SEED", "offset": "0x4"}, {"name": "SUM", "offset": "0x8"}, {"name": "WR_DATA", "offset": "0x8"}]}, {"name": "DMA", "start": "0x50004000", "end": "0x50004ffe", "size": "0xfff", "comment": "", "registers": [{"name": "CTRL", "offset": "0x0"}, {"name": "INTSTAT", "offset": "0x4"}, {"name": "SRAMBASE", "offset": "0x8"}, {"name": "ENABLESET0", "offset": "0x20"}, {"name": "ENABLECLR0", "offset": "0x28"}, {"name": "ACTIVE0", "offset": "0x30"}, {"name": "BUSY0", "offset": "0x38"}, {"name": "ERRINT0", "offset": "0x40"}, {"name": "INTENSET0", "offset": "0x48"}, {"name": "INTENCLR0", "offset": "0x50"}, {"name": "INTA0", "offset": "0x58"}, {"name": "INTB0", "offset": "0x60"}, {"name": "SETVALID0", "offset": "0x68"}, {"name": "SETTRIG0", "offset": "0x70"}, {"name": "ABORT0", "offset": "0x78"}, {"name": "CFG0", "offset": "0x400", "size": "0x0"}, {"name": "CFG1", "offset": "0x410", "size": "0x0"}, {"name": "CFG2", "offset": "0x420", "size": "0x0"}, {"name": "CFG3", "offset": "0x430", "size": "0x0"}, {"name": "CFG4", "offset": "0x440", "size": "0x0"}, {"name": "CFG5", "offset": "0x450", "size": "0x0"}, {"name": "CFG6", "offset": "0x460", "size": "0x0"}, {"name": "CFG7", "offset": "0x470", "size": "0x0"}, {"name": "CFG8", "offset": "0x480", "size": "0x0"}, {"name": "CFG9", "offset": "0x490", "size": "0x0"}, {"name": "CFG10", "offset": "0x4a0", "size": "0x0"}, {"name": "CFG11", "offset": "0x4b0", "size": "0x0"}, {"name": "CFG12", "offset": "0x4c0", "size": "0x0"}, {"name": "CFG13", "offset": "0x4d0", "size": "0x0"}, {"name": "CFG14", "offset": "0x4e0", "size": "0x0"}, {"name": "CFG15", "offset": "0x4f0", "size": "0x0"}, {"name": "CTLSTAT0", "offset": "0x404", "size": "0x0"}, {"name": "CTLSTAT1", "offset": "0x414", "size": "0x0"}, {"name": "CTLSTAT2", "offset": "0x424", "size": "0x0"}, {"name": "CTLSTAT3", "offset": "0x434", "size": "0x0"}, {"name": "CTLSTAT4", "offset": "0x444", "size": "0x0"}, {"name": "CTLSTAT5", "offset": "0x454", "size": "0x0"}, {"name": "CTLSTAT6", "offset": "0x464", "size": "0x0"}, {"name": "CTLSTAT7", "offset": "0x474", "size": "0x0"}, {"name": "CTLSTAT8", "offset": "0x484", "size": "0x0"}, {"name": "CTLSTAT9", "offset": "0x494", "size": "0x0"}, {"name": "CTLSTAT10", "offset": "0x4a4", "size": "0x0"}, {"name": "CTLSTAT11", "offset": "0x4b4", "size": "0x0"}, {"name": "CTLSTAT12", "offset": "0x4c4", "size": "0x0"}, {"name": "CTLSTAT13", "offset": "0x4d4", "size": "0x0"}, {"name": "CTLSTAT14", "offset": "0x4e4", "size": "0x0"}, {"name": "CTLSTAT15", "offset": "0x4f4", "size": "0x0"}, {"name": "XFERCFG0", "offset": "0x408", "size": "0x0"}, {"name": "XFERCFG1", "offset": "0x418", "size": "0x0"}, {"name": "XFERCFG2", "offset": "0x428", "size": "0x0"}, {"name": "XFERCFG3", "offset": "0x438", "size": "0x0"}, {"name": "XFERCFG4", "offset": "0x448", "size": "0x0"}, {"name": "XFERCFG5", "offset": "0x458", "size": "0x0"}, {"name": "XFERCFG6", "offset": "0x468", "size": "0x0"}, {"name": "XFERCFG7", "offset": "0x478", "size": "0x0"}, {"name": "XFERCFG8", "offset": "0x488", "size": "0x0"}, {"name": "XFERCFG9", "offset": "0x498", "size": "0x0"}, {"name": "XFERCFG10", "offset": "0x4a8", "size": "0x0"}, {"name": "XFERCFG11", "offset": "0x4b8", "size": "0x0"}, {"name": "XFERCFG12", "offset": "0x4c8", "size": "0x0"}, {"name": "XFERCFG13", "offset": "0x4d8", "size": "0x0"}, {"name": "XFERCFG14", "offset": "0x4e8", "size": "0x0"}, {"name": "XFERCFG15", "offset": "0x4f8", "size": "0x0"}]}, {"name": "SCT0", "start": "0x5000c000", "end": "0x5000cffe", "size": "0xfff", "comment": "", "registers": [{"name": "CONFIG", "offset": "0x0"}, {"name": "CTRL", "offset": "0x4"}, {"name": "LIMIT", "offset": "0x8"}, {"name": "HALT", "offset": "0xc"}, {"name": "STOP", "offset": "0x10"}, {"name": "START", "offset": "0x14"}, {"name": "COUNT", "offset": "0x40"}, {"name": "STATE", "offset": "0x44"}, {"name": "INPUT", "offset": "0x48"}, {"name": "REGMODE", "offset": "0x4c"}, {"name": "OUTPUT", "offset": "0x50"}, {"name": "OUTPUTDIRCTRL", "offset": "0x54"}, {"name": "RES", "offset": "0x58"}, {"name": "DMAREQ0", "offset": "0x5c"}, {"name": "DMAREQ1", "offset": "0x60"}, {"name": "EVEN", "offset": "0xf0"}, {"name": "EVFLAG", "offset": "0xf4"}, {"name": "CONEN", "offset": "0xf8"}, {"name": "CONFLAG", "offset": "0xfc"}, {"name": "MATCH0", "offset": "0x100", "size": "0x0"}, {"name": "MATCH1", "offset": "0x104", "size": "0x0"}, {"name": "MATCH2", "offset": "0x108", "size": "0x0"}, {"name": "MATCH3", "offset": "0x10c", "size": "0x0"}, {"name": "MATCH4", "offset": "0x110", "size": "0x0"}, {"name": "CAP0", "offset": "0x100", "size": "0x0"}, {"name": "CAP1", "offset": "0x104", "size": "0x0"}, {"name": "CAP2", "offset": "0x108", "size": "0x0"}, {"name": "CAP3", "offset": "0x10c", "size": "0x0"}, {"name": "CAP4", "offset": "0x110", "size": "0x0"}, {"name": "MATCHREL0", "offset": "0x200", "size": "0x0"}, {"name": "MATCHREL1", "offset": "0x204", "size": "0x0"}, {"name": "MATCHREL2", "offset": "0x208", "size": "0x0"}, {"name": "MATCHREL3", "offset": "0x20c", "size": "0x0"}, {"name": "MATCHREL4", "offset": "0x210", "size": "0x0"}, {"name": "CAPCTRL0", "offset": "0x200", "size": "0x0"}, {"name": "CAPCTRL1", "offset": "0x204", "size": "0x0"}, {"name": "CAPCTRL2", "offset": "0x208", "size": "0x0"}, {"name": "CAPCTRL3", "offset": "0x20c", "size": "0x0"}, {"name": "CAPCTRL4", "offset": "0x210", "size": "0x0"}, {"name": "EV0_STATE", "offset": "0x300", "size": "0x0"}, {"name": "EV1_STATE", "offset": "0x308", "size": "0x0"}, {"name": "EV2_STATE", "offset": "0x310", "size": "0x0"}, {"name": "EV3_STATE", "offset": "0x318", "size": "0x0"}, {"name": "EV4_STATE", "offset": "0x320", "size": "0x0"}, {"name": "EV5_STATE", "offset": "0x328", "size": "0x0"}, {"name": "EV0_CTRL", "offset": "0x304", "size": "0x0"}, {"name": "EV1_CTRL", "offset": "0x30c", "size": "0x0"}, {"name": "EV2_CTRL", "offset": "0x314", "size": "0x0"}, {"name": "EV3_CTRL", "offset": "0x31c", "size": "0x0"}, {"name": "EV4_CTRL", "offset": "0x324", "size": "0x0"}, {"name": "EV5_CTRL", "offset": "0x32c", "size": "0x0"}, {"name": "OUT0_SET", "offset": "0x500", "size": "0x0"}, {"name": "OUT1_SET", "offset": "0x508", "size": "0x0"}, {"name": "OUT2_SET", "offset": "0x510", "size": "0x0"}, {"name": "OUT3_SET", "offset": "0x518", "size": "0x0"}, {"name": "OUT0_CLR", "offset": "0x504", "size": "0x0"}, {"name": "OUT1_CLR", "offset": "0x50c", "size": "0x0"}, {"name": "OUT2_CLR", "offset": "0x514", "size": "0x0"}, {"name": "OUT3_CLR", "offset": "0x51c", "size": "0x0"}]}, {"name": "SCT1", "start": "0x5000e000", "end": "0x5000effe", "size": "0xfff", "comment": "", "registers": [{"name": "CONFIG", "offset": "0x0"}, {"name": "CTRL", "offset": "0x4"}, {"name": "LIMIT", "offset": "0x8"}, {"name": "HALT", "offset": "0xc"}, {"name": "STOP", "offset": "0x10"}, {"name": "START", "offset": "0x14"}, {"name": "COUNT", "offset": "0x40"}, {"name": "STATE", "offset": "0x44"}, {"name": "INPUT", "offset": "0x48"}, {"name": "REGMODE", "offset": "0x4c"}, {"name": "OUTPUT", "offset": "0x50"}, {"name": "OUTPUTDIRCTRL", "offset": "0x54"}, {"name": "RES", "offset": "0x58"}, {"name": "DMAREQ0", "offset": "0x5c"}, {"name": "DMAREQ1", "offset": "0x60"}, {"name": "EVEN", "offset": "0xf0"}, {"name": "EVFLAG", "offset": "0xf4"}, {"name": "CONEN", "offset": "0xf8"}, {"name": "CONFLAG", "offset": "0xfc"}, {"name": "MATCH0", "offset": "0x100", "size": "0x0"}, {"name": "MATCH1", "offset": "0x104", "size": "0x0"}, {"name": "MATCH2", "offset": "0x108", "size": "0x0"}, {"name": "MATCH3", "offset": "0x10c", "size": "0x0"}, {"name": "MATCH4", "offset": "0x110", "size": "0x0"}, {"name": "CAP0", "offset": "0x100", "size": "0x0"}, {"name": "CAP1", "offset": "0x104", "size": "0x0"}, {"name": "CAP2", "offset": "0x108", "size": "0x0"}, {"name": "CAP3", "offset": "0x10c", "size": "0x0"}, {"name": "CAP4", "offset": "0x110", "size": "0x0"}, {"name": "MATCHREL0", "offset": "0x200", "size": "0x0"}, {"name": "MATCHREL1", "offset": "0x204", "size": "0x0"}, {"name": "MATCHREL2", "offset": "0x208", "size": "0x0"}, {"name": "MATCHREL3", "offset": "0x20c", "size": "0x0"}, {"name": "MATCHREL4", "offset": "0x210", "size": "0x0"}, {"name": "CAPCTRL0", "offset": "0x200", "size": "0x0"}, {"name": "CAPCTRL1", "offset": "0x204", "size": "0x0"}, {"name": "CAPCTRL2", "offset": "0x208", "size": "0x0"}, {"name": "CAPCTRL3", "offset": "0x20c", "size": "0x0"}, {"name": "CAPCTRL4", "offset": "0x210", "size": "0x0"}, {"name": "EV0_STATE", "offset": "0x300", "size": "0x0"}, {"name": "EV1_STATE", "offset": "0x308", "size": "0x0"}, {"name": "EV2_STATE", "offset": "0x310", "size": "0x0"}, {"name": "EV3_STATE", "offset": "0x318", "size": "0x0"}, {"name": "EV4_STATE", "offset": "0x320", "size": "0x0"}, {"name": "EV5_STATE", "offset": "0x328", "size": "0x0"}, {"name": "EV0_CTRL", "offset": "0x304", "size": "0x0"}, {"name": "EV1_CTRL", "offset": "0x30c", "size": "0x0"}, {"name": "EV2_CTRL", "offset": "0x314", "size": "0x0"}, {"name": "EV3_CTRL", "offset": "0x31c", "size": "0x0"}, {"name": "EV4_CTRL", "offset": "0x324", "size": "0x0"}, {"name": "EV5_CTRL", "offset": "0x32c", "size": "0x0"}, {"name": "OUT0_SET", "offset": "0x500", "size": "0x0"}, {"name": "OUT1_SET", "offset": "0x508", "size": "0x0"}, {"name": "OUT2_SET", "offset": "0x510", "size": "0x0"}, {"name": "OUT3_SET", "offset": "0x518", "size": "0x0"}, {"name": "OUT0_CLR", "offset": "0x504", "size": "0x0"}, {"name": "OUT1_CLR", "offset": "0x50c", "size": "0x0"}, {"name": "OUT2_CLR", "offset": "0x514", "size": "0x0"}, {"name": "OUT3_CLR", "offset": "0x51c", "size": "0x0"}]}, {"name": "GPIO_PORT", "start": "0xa0000000", "end": "0xa0003ffe", "size": "0x3fff", "comment": "", "registers": [{"name": "B[0]", "offset": "0x0", "size": "0x8"}, {"name": "B[1]", "offset": "0x1", "size": "0x8"}, {"name": "B[2]", "offset": "0x2", "size": "0x8"}, {"name": "B[3]", "offset": "0x3", "size": "0x8"}, {"name": "B[4]", "offset": "0x4", "size": "0x8"}, {"name": "B[5]", "offset": "0x5", "size": "0x8"}, {"name": "B[6]", "offset": "0x6", "size": "0x8"}, {"name": "B[7]", "offset": "0x7", "size": "0x8"}, {"name": "B[8]", "offset": "0x8", "size": "0x8"}, {"name": "B[9]", "offset": "0x9", "size": "0x8"}, {"name": "B[10]", "offset": "0xa", "size": "0x8"}, {"name": "B[11]", "offset": "0xb", "size": "0x8"}, {"name": "B[12]", "offset": "0xc", "size": "0x8"}, {"name": "B[13]", "offset": "0xd", "size": "0x8"}, {"name": "B[14]", "offset": "0xe", "size": "0x8"}, {"name": "B[15]", "offset": "0xf", "size": "0x8"}, {"name": "B[16]", "offset": "0x10", "size": "0x8"}, {"name": "B[17]", "offset": "0x11", "size": "0x8"}, {"name": "B[18]", "offset": "0x12", "size": "0x8"}, {"name": "B[19]", "offset": "0x13", "size": "0x8"}, {"name": "B[20]", "offset": "0x14", "size": "0x8"}, {"name": "B[21]", "offset": "0x15", "size": "0x8"}, {"name": "B[22]", "offset": "0x16", "size": "0x8"}, {"name": "B[23]", "offset": "0x17", "size": "0x8"}, {"name": "B[24]", "offset": "0x18", "size": "0x8"}, {"name": "B[25]", "offset": "0x19", "size": "0x8"}, {"name": "B[26]", "offset": "0x1a", "size": "0x8"}, {"name": "B[27]", "offset": "0x1b", "size": "0x8"}, {"name": "B[28]", "offset": "0x1c", "size": "0x8"}, {"name": "B[29]", "offset": "0x1d", "size": "0x8"}, {"name": "B[30]", "offset": "0x1e", "size": "0x8"}, {"name": "B[31]", "offset": "0x1f", "size": "0x8"}, {"name": "B[32]", "offset": "0x20", "size": "0x8"}, {"name": "B[33]", "offset": "0x21", "size": "0x8"}, {"name": "B[34]", "offset": "0x22", "size": "0x8"}, {"name": "B[35]", "offset": "0x23", "size": "0x8"}, {"name": "B[36]", "offset": "0x24", "size": "0x8"}, {"name": "B[37]", "offset": "0x25", "size": "0x8"}, {"name": "B[38]", "offset": "0x26", "size": "0x8"}, {"name": "B[39]", "offset": "0x27", "size": "0x8"}, {"name": "B[40]", "offset": "0x28", "size": "0x8"}, {"name": "B[41]", "offset": "0x29", "size": "0x8"}, {"name": "B[42]", "offset": "0x2a", "size": "0x8"}, {"name": "B[43]", "offset": "0x2b", "size": "0x8"}, {"name": "B[44]", "offset": "0x2c", "size": "0x8"}, {"name": "B[45]", "offset": "0x2d", "size": "0x8"}, {"name": "B[46]", "offset": "0x2e", "size": "0x8"}, {"name": "B[47]", "offset": "0x2f", "size": "0x8"}, {"name": "B[48]", "offset": "0x30", "size": "0x8"}, {"name": "B[49]", "offset": "0x31", "size": "0x8"}, {"name": "B[50]", "offset": "0x32", "size": "0x8"}, {"name": "B[51]", "offset": "0x33", "size": "0x8"}, {"name": "B[52]", "offset": "0x34", "size": "0x8"}, {"name": "B[53]", "offset": "0x35", "size": "0x8"}, {"name": "B[54]", "offset": "0x36", "size": "0x8"}, {"name": "B[55]", "offset": "0x37", "size": "0x8"}, {"name": "B[56]", "offset": "0x38", "size": "0x8"}, {"name": "B[57]", "offset": "0x39", "size": "0x8"}, {"name": "B[58]", "offset": "0x3a", "size": "0x8"}, {"name": "B[59]", "offset": "0x3b", "size": "0x8"}, {"name": "B[60]", "offset": "0x3c", "size": "0x8"}, {"name": "B[61]", "offset": "0x3d", "size": "0x8"}, {"name": "B[62]", "offset": "0x3e", "size": "0x8"}, {"name": "B[63]", "offset": "0x3f", "size": "0x8"}, {"name": "B[64]", "offset": "0x40", "size": "0x8"}, {"name": "B[65]", "offset": "0x41", "size": "0x8"}, {"name": "B[66]", "offset": "0x42", "size": "0x8"}, {"name": "B[67]", "offset": "0x43", "size": "0x8"}, {"name": "B[68]", "offset": "0x44", "size": "0x8"}, {"name": "B[69]", "offset": "0x45", "size": "0x8"}, {"name": "B[70]", "offset": "0x46", "size": "0x8"}, {"name": "B[71]", "offset": "0x47", "size": "0x8"}, {"name": "B[72]", "offset": "0x48", "size": "0x8"}, {"name": "B[73]", "offset": "0x49", "size": "0x8"}, {"name": "B[74]", "offset": "0x4a", "size": "0x8"}, {"name": "B[75]", "offset": "0x4b", "size": "0x8"}, {"name": "B[76]", "offset": "0x4c", "size": "0x8"}, {"name": "B[77]", "offset": "0x4d", "size": "0x8"}, {"name": "B[78]", "offset": "0x4e", "size": "0x8"}, {"name": "B[79]", "offset": "0x4f", "size": "0x8"}, {"name": "B[80]", "offset": "0x50", "size": "0x8"}, {"name": "B[81]", "offset": "0x51", "size": "0x8"}, {"name": "B[82]", "offset": "0x52", "size": "0x8"}, {"name": "B[83]", "offset": "0x53", "size": "0x8"}, {"name": "B[84]", "offset": "0x54", "size": "0x8"}, {"name": "B[85]", "offset": "0x55", "size": "0x8"}, {"name": "B[86]", "offset": "0x56", "size": "0x8"}, {"name": "B[87]", "offset": "0x57", "size": "0x8"}, {"name": "W[0]", "offset": "0x1000", "size": "0x0"}, {"name": "W[1]", "offset": "0x1004", "size": "0x0"}, {"name": "W[2]", "offset": "0x1008", "size": "0x0"}, {"name": "W[3]", "offset": "0x100c", "size": "0x0"}, {"name": "W[4]", "offset": "0x1010", "size": "0x0"}, {"name": "W[5]", "offset": "0x1014", "size": "0x0"}, {"name": "W[6]", "offset": "0x1018", "size": "0x0"}, {"name": "W[7]", "offset": "0x101c", "size": "0x0"}, {"name": "W[8]", "offset": "0x1020", "size": "0x0"}, {"name": "W[9]", "offset": "0x1024", "size": "0x0"}, {"name": "W[10]", "offset": "0x1028", "size": "0x0"}, {"name": "W[11]", "offset": "0x102c", "size": "0x0"}, {"name": "W[12]", "offset": "0x1030", "size": "0x0"}, {"name": "W[13]", "offset": "0x1034", "size": "0x0"}, {"name": "W[14]", "offset": "0x1038", "size": "0x0"}, {"name": "W[15]", "offset": "0x103c", "size": "0x0"}, {"name": "W[16]", "offset": "0x1040", "size": "0x0"}, {"name": "W[17]", "offset": "0x1044", "size": "0x0"}, {"name": "W[18]", "offset": "0x1048", "size": "0x0"}, {"name": "W[19]", "offset": "0x104c", "size": "0x0"}, {"name": "W[20]", "offset": "0x1050", "size": "0x0"}, {"name": "W[21]", "offset": "0x1054", "size": "0x0"}, {"name": "W[22]", "offset": "0x1058", "size": "0x0"}, {"name": "W[23]", "offset": "0x105c", "size": "0x0"}, {"name": "W[24]", "offset": "0x1060", "size": "0x0"}, {"name": "W[25]", "offset": "0x1064", "size": "0x0"}, {"name": "W[26]", "offset": "0x1068", "size": "0x0"}, {"name": "W[27]", "offset": "0x106c", "size": "0x0"}, {"name": "W[28]", "offset": "0x1070", "size": "0x0"}, {"name": "W[29]", "offset": "0x1074", "size": "0x0"}, {"name": "W[30]", "offset": "0x1078", "size": "0x0"}, {"name": "W[31]", "offset": "0x107c", "size": "0x0"}, {"name": "W[32]", "offset": "0x1080", "size": "0x0"}, {"name": "W[33]", "offset": "0x1084", "size": "0x0"}, {"name": "W[34]", "offset": "0x1088", "size": "0x0"}, {"name": "W[35]", "offset": "0x108c", "size": "0x0"}, {"name": "W[36]", "offset": "0x1090", "size": "0x0"}, {"name": "W[37]", "offset": "0x1094", "size": "0x0"}, {"name": "W[38]", "offset": "0x1098", "size": "0x0"}, {"name": "W[39]", "offset": "0x109c", "size": "0x0"}, {"name": "W[40]", "offset": "0x10a0", "size": "0x0"}, {"name": "W[41]", "offset": "0x10a4", "size": "0x0"}, {"name": "W[42]", "offset": "0x10a8", "size": "0x0"}, {"name": "W[43]", "offset": "0x10ac", "size": "0x0"}, {"name": "W[44]", "offset": "0x10b0", "size": "0x0"}, {"name": "W[45]", "offset": "0x10b4", "size": "0x0"}, {"name": "W[46]", "offset": "0x10b8", "size": "0x0"}, {"name": "W[47]", "offset": "0x10bc", "size": "0x0"}, {"name": "W[48]", "offset": "0x10c0", "size": "0x0"}, {"name": "W[49]", "offset": "0x10c4", "size": "0x0"}, {"name": "W[50]", "offset": "0x10c8", "size": "0x0"}, {"name": "W[51]", "offset": "0x10cc", "size": "0x0"}, {"name": "W[52]", "offset": "0x10d0", "size": "0x0"}, {"name": "W[53]", "offset": "0x10d4", "size": "0x0"}, {"name": "W[54]", "offset": "0x10d8", "size": "0x0"}, {"name": "W[55]", "offset": "0x10dc", "size": "0x0"}, {"name": "W[56]", "offset": "0x10e0", "size": "0x0"}, {"name": "W[57]", "offset": "0x10e4", "size": "0x0"}, {"name": "W[58]", "offset": "0x10e8", "size": "0x0"}, {"name": "W[59]", "offset": "0x10ec", "size": "0x0"}, {"name": "W[60]", "offset": "0x10f0", "size": "0x0"}, {"name": "W[61]", "offset": "0x10f4", "size": "0x0"}, {"name": "W[62]", "offset": "0x10f8", "size": "0x0"}, {"name": "W[63]", "offset": "0x10fc", "size": "0x0"}, {"name": "W[64]", "offset": "0x1100", "size": "0x0"}, {"name": "W[65]", "offset": "0x1104", "size": "0x0"}, {"name": "W[66]", "offset": "0x1108", "size": "0x0"}, {"name": "W[67]", "offset": "0x110c", "size": "0x0"}, {"name": "W[68]", "offset": "0x1110", "size": "0x0"}, {"name": "W[69]", "offset": "0x1114", "size": "0x0"}, {"name": "W[70]", "offset": "0x1118", "size": "0x0"}, {"name": "W[71]", "offset": "0x111c", "size": "0x0"}, {"name": "W[72]", "offset": "0x1120", "size": "0x0"}, {"name": "W[73]", "offset": "0x1124", "size": "0x0"}, {"name": "W[74]", "offset": "0x1128", "size": "0x0"}, {"name": "W[75]", "offset": "0x112c", "size": "0x0"}, {"name": "W[76]", "offset": "0x1130", "size": "0x0"}, {"name": "W[77]", "offset": "0x1134", "size": "0x0"}, {"name": "W[78]", "offset": "0x1138", "size": "0x0"}, {"name": "W[79]", "offset": "0x113c", "size": "0x0"}, {"name": "W[80]", "offset": "0x1140", "size": "0x0"}, {"name": "W[81]", "offset": "0x1144", "size": "0x0"}, {"name": "W[82]", "offset": "0x1148", "size": "0x0"}, {"name": "W[83]", "offset": "0x114c", "size": "0x0"}, {"name": "W[84]", "offset": "0x1150", "size": "0x0"}, {"name": "W[85]", "offset": "0x1154", "size": "0x0"}, {"name": "W[86]", "offset": "0x1158", "size": "0x0"}, {"name": "W[87]", "offset": "0x115c", "size": "0x0"}, {"name": "DIR[0]", "offset": "0x2000", "size": "0x0"}, {"name": "DIR[1]", "offset": "0x2004", "size": "0x0"}, {"name": "DIR[2]", "offset": "0x2008", "size": "0x0"}, {"name": "MASK[0]", "offset": "0x2080", "size": "0x0"}, {"name": "MASK[1]", "offset": "0x2084", "size": "0x0"}, {"name": "MASK[2]", "offset": "0x2088", "size": "0x0"}, {"name": "PIN[0]", "offset": "0x2100", "size": "0x0"}, {"name": "PIN[1]", "offset": "0x2104", "size": "0x0"}, {"name": "PIN[2]", "offset": "0x2108", "size": "0x0"}, {"name": "MPIN[0]", "offset": "0x2180", "size": "0x0"}, {"name": "MPIN[1]", "offset": "0x2184", "size": "0x0"}, {"name": "MPIN[2]", "offset": "0x2188", "size": "0x0"}, {"name": "SET[0]", "offset": "0x2200", "size": "0x0"}, {"name": "SET[1]", "offset": "0x2204", "size": "0x0"}, {"name": "SET[2]", "offset": "0x2208", "size": "0x0"}, {"name": "CLR[0]", "offset": "0x2280", "size": "0x0"}, {"name": "CLR[1]", "offset": "0x2284", "size": "0x0"}, {"name": "CLR[2]", "offset": "0x2288", "size": "0x0"}, {"name": "NOT[0]", "offset": "0x2300", "size": "0x0"}, {"name": "NOT[1]", "offset": "0x2304", "size": "0x0"}, {"name": "NOT[2]", "offset": "0x2308", "size": "0x0"}]}, {"name": "PINT", "start": "0xa0004000", "end": "0xa0004ffe", "size": "0xfff", "comment": "", "registers": [{"name": "ISEL", "offset": "0x0"}, {"name": "IENR", "offset": "0x4"}, {"name": "SIENR", "offset": "0x8"}, {"name": "CIENR", "offset": "0xc"}, {"name": "IENF", "offset": "0x10"}, {"name": "SIENF", "offset": "0x14"}, {"name": "CIENF", "offset": "0x18"}, {"name": "RISE", "offset": "0x1c"}, {"name": "FALL", "offset": "0x20"}, {"name": "IST", "offset": "0x24"}, {"name": "PMCTRL", "offset": "0x28"}, {"name": "PMSRC", "offset": "0x2c"}, {"name": "PMCFG", "offset": "0x30"}]}], "vector_table": [{"name": "StackPointer_Value", "value": -1, "addr": "0x0", "comment": "Stack pointer initial value"}, {"name": "Reset", "value": -1, "addr": "0x4", "comment": "Priority: -3"}, {"name": "NMI", "value": -1, "addr": "0x8", "comment": "Priority: -2"}, {"name": "HardFault", "value": -1, "addr": "0xc", "comment": "Priority: -1"}, {"name": "SVCall", "value": -1, "addr": "0x2c", "comment": "Priority: 3"}, {"name": "PendSV", "value": -1, "addr": "0x38", "comment": "Priority: 5"}, {"name": "SysTick", "value": -1, "addr": "0x3c", "comment": "Priority: 6"}, {"name": "PIN_INT0", "value": 0, "comment": "", "addr": "0x40"}, {"name": "PIN_INT1", "value": 1, "comment": "", "addr": "0x44"}, {"name": "PIN_INT2", "value": 2, "comment": "", "addr": "0x48"}, {"name": "PIN_INT3", "value": 3, "comment": "", "addr": "0x4c"}, {"name": "PIN_INT4", "value": 4, "comment": "", "addr": "0x50"}, {"name": "PIN_INT5", "value": 5, "comment": "", "addr": "0x54"}, {"name": "PIN_INT6", "value": 6, "comment": "", "addr": "0x58"}, {"name": "PIN_INT7", "value": 7, "comment": "", "addr": "0x5c"}, {"name": "GINT0", "value": 8, "comment": "", "addr": "0x60"}, {"name": "GINT1", "value": 9, "comment": "", "addr": "0x64"}, {"name": "I2C1", "value": 10, "comment": "", "addr": "0x68"}, {"name": "USART1_4", "value": 11, "comment": "", "addr": "0x6c"}, {"name": "USART1_4", "value": 11, "comment": "", "addr": "0x6c"}, {"name": "USART1_4", "value": 11, "comment": "", "addr": "0x6c"}, {"name": "USART2_3", "value": 12, "comment": "", "addr": "0x70"}, {"name": "SCT0_1", "value": 13, "comment": "", "addr": "0x74"}, {"name": "SCT0_1", "value": 13, "comment": "", "addr": "0x74"}, {"name": "SSP1", "value": 14, "comment": "", "addr": "0x78"}, {"name": "I2C0", "value": 15, "comment": "", "addr": "0x7c"}, {"name": "CT16B0", "value": 16, "comment": "", "addr": "0x80"}, {"name": "CT16B1", "value": 17, "comment": "", "addr": "0x84"}, {"name": "CT32B0", "value": 18, "comment": "", "addr": "0x88"}, {"name": "CT32B1", "value": 19, "comment": "", "addr": "0x8c"}, {"name": "SSP0", "value": 20, "comment": "", "addr": "0x90"}, {"name": "USART", "value": 21, "comment": "", "addr": "0x94"}, {"name": "ADC_A", "value": 24, "comment": "", "addr": "0xa0"}, {"name": "RTC", "value": 25, "comment": "", "addr": "0xa4"}, {"name": "BOD_WDT", "value": 26, "comment": "", "addr": "0xa8"}, {"name": "FLASH", "value": 27, "comment": "", "addr": "0xac"}, {"name": "DMA", "value": 28, "comment": "", "addr": "0xb0"}]}