{"brand": "NXP", "family": "LPC11", "name": "LPC1102_04", "bits": 32, "mode": 1, "segments": [{"name": "SRAM", "start": "0x10000000", "end": "0x10001fff", "size": "0x2000", "type": "DATA"}], "peripherals": [{"name": "WWDT", "start": "0x40004000", "end": "0x40004ffe", "size": "0xfff", "comment": "", "registers": [{"name": "WDMOD", "offset": "0x0"}, {"name": "WDTC", "offset": "0x4"}, {"name": "WDFEED", "offset": "0x8"}, {"name": "WDTV", "offset": "0xc"}, {"name": "WDWARNINT", "offset": "0x14"}, {"name": "WDWINDOW", "offset": "0x18"}]}, {"name": "UART", "start": "0x40008000", "end": "0x40008ffe", "size": "0xfff", "comment": "", "registers": [{"name": "RBR", "offset": "0x0"}, {"name": "THR", "offset": "0x0"}, {"name": "DLL", "offset": "0x0"}, {"name": "DLM", "offset": "0x4"}, {"name": "IER", "offset": "0x4"}, {"name": "IIR", "offset": "0x8"}, {"name": "FCR", "offset": "0x8"}, {"name": "LCR", "offset": "0xc"}, {"name": "LSR", "offset": "0x14"}, {"name": "SCR", "offset": "0x1c"}, {"name": "ACR", "offset": "0x20"}, {"name": "FDR", "offset": "0x28"}, {"name": "TER", "offset": "0x30"}, {"name": "RS485CTRL", "offset": "0x4c"}, {"name": "RS485ADRMATCH", "offset": "0x50"}, {"name": "RS485DLY", "offset": "0x54"}]}, {"name": "CT16B0", "start": "0x4000c000", "end": "0x4000cffe", "size": "0xfff", "comment": "", "registers": [{"name": "IR", "offset": "0x0"}, {"name": "TCR", "offset": "0x4"}, {"name": "TC", "offset": "0x8"}, {"name": "PR", "offset": "0xc"}, {"name": "PC", "offset": "0x10"}, {"name": "MCR", "offset": "0x14"}, {"name": "EMR", "offset": "0x3c"}, {"name": "PWMC", "offset": "0x74"}, {"name": "MR0", "offset": "0x18", "size": "0x0"}, {"name": "MR1", "offset": "0x1c", "size": "0x0"}, {"name": "MR2", "offset": "0x20", "size": "0x0"}, {"name": "MR3", "offset": "0x24", "size": "0x0"}]}, {"name": "CT16B1", "start": "0x40010000", "end": "0x40010ffe", "size": "0xfff", "comment": "", "registers": [{"name": "IR", "offset": "0x0"}, {"name": "TCR", "offset": "0x4"}, {"name": "TC", "offset": "0x8"}, {"name": "PR", "offset": "0xc"}, {"name": "PC", "offset": "0x10"}, {"name": "MCR", "offset": "0x14"}, {"name": "EMR", "offset": "0x3c"}, {"name": "PWMC", "offset": "0x74"}, {"name": "MR0", "offset": "0x18", "size": "0x0"}, {"name": "MR1", "offset": "0x1c", "size": "0x0"}, {"name": "MR2", "offset": "0x20", "size": "0x0"}, {"name": "MR3", "offset": "0x24", "size": "0x0"}]}, {"name": "CT32B0", "start": "0x40014000", "end": "0x40014ffe", "size": "0xfff", "comment": "", "registers": [{"name": "IR", "offset": "0x0"}, {"name": "TCR", "offset": "0x4"}, {"name": "TC", "offset": "0x8"}, {"name": "PR", "offset": "0xc"}, {"name": "PC", "offset": "0x10"}, {"name": "MCR", "offset": "0x14"}, {"name": "EMR", "offset": "0x3c"}, {"name": "PWMC", "offset": "0x74"}, {"name": "MR0", "offset": "0x18", "size": "0x0"}, {"name": "MR1", "offset": "0x1c", "size": "0x0"}, {"name": "MR2", "offset": "0x20", "size": "0x0"}, {"name": "MR3", "offset": "0x24", "size": "0x0"}]}, {"name": "CT32B1", "start": "0x40018000", "end": "0x40018ffe", "size": "0xfff", "comment": "", "registers": [{"name": "IR", "offset": "0x0"}, {"name": "TCR", "offset": "0x4"}, {"name": "TC", "offset": "0x8"}, {"name": "PR", "offset": "0xc"}, {"name": "PC", "offset": "0x10"}, {"name": "MCR", "offset": "0x14"}, {"name": "CCR", "offset": "0x28"}, {"name": "CR0", "offset": "0x2c"}, {"name": "EMR", "offset": "0x3c"}, {"name": "CTCR", "offset": "0x70"}, {"name": "PWMC", "offset": "0x74"}, {"name": "MR0", "offset": "0x18", "size": "0x0"}, {"name": "MR1", "offset": "0x1c", "size": "0x0"}, {"name": "MR2", "offset": "0x20", "size": "0x0"}, {"name": "MR3", "offset": "0x24", "size": "0x0"}]}, {"name": "ADC", "start": "0x4001c000", "end": "0x4001cffe", "size": "0xfff", "comment": "", "registers": [{"name": "CR", "offset": "0x0"}, {"name": "GDR", "offset": "0x4"}, {"name": "STAT", "offset": "0x30"}, {"name": "INTEN", "offset": "0xc"}, {"name": "DR0", "offset": "0x10", "size": "0x0"}, {"name": "DR1", "offset": "0x14", "size": "0x0"}, {"name": "DR2", "offset": "0x18", "size": "0x0"}, {"name": "DR3", "offset": "0x1c", "size": "0x0"}, {"name": "DR4", "offset": "0x20", "size": "0x0"}]}, {"name": "PMU", "start": "0x40038000", "end": "0x40038ffe", "size": "0xfff", "comment": "", "registers": [{"name": "PCON", "offset": "0x0"}]}, {"name": "FLASHCTRL", "start": "0x4003c000", "end": "0x4003cffe", "size": "0xfff", "comment": "", "registers": [{"name": "FLASHCFG", "offset": "0x10"}, {"name": "FMSSTART", "offset": "0x20"}, {"name": "FMSSTOP", "offset": "0x24"}, {"name": "FMSW0", "offset": "0x2c"}, {"name": "FMSW1", "offset": "0x30"}, {"name": "FMSW2", "offset": "0x34"}, {"name": "FMSW3", "offset": "0x38"}, {"name": "FMSTAT", "offset": "0xfe0"}, {"name": "FMSTATCLR", "offset": "0xfe8"}]}, {"name": "SPI0", "start": "0x40040000", "end": "0x40040ffe", "size": "0xfff", "comment": "", "registers": [{"name": "CR0", "offset": "0x0"}, {"name": "CR1", "offset": "0x4"}, {"name": "DR", "offset": "0x8"}, {"name": "SR", "offset": "0xc"}, {"name": "CPSR", "offset": "0x10"}, {"name": "IMSC", "offset": "0x14"}, {"name": "RIS", "offset": "0x18"}, {"name": "MIS", "offset": "0x1c"}, {"name": "ICR", "offset": "0x20"}]}, {"name": "IOCON", "start": "0x40044000", "end": "0x40044ffe", "size": "0xfff", "comment": "", "registers": [{"name": "RESET_PIO0_0", "offset": "0xc"}, {"name": "PIO0_1", "offset": "0x10"}, {"name": "PIO0_6", "offset": "0x4c"}, {"name": "PIO0_8", "offset": "0x60"}, {"name": "PIO0_9", "offset": "0x64"}, {"name": "SWCLK_PIO0_10", "offset": "0x68"}, {"name": "R_PIO0_11", "offset": "0x74"}, {"name": "R_PIO1_0", "offset": "0x78"}, {"name": "R_PIO1_1", "offset": "0x7c"}, {"name": "R_PIO1_2", "offset": "0x80"}, {"name": "SWDIO_PIO1_3", "offset": "0x90"}, {"name": "PIO1_6", "offset": "0xa4"}, {"name": "PIO1_7", "offset": "0xa8"}]}, {"name": "SYSCON", "start": "0x40048000", "end": "0x40048ffe", "size": "0xfff", "comment": "", "registers": [{"name": "SYSMEMREMAP", "offset": "0x0"}, {"name": "PRESETCTRL", "offset": "0x4"}, {"name": "SYSPLLCTRL", "offset": "0x8"}, {"name": "SYSPLLSTAT", "offset": "0xc"}, {"name": "SYSOSCCTRL", "offset": "0x20"}, {"name": "WDTOSCCTRL", "offset": "0x24"}, {"name": "IRCCTRL", "offset": "0x28"}, {"name": "SYSRSTSTAT", "offset": "0x30"}, {"name": "SYSPLLCLKSEL", "offset": "0x40"}, {"name": "SYSPLLCLKUEN", "offset": "0x44"}, {"name": "MAINCLKSEL", "offset": "0x70"}, {"name": "MAINCLKUEN", "offset": "0x74"}, {"name": "SYSAHBCLKDIV", "offset": "0x78"}, {"name": "SYSAHBCLKCTRL", "offset": "0x80"}, {"name": "SSP0CLKDIV", "offset": "0x94"}, {"name": "UARTCLKDIV", "offset": "0x98"}, {"name": "WDTCLKSEL", "offset": "0xd0"}, {"name": "WDTCLKUEN", "offset": "0xd4"}, {"name": "WDTCLKDIV", "offset": "0xd8"}, {"name": "CLKOUTCLKSEL", "offset": "0xe0"}, {"name": "CLKOUTUEN", "offset": "0xe4"}, {"name": "CLKOUTCLKDIV", "offset": "0xe8"}, {"name": "PIOPORCAP0", "offset": "0x100"}, {"name": "BODCTRL", "offset": "0x150"}, {"name": "SYSTCKCAL", "offset": "0x154"}, {"name": "STARTAPRP0", "offset": "0x200"}, {"name": "STARTERP0", "offset": "0x204"}, {"name": "STARTRSRP0CLR", "offset": "0x208"}, {"name": "STARTSRP0", "offset": "0x20c"}, {"name": "PDSLEEPCFG", "offset": "0x230"}, {"name": "PDAWAKECFG", "offset": "0x234"}, {"name": "PDRUNCFG", "offset": "0x238"}, {"name": "DEVICE_ID", "offset": "0x3f4"}]}, {"name": "GPIO0", "start": "0x50000000", "end": "0x50fffffe", "size": "0xffffff", "comment": "", "registers": [{"name": "DATA", "offset": "0x3ff8"}, {"name": "DIR", "offset": "0x8000"}, {"name": "IS", "offset": "0x8004"}, {"name": "IBE", "offset": "0x8008"}, {"name": "IEV", "offset": "0x800c"}, {"name": "IE", "offset": "0x8010"}, {"name": "RIS", "offset": "0x8014"}, {"name": "MIS", "offset": "0x8018"}, {"name": "IC", "offset": "0x801c"}]}, {"name": "GPIO1", "start": "0x50010000", "end": "0x5100fffe", "size": "0xffffff", "comment": "", "registers": [{"name": "DATA", "offset": "0x3ff8"}, {"name": "DIR", "offset": "0x8000"}, {"name": "IS", "offset": "0x8004"}, {"name": "IBE", "offset": "0x8008"}, {"name": "IEV", "offset": "0x800c"}, {"name": "IE", "offset": "0x8010"}, {"name": "RIS", "offset": "0x8014"}, {"name": "MIS", "offset": "0x8018"}, {"name": "IC", "offset": "0x801c"}]}], "vector_table": [{"name": "StackPointer_Value", "value": -1, "addr": "0x0", "comment": "Stack pointer initial value"}, {"name": "Reset", "value": -1, "addr": "0x4", "comment": "Priority: -3"}, {"name": "NMI", "value": -1, "addr": "0x8", "comment": "Priority: -2"}, {"name": "HardFault", "value": -1, "addr": "0xc", "comment": "Priority: -1"}, {"name": "SVCall", "value": -1, "addr": "0x2c", "comment": "Priority: 3"}, {"name": "PendSV", "value": -1, "addr": "0x38", "comment": "Priority: 5"}, {"name": "SysTick", "value": -1, "addr": "0x3c", "comment": "Priority: 6"}, {"name": "PIO0_0", "value": 0, "comment": "", "addr": "0x40"}, {"name": "PIO0_8", "value": 8, "comment": "", "addr": "0x60"}, {"name": "PIO0_9", "value": 9, "comment": "", "addr": "0x64"}, {"name": "PIO0_10", "value": 10, "comment": "", "addr": "0x68"}, {"name": "PIO0_11", "value": 11, "comment": "", "addr": "0x6c"}, {"name": "PIO1_0", "value": 12, "comment": "", "addr": "0x70"}, {"name": "CT16B0", "value": 16, "comment": "", "addr": "0x80"}, {"name": "CT16B1", "value": 17, "comment": "", "addr": "0x84"}, {"name": "CT32B0", "value": 18, "comment": "", "addr": "0x88"}, {"name": "CT32B1", "value": 19, "comment": "", "addr": "0x8c"}, {"name": "SPI0", "value": 20, "comment": "", "addr": "0x90"}, {"name": "UART", "value": 21, "comment": "", "addr": "0x94"}, {"name": "ADC", "value": 24, "comment": "", "addr": "0xa0"}, {"name": "WDT", "value": 25, "comment": "", "addr": "0xa4"}, {"name": "BOD", "value": 26, "comment": "", "addr": "0xa8"}, {"name": "FMC", "value": 27, "comment": "", "addr": "0xac"}, {"name": "GPIO1", "value": 30, "comment": "", "addr": "0xb8"}, {"name": "GPIO0", "value": 31, "comment": "", "addr": "0xbc"}]}