{"brand": "NXP", "family": "LPC11", "name": "LPC11Uxx", "bits": 32, "mode": 1, "segments": [{"name": "SRAM", "start": "0x10000000", "end": "0x10001fff", "size": "0x2000", "type": "DATA"}], "peripherals": [{"name": "I2C", "start": "0x40000000", "end": "0x40000ffe", "size": "0xfff", "comment": "", "registers": [{"name": "CONSET", "offset": "0x0"}, {"name": "STAT", "offset": "0x4"}, {"name": "DAT", "offset": "0x8"}, {"name": "ADR0", "offset": "0xc"}, {"name": "SCLH", "offset": "0x10"}, {"name": "SCLL", "offset": "0x14"}, {"name": "CONCLR", "offset": "0x18"}, {"name": "MMCTRL", "offset": "0x1c"}, {"name": "DATA_BUFFER", "offset": "0x2c"}, {"name": "ADR1", "offset": "0x20", "size": "0x0"}, {"name": "ADR2", "offset": "0x24", "size": "0x0"}, {"name": "ADR3", "offset": "0x28", "size": "0x0"}, {"name": "MASK0", "offset": "0x30", "size": "0x0"}, {"name": "MASK1", "offset": "0x34", "size": "0x0"}, {"name": "MASK2", "offset": "0x38", "size": "0x0"}, {"name": "MASK3", "offset": "0x3c", "size": "0x0"}]}, {"name": "WWDT", "start": "0x40004000", "end": "0x40004ffe", "size": "0xfff", "comment": "", "registers": [{"name": "MOD", "offset": "0x0"}, {"name": "TC", "offset": "0x4"}, {"name": "FEED", "offset": "0x8"}, {"name": "TV", "offset": "0xc"}, {"name": "CLKSEL", "offset": "0x10"}, {"name": "WARNINT", "offset": "0x14"}, {"name": "WINDOW", "offset": "0x18"}]}, {"name": "USART", "start": "0x40008000", "end": "0x40008ffe", "size": "0xfff", "comment": "", "registers": [{"name": "RBR", "offset": "0x0"}, {"name": "THR", "offset": "0x0"}, {"name": "DLL", "offset": "0x0"}, {"name": "DLM", "offset": "0x4"}, {"name": "IER", "offset": "0x4"}, {"name": "IIR", "offset": "0x8"}, {"name": "FCR", "offset": "0x8"}, {"name": "LCR", "offset": "0xc"}, {"name": "MCR", "offset": "0x10"}, {"name": "LSR", "offset": "0x14"}, {"name": "MSR", "offset": "0x18"}, {"name": "SCR", "offset": "0x1c"}, {"name": "ACR", "offset": "0x20"}, {"name": "ICR", "offset": "0x24"}, {"name": "FDR", "offset": "0x28"}, {"name": "OSR", "offset": "0x2c"}, {"name": "TER", "offset": "0x30"}, {"name": "HDEN", "offset": "0x40"}, {"name": "SCICTRL", "offset": "0x48"}, {"name": "RS485CTRL", "offset": "0x4c"}, {"name": "RS485ADRMATCH", "offset": "0x50"}, {"name": "RS485DLY", "offset": "0x54"}, {"name": "SYNCCTRL", "offset": "0x58"}]}, {"name": "CT16B0", "start": "0x4000c000", "end": "0x4000cffe", "size": "0xfff", "comment": "", "registers": [{"name": "IR", "offset": "0x0"}, {"name": "TCR", "offset": "0x4"}, {"name": "TC", "offset": "0x8"}, {"name": "PR", "offset": "0xc"}, {"name": "PC", "offset": "0x10"}, {"name": "MCR", "offset": "0x14"}, {"name": "CCR", "offset": "0x28"}, {"name": "CR0", "offset": "0x2c"}, {"name": "CR1", "offset": "0x34"}, {"name": "EMR", "offset": "0x3c"}, {"name": "CTCR", "offset": "0x70"}, {"name": "PWMC", "offset": "0x74"}, {"name": "MR0", "offset": "0x18", "size": "0x0"}, {"name": "MR1", "offset": "0x1c", "size": "0x0"}, {"name": "MR2", "offset": "0x20", "size": "0x0"}, {"name": "MR3", "offset": "0x24", "size": "0x0"}]}, {"name": "CT16B1", "start": "0x40010000", "end": "0x40010ffe", "size": "0xfff", "comment": "", "registers": [{"name": "IR", "offset": "0x0"}, {"name": "TCR", "offset": "0x4"}, {"name": "TC", "offset": "0x8"}, {"name": "PR", "offset": "0xc"}, {"name": "PC", "offset": "0x10"}, {"name": "MCR", "offset": "0x14"}, {"name": "CCR", "offset": "0x28"}, {"name": "CR0", "offset": "0x2c"}, {"name": "CR1", "offset": "0x30"}, {"name": "EMR", "offset": "0x3c"}, {"name": "CTCR", "offset": "0x70"}, {"name": "PWMC", "offset": "0x74"}, {"name": "MR0", "offset": "0x18", "size": "0x0"}, {"name": "MR1", "offset": "0x1c", "size": "0x0"}, {"name": "MR2", "offset": "0x20", "size": "0x0"}, {"name": "MR3", "offset": "0x24", "size": "0x0"}]}, {"name": "CT32B0", "start": "0x40014000", "end": "0x40014ffe", "size": "0xfff", "comment": "", "registers": [{"name": "IR", "offset": "0x0"}, {"name": "TCR", "offset": "0x4"}, {"name": "TC", "offset": "0x8"}, {"name": "PR", "offset": "0xc"}, {"name": "PC", "offset": "0x10"}, {"name": "MCR", "offset": "0x14"}, {"name": "CCR", "offset": "0x28"}, {"name": "CR0", "offset": "0x2c"}, {"name": "CR1", "offset": "0x34"}, {"name": "EMR", "offset": "0x3c"}, {"name": "CTCR", "offset": "0x70"}, {"name": "PWMC", "offset": "0x74"}, {"name": "MR0", "offset": "0x18", "size": "0x0"}, {"name": "MR1", "offset": "0x1c", "size": "0x0"}, {"name": "MR2", "offset": "0x20", "size": "0x0"}, {"name": "MR3", "offset": "0x24", "size": "0x0"}]}, {"name": "CT32B1", "start": "0x40018000", "end": "0x40018ffe", "size": "0xfff", "comment": "", "registers": [{"name": "IR", "offset": "0x0"}, {"name": "TCR", "offset": "0x4"}, {"name": "TC", "offset": "0x8"}, {"name": "PR", "offset": "0xc"}, {"name": "PC", "offset": "0x10"}, {"name": "MCR", "offset": "0x14"}, {"name": "CCR", "offset": "0x28"}, {"name": "CR0", "offset": "0x2c"}, {"name": "CR1", "offset": "0x30"}, {"name": "EMR", "offset": "0x3c"}, {"name": "CTCR", "offset": "0x70"}, {"name": "PWMC", "offset": "0x74"}, {"name": "MR0", "offset": "0x18", "size": "0x0"}, {"name": "MR1", "offset": "0x1c", "size": "0x0"}, {"name": "MR2", "offset": "0x20", "size": "0x0"}, {"name": "MR3", "offset": "0x24", "size": "0x0"}]}, {"name": "ADC", "start": "0x4001c000", "end": "0x4001cffe", "size": "0xfff", "comment": "", "registers": [{"name": "CR", "offset": "0x0"}, {"name": "GDR", "offset": "0x4"}, {"name": "INTEN", "offset": "0xc"}, {"name": "STAT", "offset": "0x30"}, {"name": "DR0", "offset": "0x10", "size": "0x0"}, {"name": "DR1", "offset": "0x14", "size": "0x0"}, {"name": "DR2", "offset": "0x18", "size": "0x0"}, {"name": "DR3", "offset": "0x1c", "size": "0x0"}, {"name": "DR4", "offset": "0x20", "size": "0x0"}, {"name": "DR5", "offset": "0x24", "size": "0x0"}, {"name": "DR6", "offset": "0x28", "size": "0x0"}, {"name": "DR7", "offset": "0x2c", "size": "0x0"}]}, {"name": "PMU", "start": "0x40038000", "end": "0x40038ffe", "size": "0xfff", "comment": "", "registers": [{"name": "PCON", "offset": "0x0"}, {"name": "GPREG4", "offset": "0x14"}, {"name": "GPREG0", "offset": "0x4", "size": "0x0"}, {"name": "GPREG1", "offset": "0x8", "size": "0x0"}, {"name": "GPREG2", "offset": "0xc", "size": "0x0"}, {"name": "GPREG3", "offset": "0x10", "size": "0x0"}]}, {"name": "FLASHCTRL", "start": "0x4003c000", "end": "0x4003cffe", "size": "0xfff", "comment": "", "registers": [{"name": "EEMSSTART", "offset": "0x9c"}, {"name": "EEMSSTOP", "offset": "0xa0"}, {"name": "EEMSSIG", "offset": "0xa4"}, {"name": "FLASHCFG", "offset": "0x10"}, {"name": "FMSSTART", "offset": "0x20"}, {"name": "FMSSTOP", "offset": "0x24"}, {"name": "FMSW0", "offset": "0x2c"}, {"name": "FMSW1", "offset": "0x30"}, {"name": "FMSW2", "offset": "0x34"}, {"name": "FMSW3", "offset": "0x38"}, {"name": "FMSTAT", "offset": "0xfe0"}, {"name": "FMSTATCLR", "offset": "0xfe8"}]}, {"name": "SSP0", "start": "0x40040000", "end": "0x40040ffe", "size": "0xfff", "comment": "", "registers": [{"name": "CR0", "offset": "0x0"}, {"name": "CR1", "offset": "0x4"}, {"name": "DR", "offset": "0x8"}, {"name": "SR", "offset": "0xc"}, {"name": "CPSR", "offset": "0x10"}, {"name": "IMSC", "offset": "0x14"}, {"name": "RIS", "offset": "0x18"}, {"name": "MIS", "offset": "0x1c"}, {"name": "ICR", "offset": "0x20"}]}, {"name": "IOCON", "start": "0x40044000", "end": "0x40044ffe", "size": "0xfff", "comment": "", "registers": [{"name": "RESET_PIO0_0", "offset": "0x0"}, {"name": "PIO0_1", "offset": "0x4"}, {"name": "PIO0_2", "offset": "0x8"}, {"name": "PIO0_3", "offset": "0xc"}, {"name": "PIO0_4", "offset": "0x10"}, {"name": "PIO0_5", "offset": "0x14"}, {"name": "PIO0_6", "offset": "0x18"}, {"name": "PIO0_7", "offset": "0x1c"}, {"name": "PIO0_8", "offset": "0x20"}, {"name": "PIO0_9", "offset": "0x24"}, {"name": "SWCLK_PIO0_10", "offset": "0x28"}, {"name": "TDI_PIO0_11", "offset": "0x2c"}, {"name": "TMS_PIO0_12", "offset": "0x30"}, {"name": "TDO_PIO0_13", "offset": "0x34"}, {"name": "TRST_PIO0_14", "offset": "0x38"}, {"name": "SWDIO_PIO0_15", "offset": "0x3c"}, {"name": "PIO0_16", "offset": "0x40"}, {"name": "PIO0_17", "offset": "0x44"}, {"name": "PIO0_18", "offset": "0x48"}, {"name": "PIO0_19", "offset": "0x4c"}, {"name": "PIO0_20", "offset": "0x50"}, {"name": "PIO0_21", "offset": "0x54"}, {"name": "PIO0_22", "offset": "0x58"}, {"name": "PIO0_23", "offset": "0x5c"}, {"name": "PIO1_0", "offset": "0x60"}, {"name": "PIO1_1", "offset": "0x64"}, {"name": "PIO1_2", "offset": "0x68"}, {"name": "PIO1_3", "offset": "0x6c"}, {"name": "PIO1_4", "offset": "0x70"}, {"name": "PIO1_5", "offset": "0x74"}, {"name": "PIO1_6", "offset": "0x78"}, {"name": "PIO1_7", "offset": "0x7c"}, {"name": "PIO1_8", "offset": "0x80"}, {"name": "PIO1_9", "offset": "0x84"}, {"name": "PIO1_10", "offset": "0x88"}, {"name": "PIO1_11", "offset": "0x8c"}, {"name": "PIO1_12", "offset": "0x90"}, {"name": "PIO1_13", "offset": "0x94"}, {"name": "PIO1_14", "offset": "0x98"}, {"name": "PIO1_15", "offset": "0x9c"}, {"name": "PIO1_16", "offset": "0xa0"}, {"name": "PIO1_17", "offset": "0xa4"}, {"name": "PIO1_18", "offset": "0xa8"}, {"name": "PIO1_19", "offset": "0xac"}, {"name": "PIO1_20", "offset": "0xb0"}, {"name": "PIO1_21", "offset": "0xb4"}, {"name": "PIO1_22", "offset": "0xb8"}, {"name": "PIO1_23", "offset": "0xbc"}, {"name": "PIO1_24", "offset": "0xc0"}, {"name": "PIO1_25", "offset": "0xc4"}, {"name": "PIO1_26", "offset": "0xc8"}, {"name": "PIO1_27", "offset": "0xcc"}, {"name": "PIO1_28", "offset": "0xd0"}, {"name": "PIO1_29", "offset": "0xd4"}, {"name": "PIO1_31", "offset": "0xdc"}]}, {"name": "SYSCON", "start": "0x40048000", "end": "0x40048ffe", "size": "0xfff", "comment": "", "registers": [{"name": "SYSMEMREMAP", "offset": "0x0"}, {"name": "PRESETCTRL", "offset": "0x4"}, {"name": "SYSPLLCTRL", "offset": "0x8"}, {"name": "SYSPLLSTAT", "offset": "0xc"}, {"name": "USBPLLCTRL", "offset": "0x10"}, {"name": "USBPLLSTAT", "offset": "0x14"}, {"name": "SYSOSCCTRL", "offset": "0x20"}, {"name": "WDTOSCCTRL", "offset": "0x24"}, {"name": "SYSRSTSTAT", "offset": "0x30"}, {"name": "SYSPLLCLKSEL", "offset": "0x40"}, {"name": "SYSPLLCLKUEN", "offset": "0x44"}, {"name": "USBPLLCLKSEL", "offset": "0x48"}, {"name": "USBPLLCLKUEN", "offset": "0x4c"}, {"name": "MAINCLKSEL", "offset": "0x70"}, {"name": "MAINCLKUEN", "offset": "0x74"}, {"name": "SYSAHBCLKDIV", "offset": "0x78"}, {"name": "SYSAHBCLKCTRL", "offset": "0x80"}, {"name": "SSP0CLKDIV", "offset": "0x94"}, {"name": "UARTCLKDIV", "offset": "0x98"}, {"name": "SSP1CLKDIV", "offset": "0x9c"}, {"name": "USBCLKSEL", "offset": "0xc0"}, {"name": "USBCLKUEN", "offset": "0xc4"}, {"name": "USBCLKDIV", "offset": "0xc8"}, {"name": "CLKOUTSEL", "offset": "0xe0"}, {"name": "CLKOUTUEN", "offset": "0xe4"}, {"name": "CLKOUTDIV", "offset": "0xe8"}, {"name": "PIOPORCAP0", "offset": "0x100"}, {"name": "PIOPORCAP1", "offset": "0x104"}, {"name": "BODCTRL", "offset": "0x150"}, {"name": "SYSTCKCAL", "offset": "0x154"}, {"name": "IRQLATENCY", "offset": "0x170"}, {"name": "NMISRC", "offset": "0x174"}, {"name": "USBCLKCTRL", "offset": "0x198"}, {"name": "USBCLKST", "offset": "0x19c"}, {"name": "STARTERP0", "offset": "0x204"}, {"name": "STARTERP1", "offset": "0x214"}, {"name": "PDSLEEPCFG", "offset": "0x230"}, {"name": "PDAWAKECFG", "offset": "0x234"}, {"name": "PDRUNCFG", "offset": "0x238"}, {"name": "DEVICE_ID", "offset": "0x3f4"}, {"name": "PINTSEL0", "offset": "0x178", "size": "0x0"}, {"name": "PINTSEL1", "offset": "0x17c", "size": "0x0"}, {"name": "PINTSEL2", "offset": "0x180", "size": "0x0"}, {"name": "PINTSEL3", "offset": "0x184", "size": "0x0"}, {"name": "PINTSEL4", "offset": "0x188", "size": "0x0"}, {"name": "PINTSEL5", "offset": "0x18c", "size": "0x0"}, {"name": "PINTSEL6", "offset": "0x190", "size": "0x0"}, {"name": "PINTSEL7", "offset": "0x194", "size": "0x0"}]}, {"name": "GPIO_PIN_INT", "start": "0x4004c000", "end": "0x4004cffe", "size": "0xfff", "comment": "", "registers": [{"name": "ISEL", "offset": "0x0"}, {"name": "IENR", "offset": "0x4"}, {"name": "SIENR", "offset": "0x8"}, {"name": "CIENR", "offset": "0xc"}, {"name": "IENF", "offset": "0x10"}, {"name": "SIENF", "offset": "0x14"}, {"name": "CIENF", "offset": "0x18"}, {"name": "RISE", "offset": "0x1c"}, {"name": "FALL", "offset": "0x20"}, {"name": "IST", "offset": "0x24"}]}, {"name": "SSP1", "start": "0x40058000", "end": "0x40058ffe", "size": "0xfff", "comment": "", "registers": [{"name": "CR0", "offset": "0x0"}, {"name": "CR1", "offset": "0x4"}, {"name": "DR", "offset": "0x8"}, {"name": "SR", "offset": "0xc"}, {"name": "CPSR", "offset": "0x10"}, {"name": "IMSC", "offset": "0x14"}, {"name": "RIS", "offset": "0x18"}, {"name": "MIS", "offset": "0x1c"}, {"name": "ICR", "offset": "0x20"}]}, {"name": "GPIO_GROUP_INT0", "start": "0x4005c000", "end": "0x4005cffe", "size": "0xfff", "comment": "", "registers": [{"name": "CTRL", "offset": "0x0"}, {"name": "PORT_POL0", "offset": "0x20", "size": "0x0"}, {"name": "PORT_POL1", "offset": "0x24", "size": "0x0"}, {"name": "PORT_ENA0", "offset": "0x40", "size": "0x0"}, {"name": "PORT_ENA1", "offset": "0x44", "size": "0x0"}]}, {"name": "GPIO_GROUP_INT1", "start": "0x40060000", "end": "0x40060ffe", "size": "0xfff", "comment": "", "registers": [{"name": "CTRL", "offset": "0x0"}, {"name": "PORT_POL0", "offset": "0x20", "size": "0x0"}, {"name": "PORT_POL1", "offset": "0x24", "size": "0x0"}, {"name": "PORT_ENA0", "offset": "0x40", "size": "0x0"}, {"name": "PORT_ENA1", "offset": "0x44", "size": "0x0"}]}, {"name": "USB", "start": "0x40080000", "end": "0x40080ffe", "size": "0xfff", "comment": "", "registers": [{"name": "DEVCMDSTAT", "offset": "0x0"}, {"name": "INFO", "offset": "0x4"}, {"name": "EPLISTSTART", "offset": "0x8"}, {"name": "DATABUFSTART", "offset": "0xc"}, {"name": "LPM", "offset": "0x10"}, {"name": "EPSKIP", "offset": "0x14"}, {"name": "EPINUSE", "offset": "0x18"}, {"name": "EPBUFCFG", "offset": "0x1c"}, {"name": "INTSTAT", "offset": "0x20"}, {"name": "INTEN", "offset": "0x24"}, {"name": "INTSETSTAT", "offset": "0x28"}, {"name": "INTROUTING", "offset": "0x2c"}, {"name": "EPTOGGLE", "offset": "0x34"}]}, {"name": "GPIO_PORT", "start": "0x50000000", "end": "0x500ffffe", "size": "0xfffff", "comment": "", "registers": [{"name": "B00", "offset": "0x0", "size": "0x8"}, {"name": "B01", "offset": "0x1", "size": "0x8"}, {"name": "B02", "offset": "0x2", "size": "0x8"}, {"name": "B03", "offset": "0x3", "size": "0x8"}, {"name": "B04", "offset": "0x4", "size": "0x8"}, {"name": "B05", "offset": "0x5", "size": "0x8"}, {"name": "B06", "offset": "0x6", "size": "0x8"}, {"name": "B07", "offset": "0x7", "size": "0x8"}, {"name": "B08", "offset": "0x8", "size": "0x8"}, {"name": "B09", "offset": "0x9", "size": "0x8"}, {"name": "B010", "offset": "0xa", "size": "0x8"}, {"name": "B011", "offset": "0xb", "size": "0x8"}, {"name": "B012", "offset": "0xc", "size": "0x8"}, {"name": "B013", "offset": "0xd", "size": "0x8"}, {"name": "B014", "offset": "0xe", "size": "0x8"}, {"name": "B015", "offset": "0xf", "size": "0x8"}, {"name": "B016", "offset": "0x10", "size": "0x8"}, {"name": "B017", "offset": "0x11", "size": "0x8"}, {"name": "B018", "offset": "0x12", "size": "0x8"}, {"name": "B019", "offset": "0x13", "size": "0x8"}, {"name": "B020", "offset": "0x14", "size": "0x8"}, {"name": "B021", "offset": "0x15", "size": "0x8"}, {"name": "B022", "offset": "0x16", "size": "0x8"}, {"name": "B023", "offset": "0x17", "size": "0x8"}, {"name": "B024", "offset": "0x18", "size": "0x8"}, {"name": "B025", "offset": "0x19", "size": "0x8"}, {"name": "B026", "offset": "0x1a", "size": "0x8"}, {"name": "B027", "offset": "0x1b", "size": "0x8"}, {"name": "B028", "offset": "0x1c", "size": "0x8"}, {"name": "B029", "offset": "0x1d", "size": "0x8"}, {"name": "B030", "offset": "0x1e", "size": "0x8"}, {"name": "B031", "offset": "0x1f", "size": "0x8"}, {"name": "B132", "offset": "0x20", "size": "0x8"}, {"name": "B133", "offset": "0x21", "size": "0x8"}, {"name": "B134", "offset": "0x22", "size": "0x8"}, {"name": "B135", "offset": "0x23", "size": "0x8"}, {"name": "B136", "offset": "0x24", "size": "0x8"}, {"name": "B137", "offset": "0x25", "size": "0x8"}, {"name": "B138", "offset": "0x26", "size": "0x8"}, {"name": "B139", "offset": "0x27", "size": "0x8"}, {"name": "B140", "offset": "0x28", "size": "0x8"}, {"name": "B141", "offset": "0x29", "size": "0x8"}, {"name": "B142", "offset": "0x2a", "size": "0x8"}, {"name": "B143", "offset": "0x2b", "size": "0x8"}, {"name": "B144", "offset": "0x2c", "size": "0x8"}, {"name": "B145", "offset": "0x2d", "size": "0x8"}, {"name": "B146", "offset": "0x2e", "size": "0x8"}, {"name": "B147", "offset": "0x2f", "size": "0x8"}, {"name": "B148", "offset": "0x30", "size": "0x8"}, {"name": "B149", "offset": "0x31", "size": "0x8"}, {"name": "B150", "offset": "0x32", "size": "0x8"}, {"name": "B151", "offset": "0x33", "size": "0x8"}, {"name": "B152", "offset": "0x34", "size": "0x8"}, {"name": "B153", "offset": "0x35", "size": "0x8"}, {"name": "B154", "offset": "0x36", "size": "0x8"}, {"name": "B155", "offset": "0x37", "size": "0x8"}, {"name": "B156", "offset": "0x38", "size": "0x8"}, {"name": "B157", "offset": "0x39", "size": "0x8"}, {"name": "B158", "offset": "0x3a", "size": "0x8"}, {"name": "B159", "offset": "0x3b", "size": "0x8"}, {"name": "B160", "offset": "0x3c", "size": "0x8"}, {"name": "B161", "offset": "0x3d", "size": "0x8"}, {"name": "B162", "offset": "0x3e", "size": "0x8"}, {"name": "B163", "offset": "0x3f", "size": "0x8"}, {"name": "W0", "offset": "0x1000", "size": "0x0"}, {"name": "W1", "offset": "0x1004", "size": "0x0"}, {"name": "W2", "offset": "0x1008", "size": "0x0"}, {"name": "W3", "offset": "0x100c", "size": "0x0"}, {"name": "W4", "offset": "0x1010", "size": "0x0"}, {"name": "W5", "offset": "0x1014", "size": "0x0"}, {"name": "W6", "offset": "0x1018", "size": "0x0"}, {"name": "W7", "offset": "0x101c", "size": "0x0"}, {"name": "W8", "offset": "0x1020", "size": "0x0"}, {"name": "W9", "offset": "0x1024", "size": "0x0"}, {"name": "W10", "offset": "0x1028", "size": "0x0"}, {"name": "W11", "offset": "0x102c", "size": "0x0"}, {"name": "W12", "offset": "0x1030", "size": "0x0"}, {"name": "W13", "offset": "0x1034", "size": "0x0"}, {"name": "W14", "offset": "0x1038", "size": "0x0"}, {"name": "W15", "offset": "0x103c", "size": "0x0"}, {"name": "W16", "offset": "0x1040", "size": "0x0"}, {"name": "W17", "offset": "0x1044", "size": "0x0"}, {"name": "W18", "offset": "0x1048", "size": "0x0"}, {"name": "W19", "offset": "0x104c", "size": "0x0"}, {"name": "W20", "offset": "0x1050", "size": "0x0"}, {"name": "W21", "offset": "0x1054", "size": "0x0"}, {"name": "W22", "offset": "0x1058", "size": "0x0"}, {"name": "W23", "offset": "0x105c", "size": "0x0"}, {"name": "W24", "offset": "0x1060", "size": "0x0"}, {"name": "W25", "offset": "0x1064", "size": "0x0"}, {"name": "W26", "offset": "0x1068", "size": "0x0"}, {"name": "W27", "offset": "0x106c", "size": "0x0"}, {"name": "W28", "offset": "0x1070", "size": "0x0"}, {"name": "W29", "offset": "0x1074", "size": "0x0"}, {"name": "W30", "offset": "0x1078", "size": "0x0"}, {"name": "W31", "offset": "0x107c", "size": "0x0"}, {"name": "W32", "offset": "0x1080", "size": "0x0"}, {"name": "W33", "offset": "0x1084", "size": "0x0"}, {"name": "W34", "offset": "0x1088", "size": "0x0"}, {"name": "W35", "offset": "0x108c", "size": "0x0"}, {"name": "W36", "offset": "0x1090", "size": "0x0"}, {"name": "W37", "offset": "0x1094", "size": "0x0"}, {"name": "W38", "offset": "0x1098", "size": "0x0"}, {"name": "W39", "offset": "0x109c", "size": "0x0"}, {"name": "W40", "offset": "0x10a0", "size": "0x0"}, {"name": "W41", "offset": "0x10a4", "size": "0x0"}, {"name": "W42", "offset": "0x10a8", "size": "0x0"}, {"name": "W43", "offset": "0x10ac", "size": "0x0"}, {"name": "W44", "offset": "0x10b0", "size": "0x0"}, {"name": "W45", "offset": "0x10b4", "size": "0x0"}, {"name": "W46", "offset": "0x10b8", "size": "0x0"}, {"name": "W47", "offset": "0x10bc", "size": "0x0"}, {"name": "W48", "offset": "0x10c0", "size": "0x0"}, {"name": "W49", "offset": "0x10c4", "size": "0x0"}, {"name": "W50", "offset": "0x10c8", "size": "0x0"}, {"name": "W51", "offset": "0x10cc", "size": "0x0"}, {"name": "W52", "offset": "0x10d0", "size": "0x0"}, {"name": "W53", "offset": "0x10d4", "size": "0x0"}, {"name": "W54", "offset": "0x10d8", "size": "0x0"}, {"name": "W55", "offset": "0x10dc", "size": "0x0"}, {"name": "W56", "offset": "0x10e0", "size": "0x0"}, {"name": "W57", "offset": "0x10e4", "size": "0x0"}, {"name": "W58", "offset": "0x10e8", "size": "0x0"}, {"name": "W59", "offset": "0x10ec", "size": "0x0"}, {"name": "W60", "offset": "0x10f0", "size": "0x0"}, {"name": "W61", "offset": "0x10f4", "size": "0x0"}, {"name": "W62", "offset": "0x10f8", "size": "0x0"}, {"name": "W63", "offset": "0x10fc", "size": "0x0"}, {"name": "DIR0", "offset": "0x2000", "size": "0x0"}, {"name": "DIR1", "offset": "0x2004", "size": "0x0"}, {"name": "MASK0", "offset": "0x2080", "size": "0x0"}, {"name": "MASK1", "offset": "0x2084", "size": "0x0"}, {"name": "PIN0", "offset": "0x2100", "size": "0x0"}, {"name": "PIN1", "offset": "0x2104", "size": "0x0"}, {"name": "MPIN0", "offset": "0x2180", "size": "0x0"}, {"name": "MPIN1", "offset": "0x2184", "size": "0x0"}, {"name": "SET0", "offset": "0x2200", "size": "0x0"}, {"name": "SET1", "offset": "0x2204", "size": "0x0"}, {"name": "CLR0", "offset": "0x2280", "size": "0x0"}, {"name": "CLR1", "offset": "0x2284", "size": "0x0"}, {"name": "NOT0", "offset": "0x2300", "size": "0x0"}, {"name": "NOT1", "offset": "0x2304", "size": "0x0"}]}], "vector_table": [{"name": "StackPointer_Value", "value": -1, "addr": "0x0", "comment": "Stack pointer initial value"}, {"name": "Reset", "value": -1, "addr": "0x4", "comment": "Priority: -3"}, {"name": "NMI", "value": -1, "addr": "0x8", "comment": "Priority: -2"}, {"name": "HardFault", "value": -1, "addr": "0xc", "comment": "Priority: -1"}, {"name": "SVCall", "value": -1, "addr": "0x2c", "comment": "Priority: 3"}, {"name": "PendSV", "value": -1, "addr": "0x38", "comment": "Priority: 5"}, {"name": "SysTick", "value": -1, "addr": "0x3c", "comment": "Priority: 6"}, {"name": "PIN_INT0", "value": 0, "comment": "", "addr": "0x40"}, {"name": "PIN_INT1", "value": 1, "comment": "", "addr": "0x44"}, {"name": "PIN_INT2", "value": 2, "comment": "", "addr": "0x48"}, {"name": "PIN_INT3", "value": 3, "comment": "", "addr": "0x4c"}, {"name": "PIN_INT4", "value": 4, "comment": "", "addr": "0x50"}, {"name": "PIN_INT5", "value": 5, "comment": "", "addr": "0x54"}, {"name": "PIN_INT6", "value": 6, "comment": "", "addr": "0x58"}, {"name": "PIN_INT7", "value": 7, "comment": "", "addr": "0x5c"}, {"name": "GINT0", "value": 8, "comment": "", "addr": "0x60"}, {"name": "GINT1", "value": 9, "comment": "", "addr": "0x64"}, {"name": "SSP1", "value": 14, "comment": "", "addr": "0x78"}, {"name": "I2C", "value": 15, "comment": "", "addr": "0x7c"}, {"name": "CT16B0", "value": 16, "comment": "", "addr": "0x80"}, {"name": "CT16B1", "value": 17, "comment": "", "addr": "0x84"}, {"name": "CT32B0", "value": 18, "comment": "", "addr": "0x88"}, {"name": "CT32B1", "value": 19, "comment": "", "addr": "0x8c"}, {"name": "SSP0", "value": 20, "comment": "", "addr": "0x90"}, {"name": "USART", "value": 21, "comment": "", "addr": "0x94"}, {"name": "USB_IRQ", "value": 22, "comment": "", "addr": "0x98"}, {"name": "USB_FIQ", "value": 23, "comment": "", "addr": "0x9c"}, {"name": "ADC", "value": 24, "comment": "", "addr": "0xa0"}, {"name": "WDT", "value": 25, "comment": "", "addr": "0xa4"}, {"name": "BOD_IRQ", "value": 26, "comment": "", "addr": "0xa8"}, {"name": "FLASH_IRQ", "value": 27, "comment": "", "addr": "0xac"}, {"name": "USBWAKEUP", "value": 30, "comment": "", "addr": "0xb8"}]}