{"brand": "NXP", "family": "LPC8", "name": "LPC844", "bits": 32, "mode": 1, "segments": [{"name": "SRAM", "start": "0x10000000", "end": "0x10003fff", "size": "0x4000", "type": "DATA"}], "peripherals": [{"name": "WWDT", "start": "0x40000000", "end": "0x4000001b", "size": "0x1c", "comment": "", "registers": [{"name": "MOD", "offset": "0x0"}, {"name": "TC", "offset": "0x4"}, {"name": "FEED", "offset": "0x8"}, {"name": "TV", "offset": "0xc"}, {"name": "WARNINT", "offset": "0x14"}, {"name": "WINDOW", "offset": "0x18"}]}, {"name": "MRT0", "start": "0x40004000", "end": "0x400040fb", "size": "0xfc", "comment": "", "registers": [{"name": "MODCFG", "offset": "0xf0"}, {"name": "IDLE_CH", "offset": "0xf4"}, {"name": "IRQ_FLAG", "offset": "0xf8"}]}, {"name": "WKT", "start": "0x40008000", "end": "0x4000800f", "size": "0x10", "comment": "", "registers": [{"name": "CTRL", "offset": "0x0"}, {"name": "COUNT", "offset": "0xc"}]}, {"name": "SWM0", "start": "0x4000c000", "end": "0x4000c1c7", "size": "0x1c8", "comment": "", "registers": [{"name": "PINASSIGN0", "offset": "0x0"}, {"name": "PINASSIGN1", "offset": "0x4"}, {"name": "PINASSIGN2", "offset": "0x8"}, {"name": "PINASSIGN3", "offset": "0xc"}, {"name": "PINASSIGN4", "offset": "0x10"}, {"name": "PINASSIGN5", "offset": "0x14"}, {"name": "PINASSIGN6", "offset": "0x18"}, {"name": "PINASSIGN7", "offset": "0x1c"}, {"name": "PINASSIGN8", "offset": "0x20"}, {"name": "PINASSIGN9", "offset": "0x24"}, {"name": "PINASSIGN10", "offset": "0x28"}, {"name": "PINASSIGN11", "offset": "0x2c"}, {"name": "PINASSIGN12", "offset": "0x30"}, {"name": "PINASSIGN13", "offset": "0x34"}, {"name": "PINASSIGN14", "offset": "0x38"}, {"name": "PINENABLE0", "offset": "0x1c0"}, {"name": "PINENABLE1", "offset": "0x1c4"}, {"name": "PINASSIGN_DATA[0]", "offset": "0x0"}, {"name": "PINASSIGN_DATA[1]", "offset": "0x4"}, {"name": "PINASSIGN_DATA[2]", "offset": "0x8"}, {"name": "PINASSIGN_DATA[3]", "offset": "0xc"}, {"name": "PINASSIGN_DATA[4]", "offset": "0x10"}, {"name": "PINASSIGN_DATA[5]", "offset": "0x14"}, {"name": "PINASSIGN_DATA[6]", "offset": "0x18"}, {"name": "PINASSIGN_DATA[7]", "offset": "0x1c"}, {"name": "PINASSIGN_DATA[8]", "offset": "0x20"}, {"name": "PINASSIGN_DATA[9]", "offset": "0x24"}, {"name": "PINASSIGN_DATA[10]", "offset": "0x28"}, {"name": "PINASSIGN_DATA[11]", "offset": "0x2c"}, {"name": "PINASSIGN_DATA[12]", "offset": "0x30"}, {"name": "PINASSIGN_DATA[13]", "offset": "0x34"}, {"name": "PINASSIGN_DATA[14]", "offset": "0x38"}]}, {"name": "ADC0", "start": "0x4001c000", "end": "0x4001c06f", "size": "0x70", "comment": "", "registers": [{"name": "CTRL", "offset": "0x0"}, {"name": "THR0_LOW", "offset": "0x50"}, {"name": "THR1_LOW", "offset": "0x54"}, {"name": "THR0_HIGH", "offset": "0x58"}, {"name": "THR1_HIGH", "offset": "0x5c"}, {"name": "CHAN_THRSEL", "offset": "0x60"}, {"name": "INTEN", "offset": "0x64"}, {"name": "FLAGS", "offset": "0x68"}, {"name": "TRM", "offset": "0x6c"}, {"name": "SEQ_CTRLA", "offset": "0x8"}, {"name": "SEQ_CTRLB", "offset": "0xc"}, {"name": "SEQ_GDATA", "offset": "0x10"}, {"name": "SEQ_GDATB", "offset": "0x14"}, {"name": "DAT[0]", "offset": "0x20"}, {"name": "DAT[1]", "offset": "0x24"}, {"name": "DAT[2]", "offset": "0x28"}, {"name": "DAT[3]", "offset": "0x2c"}, {"name": "DAT[4]", "offset": "0x30"}, {"name": "DAT[5]", "offset": "0x34"}, {"name": "DAT[6]", "offset": "0x38"}, {"name": "DAT[7]", "offset": "0x3c"}, {"name": "DAT[8]", "offset": "0x40"}, {"name": "DAT[9]", "offset": "0x44"}, {"name": "DAT[10]", "offset": "0x48"}, {"name": "DAT[11]", "offset": "0x4c"}]}, {"name": "PMU", "start": "0x40020000", "end": "0x40020017", "size": "0x18", "comment": "", "registers": [{"name": "PCON", "offset": "0x0"}, {"name": "DPDCTRL", "offset": "0x14"}, {"name": "GPREG[0]", "offset": "0x4"}, {"name": "GPREG[1]", "offset": "0x8"}, {"name": "GPREG[2]", "offset": "0xc"}, {"name": "GPREG[3]", "offset": "0x10"}]}, {"name": "ACOMP", "start": "0x40024000", "end": "0x40024007", "size": "0x8", "comment": "", "registers": [{"name": "CTRL", "offset": "0x0"}, {"name": "LAD", "offset": "0x4"}]}, {"name": "INPUTMUX", "start": "0x4002c000", "end": "0x4002c0a3", "size": "0xa4", "comment": "", "registers": [{"name": "DMA_INMUX_INMUX[0]", "offset": "0x0"}, {"name": "DMA_INMUX_INMUX[1]", "offset": "0x4"}, {"name": "SCT_INMUX[0]", "offset": "0x20"}, {"name": "SCT_INMUX[1]", "offset": "0x24"}, {"name": "SCT_INMUX[2]", "offset": "0x28"}, {"name": "SCT_INMUX[3]", "offset": "0x2c"}, {"name": "DMA_ITRIG_INMUX[0]", "offset": "0x40"}, {"name": "DMA_ITRIG_INMUX[1]", "offset": "0x44"}, {"name": "DMA_ITRIG_INMUX[2]", "offset": "0x48"}, {"name": "DMA_ITRIG_INMUX[3]", "offset": "0x4c"}, {"name": "DMA_ITRIG_INMUX[4]", "offset": "0x50"}, {"name": "DMA_ITRIG_INMUX[5]", "offset": "0x54"}, {"name": "DMA_ITRIG_INMUX[6]", "offset": "0x58"}, {"name": "DMA_ITRIG_INMUX[7]", "offset": "0x5c"}, {"name": "DMA_ITRIG_INMUX[8]", "offset": "0x60"}, {"name": "DMA_ITRIG_INMUX[9]", "offset": "0x64"}, {"name": "DMA_ITRIG_INMUX[10]", "offset": "0x68"}, {"name": "DMA_ITRIG_INMUX[11]", "offset": "0x6c"}, {"name": "DMA_ITRIG_INMUX[12]", "offset": "0x70"}, {"name": "DMA_ITRIG_INMUX[13]", "offset": "0x74"}, {"name": "DMA_ITRIG_INMUX[14]", "offset": "0x78"}, {"name": "DMA_ITRIG_INMUX[15]", "offset": "0x7c"}, {"name": "DMA_ITRIG_INMUX[16]", "offset": "0x80"}, {"name": "DMA_ITRIG_INMUX[17]", "offset": "0x84"}, {"name": "DMA_ITRIG_INMUX[18]", "offset": "0x88"}, {"name": "DMA_ITRIG_INMUX[19]", "offset": "0x8c"}, {"name": "DMA_ITRIG_INMUX[20]", "offset": "0x90"}, {"name": "DMA_ITRIG_INMUX[21]", "offset": "0x94"}, {"name": "DMA_ITRIG_INMUX[22]", "offset": "0x98"}, {"name": "DMA_ITRIG_INMUX[23]", "offset": "0x9c"}, {"name": "DMA_ITRIG_INMUX[24]", "offset": "0xa0"}]}, {"name": "CTIMER0", "start": "0x40038000", "end": "0x40038087", "size": "0x88", "comment": "", "registers": [{"name": "IR", "offset": "0x0"}, {"name": "TCR", "offset": "0x4"}, {"name": "TC", "offset": "0x8"}, {"name": "PR", "offset": "0xc"}, {"name": "PC", "offset": "0x10"}, {"name": "MCR", "offset": "0x14"}, {"name": "CCR", "offset": "0x28"}, {"name": "EMR", "offset": "0x3c"}, {"name": "CTCR", "offset": "0x70"}, {"name": "PWMC", "offset": "0x74"}, {"name": "MR[0]", "offset": "0x18"}, {"name": "MR[1]", "offset": "0x1c"}, {"name": "MR[2]", "offset": "0x20"}, {"name": "MR[3]", "offset": "0x24"}, {"name": "CR[0]", "offset": "0x2c"}, {"name": "CR[1]", "offset": "0x30"}, {"name": "CR[2]", "offset": "0x34"}, {"name": "CR[3]", "offset": "0x38"}, {"name": "MSR[0]", "offset": "0x78"}, {"name": "MSR[1]", "offset": "0x7c"}, {"name": "MSR[2]", "offset": "0x80"}, {"name": "MSR[3]", "offset": "0x84"}]}, {"name": "FLASH_CTRL", "start": "0x40040000", "end": "0x40040feb", "size": "0xfec", "comment": "", "registers": [{"name": "FLASHCFG", "offset": "0x10"}, {"name": "FMSSTART", "offset": "0x20"}, {"name": "FMSSTOP", "offset": "0x24"}, {"name": "FMSW0", "offset": "0x2c"}, {"name": "FMSTAT", "offset": "0xfe0"}, {"name": "FMSTATCLR", "offset": "0xfe8"}]}, {"name": "IOCON", "start": "0x40044000", "end": "0x400440df", "size": "0xe0", "comment": "", "registers": [{"name": "PIO0", "offset": "0x0"}, {"name": "PIO1", "offset": "0x4"}, {"name": "PIO2", "offset": "0x8"}, {"name": "PIO3", "offset": "0xc"}, {"name": "PIO4", "offset": "0x10"}, {"name": "PIO5", "offset": "0x14"}, {"name": "PIO6", "offset": "0x18"}, {"name": "PIO7", "offset": "0x1c"}, {"name": "PIO8", "offset": "0x20"}, {"name": "PIO9", "offset": "0x24"}, {"name": "PIO10", "offset": "0x28"}, {"name": "PIO11", "offset": "0x2c"}, {"name": "PIO12", "offset": "0x30"}, {"name": "PIO13", "offset": "0x34"}, {"name": "PIO14", "offset": "0x38"}, {"name": "PIO15", "offset": "0x3c"}, {"name": "PIO16", "offset": "0x40"}, {"name": "PIO17", "offset": "0x44"}, {"name": "PIO18", "offset": "0x48"}, {"name": "PIO19", "offset": "0x4c"}, {"name": "PIO20", "offset": "0x50"}, {"name": "PIO21", "offset": "0x54"}, {"name": "PIO22", "offset": "0x58"}, {"name": "PIO23", "offset": "0x5c"}, {"name": "PIO24", "offset": "0x60"}, {"name": "PIO25", "offset": "0x64"}, {"name": "PIO26", "offset": "0x68"}, {"name": "PIO27", "offset": "0x6c"}, {"name": "PIO28", "offset": "0x70"}, {"name": "PIO29", "offset": "0x74"}, {"name": "PIO30", "offset": "0x78"}, {"name": "PIO31", "offset": "0x7c"}, {"name": "PIO32", "offset": "0x80"}, {"name": "PIO33", "offset": "0x84"}, {"name": "PIO34", "offset": "0x88"}, {"name": "PIO35", "offset": "0x8c"}, {"name": "PIO36", "offset": "0x90"}, {"name": "PIO37", "offset": "0x94"}, {"name": "PIO38", "offset": "0x98"}, {"name": "PIO39", "offset": "0x9c"}, {"name": "PIO40", "offset": "0xa0"}, {"name": "PIO41", "offset": "0xa4"}, {"name": "PIO42", "offset": "0xa8"}, {"name": "PIO43", "offset": "0xac"}, {"name": "PIO44", "offset": "0xb0"}, {"name": "PIO45", "offset": "0xb4"}, {"name": "PIO46", "offset": "0xb8"}, {"name": "PIO47", "offset": "0xbc"}, {"name": "PIO48", "offset": "0xc0"}, {"name": "PIO49", "offset": "0xc4"}, {"name": "PIO50", "offset": "0xc8"}, {"name": "PIO51", "offset": "0xcc"}, {"name": "PIO52", "offset": "0xd0"}, {"name": "PIO53", "offset": "0xd4"}, {"name": "PIO54", "offset": "0xd8"}, {"name": "PIO55", "offset": "0xdc"}]}, {"name": "SYSCON", "start": "0x40048000", "end": "0x400483fb", "size": "0x3fc", "comment": "", "registers": [{"name": "SYSMEMREMAP", "offset": "0x0"}, {"name": "SYSPLLCTRL", "offset": "0x8"}, {"name": "SYSPLLSTAT", "offset": "0xc"}, {"name": "SYSOSCCTRL", "offset": "0x20"}, {"name": "WDTOSCCTRL", "offset": "0x24"}, {"name": "FROOSCCTRL", "offset": "0x28"}, {"name": "FRODIRECTCLKUEN", "offset": "0x30"}, {"name": "SYSRSTSTAT", "offset": "0x38"}, {"name": "SYSPLLCLKSEL", "offset": "0x40"}, {"name": "SYSPLLCLKUEN", "offset": "0x44"}, {"name": "MAINCLKPLLSEL", "offset": "0x48"}, {"name": "MAINCLKPLLUEN", "offset": "0x4c"}, {"name": "MAINCLKSEL", "offset": "0x50"}, {"name": "MAINCLKUEN", "offset": "0x54"}, {"name": "SYSAHBCLKDIV", "offset": "0x58"}, {"name": "CAPTCLKSEL", "offset": "0x60"}, {"name": "ADCCLKSEL", "offset": "0x64"}, {"name": "ADCCLKDIV", "offset": "0x68"}, {"name": "SCTCLKSEL", "offset": "0x6c"}, {"name": "SCTCLKDIV", "offset": "0x70"}, {"name": "EXTCLKSEL", "offset": "0x74"}, {"name": "SYSAHBCLKCTRL0", "offset": "0x80"}, {"name": "SYSAHBCLKCTRL1", "offset": "0x84"}, {"name": "PRESETCTRL0", "offset": "0x88"}, {"name": "PRESETCTRL1", "offset": "0x8c"}, {"name": "CLKOUTSEL", "offset": "0xf0"}, {"name": "CLKOUTDIV", "offset": "0xf4"}, {"name": "EXTTRACECMD", "offset": "0xfc"}, {"name": "IOCONCLKDIV6", "offset": "0x134"}, {"name": "IOCONCLKDIV5", "offset": "0x138"}, {"name": "IOCONCLKDIV4", "offset": "0x13c"}, {"name": "IOCONCLKDIV3", "offset": "0x140"}, {"name": "IOCONCLKDIV2", "offset": "0x144"}, {"name": "IOCONCLKDIV1", "offset": "0x148"}, {"name": "IOCONCLKDIV0", "offset": "0x14c"}, {"name": "BODCTRL", "offset": "0x150"}, {"name": "SYSTCKCAL", "offset": "0x154"}, {"name": "IRQLATENCY", "offset": "0x170"}, {"name": "NMISRC", "offset": "0x174"}, {"name": "STARTERP0", "offset": "0x204"}, {"name": "STARTERP1", "offset": "0x214"}, {"name": "PDSLEEPCFG", "offset": "0x230"}, {"name": "PDAWAKECFG", "offset": "0x234"}, {"name": "PDRUNCFG", "offset": "0x238"}, {"name": "DEVICE_ID", "offset": "0x3f8"}, {"name": "FCLKSEL[0]", "offset": "0x90"}, {"name": "FCLKSEL[1]", "offset": "0x94"}, {"name": "FCLKSEL[2]", "offset": "0x98"}, {"name": "FCLKSEL[3]", "offset": "0x9c"}, {"name": "FCLKSEL[4]", "offset": "0xa0"}, {"name": "FCLKSEL[5]", "offset": "0xa4"}, {"name": "FCLKSEL[6]", "offset": "0xa8"}, {"name": "FCLKSEL[7]", "offset": "0xac"}, {"name": "FCLKSEL[8]", "offset": "0xb0"}, {"name": "FCLKSEL[9]", "offset": "0xb4"}, {"name": "FCLKSEL[10]", "offset": "0xb8"}, {"name": "PIOPORCAP[0]", "offset": "0x100"}, {"name": "PIOPORCAP[1]", "offset": "0x104"}, {"name": "PINTSEL[0]", "offset": "0x178"}, {"name": "PINTSEL[1]", "offset": "0x17c"}, {"name": "PINTSEL[2]", "offset": "0x180"}, {"name": "PINTSEL[3]", "offset": "0x184"}, {"name": "PINTSEL[4]", "offset": "0x188"}, {"name": "PINTSEL[5]", "offset": "0x18c"}, {"name": "PINTSEL[6]", "offset": "0x190"}, {"name": "PINTSEL[7]", "offset": "0x194"}]}, {"name": "I2C0", "start": "0x40050000", "end": "0x40050083", "size": "0x84", "comment": "", "registers": [{"name": "CFG", "offset": "0x0"}, {"name": "STAT", "offset": "0x4"}, {"name": "INTENSET", "offset": "0x8"}, {"name": "INTENCLR", "offset": "0xc"}, {"name": "TIMEOUT", "offset": "0x10"}, {"name": "CLKDIV", "offset": "0x14"}, {"name": "INTSTAT", "offset": "0x18"}, {"name": "MSTCTL", "offset": "0x20"}, {"name": "MSTTIME", "offset": "0x24"}, {"name": "MSTDAT", "offset": "0x28"}, {"name": "SLVCTL", "offset": "0x40"}, {"name": "SLVDAT", "offset": "0x44"}, {"name": "SLVQUAL0", "offset": "0x58"}, {"name": "MONRXDAT", "offset": "0x80"}, {"name": "SLVADR[0]", "offset": "0x48"}, {"name": "SLVADR[1]", "offset": "0x4c"}, {"name": "SLVADR[2]", "offset": "0x50"}, {"name": "SLVADR[3]", "offset": "0x54"}]}, {"name": "I2C1", "start": "0x40054000", "end": "0x40054083", "size": "0x84", "comment": "", "registers": [{"name": "CFG", "offset": "0x0"}, {"name": "STAT", "offset": "0x4"}, {"name": "INTENSET", "offset": "0x8"}, {"name": "INTENCLR", "offset": "0xc"}, {"name": "TIMEOUT", "offset": "0x10"}, {"name": "CLKDIV", "offset": "0x14"}, {"name": "INTSTAT", "offset": "0x18"}, {"name": "MSTCTL", "offset": "0x20"}, {"name": "MSTTIME", "offset": "0x24"}, {"name": "MSTDAT", "offset": "0x28"}, {"name": "SLVCTL", "offset": "0x40"}, {"name": "SLVDAT", "offset": "0x44"}, {"name": "SLVQUAL0", "offset": "0x58"}, {"name": "MONRXDAT", "offset": "0x80"}, {"name": "SLVADR[0]", "offset": "0x48"}, {"name": "SLVADR[1]", "offset": "0x4c"}, {"name": "SLVADR[2]", "offset": "0x50"}, {"name": "SLVADR[3]", "offset": "0x54"}]}, {"name": "SPI0", "start": "0x40058000", "end": "0x4005802b", "size": "0x2c", "comment": "", "registers": [{"name": "CFG", "offset": "0x0"}, {"name": "DLY", "offset": "0x4"}, {"name": "STAT", "offset": "0x8"}, {"name": "INTENSET", "offset": "0xc"}, {"name": "INTENCLR", "offset": "0x10"}, {"name": "RXDAT", "offset": "0x14"}, {"name": "TXDATCTL", "offset": "0x18"}, {"name": "TXDAT", "offset": "0x1c"}, {"name": "TXCTL", "offset": "0x20"}, {"name": "DIV", "offset": "0x24"}, {"name": "INTSTAT", "offset": "0x28"}]}, {"name": "SPI1", "start": "0x4005c000", "end": "0x4005c02b", "size": "0x2c", "comment": "", "registers": [{"name": "CFG", "offset": "0x0"}, {"name": "DLY", "offset": "0x4"}, {"name": "STAT", "offset": "0x8"}, {"name": "INTENSET", "offset": "0xc"}, {"name": "INTENCLR", "offset": "0x10"}, {"name": "RXDAT", "offset": "0x14"}, {"name": "TXDATCTL", "offset": "0x18"}, {"name": "TXDAT", "offset": "0x1c"}, {"name": "TXCTL", "offset": "0x20"}, {"name": "DIV", "offset": "0x24"}, {"name": "INTSTAT", "offset": "0x28"}]}, {"name": "USART0", "start": "0x40064000", "end": "0x4006402f", "size": "0x30", "comment": "", "registers": [{"name": "CFG", "offset": "0x0"}, {"name": "CTL", "offset": "0x4"}, {"name": "STAT", "offset": "0x8"}, {"name": "INTENSET", "offset": "0xc"}, {"name": "INTENCLR", "offset": "0x10"}, {"name": "RXDAT", "offset": "0x14"}, {"name": "RXDATSTAT", "offset": "0x18"}, {"name": "TXDAT", "offset": "0x1c"}, {"name": "BRG", "offset": "0x20"}, {"name": "INTSTAT", "offset": "0x24"}, {"name": "OSR", "offset": "0x28"}, {"name": "ADDR", "offset": "0x2c"}]}, {"name": "USART1", "start": "0x40068000", "end": "0x4006802f", "size": "0x30", "comment": "", "registers": [{"name": "CFG", "offset": "0x0"}, {"name": "CTL", "offset": "0x4"}, {"name": "STAT", "offset": "0x8"}, {"name": "INTENSET", "offset": "0xc"}, {"name": "INTENCLR", "offset": "0x10"}, {"name": "RXDAT", "offset": "0x14"}, {"name": "RXDATSTAT", "offset": "0x18"}, {"name": "TXDAT", "offset": "0x1c"}, {"name": "BRG", "offset": "0x20"}, {"name": "INTSTAT", "offset": "0x24"}, {"name": "OSR", "offset": "0x28"}, {"name": "ADDR", "offset": "0x2c"}]}, {"name": "USART2", "start": "0x4006c000", "end": "0x4006c02f", "size": "0x30", "comment": "", "registers": [{"name": "CFG", "offset": "0x0"}, {"name": "CTL", "offset": "0x4"}, {"name": "STAT", "offset": "0x8"}, {"name": "INTENSET", "offset": "0xc"}, {"name": "INTENCLR", "offset": "0x10"}, {"name": "RXDAT", "offset": "0x14"}, {"name": "RXDATSTAT", "offset": "0x18"}, {"name": "TXDAT", "offset": "0x1c"}, {"name": "BRG", "offset": "0x20"}, {"name": "INTSTAT", "offset": "0x24"}, {"name": "OSR", "offset": "0x28"}, {"name": "ADDR", "offset": "0x2c"}]}, {"name": "USART3", "start": "0x40070000", "end": "0x4007002f", "size": "0x30", "comment": "", "registers": [{"name": "CFG", "offset": "0x0"}, {"name": "CTL", "offset": "0x4"}, {"name": "STAT", "offset": "0x8"}, {"name": "INTENSET", "offset": "0xc"}, {"name": "INTENCLR", "offset": "0x10"}, {"name": "RXDAT", "offset": "0x14"}, {"name": "RXDATSTAT", "offset": "0x18"}, {"name": "TXDAT", "offset": "0x1c"}, {"name": "BRG", "offset": "0x20"}, {"name": "INTSTAT", "offset": "0x24"}, {"name": "OSR", "offset": "0x28"}, {"name": "ADDR", "offset": "0x2c"}]}, {"name": "USART4", "start": "0x40074000", "end": "0x4007402f", "size": "0x30", "comment": "", "registers": [{"name": "CFG", "offset": "0x0"}, {"name": "CTL", "offset": "0x4"}, {"name": "STAT", "offset": "0x8"}, {"name": "INTENSET", "offset": "0xc"}, {"name": "INTENCLR", "offset": "0x10"}, {"name": "RXDAT", "offset": "0x14"}, {"name": "RXDATSTAT", "offset": "0x18"}, {"name": "TXDAT", "offset": "0x1c"}, {"name": "BRG", "offset": "0x20"}, {"name": "INTSTAT", "offset": "0x24"}, {"name": "OSR", "offset": "0x28"}, {"name": "ADDR", "offset": "0x2c"}]}, {"name": "CRC", "start": "0x50000000", "end": "0x5000000b", "size": "0xc", "comment": "", "registers": [{"name": "MODE", "offset": "0x0"}, {"name": "SEED", "offset": "0x4"}, {"name": "SUM", "offset": "0x8"}, {"name": "WR_DATA", "offset": "0x8"}]}, {"name": "SCT0", "start": "0x50004000", "end": "0x50004537", "size": "0x538", "comment": "", "registers": [{"name": "CONFIG", "offset": "0x0"}, {"name": "CTRL", "offset": "0x4"}, {"name": "LIMIT", "offset": "0x8"}, {"name": "HALT", "offset": "0xc"}, {"name": "STOP", "offset": "0x10"}, {"name": "START", "offset": "0x14"}, {"name": "COUNT", "offset": "0x40"}, {"name": "STATE", "offset": "0x44"}, {"name": "INPUT", "offset": "0x48"}, {"name": "REGMODE", "offset": "0x4c"}, {"name": "OUTPUT", "offset": "0x50"}, {"name": "OUTPUTDIRCTRL", "offset": "0x54"}, {"name": "RES", "offset": "0x58"}, {"name": "DMA0REQUEST", "offset": "0x5c"}, {"name": "DMA1REQUEST", "offset": "0x60"}, {"name": "EVEN", "offset": "0xf0"}, {"name": "EVFLAG", "offset": "0xf4"}, {"name": "CONEN", "offset": "0xf8"}, {"name": "CONFLAG", "offset": "0xfc"}, {"name": "SCTCAP[0]", "offset": "0x100"}, {"name": "SCTCAP[1]", "offset": "0x104"}, {"name": "SCTCAP[2]", "offset": "0x108"}, {"name": "SCTCAP[3]", "offset": "0x10c"}, {"name": "SCTCAP[4]", "offset": "0x110"}, {"name": "SCTCAP[5]", "offset": "0x114"}, {"name": "SCTCAP[6]", "offset": "0x118"}, {"name": "SCTCAP[7]", "offset": "0x11c"}, {"name": "SCTMATCH[0]", "offset": "0x100"}, {"name": "SCTMATCH[1]", "offset": "0x104"}, {"name": "SCTMATCH[2]", "offset": "0x108"}, {"name": "SCTMATCH[3]", "offset": "0x10c"}, {"name": "SCTMATCH[4]", "offset": "0x110"}, {"name": "SCTMATCH[5]", "offset": "0x114"}, {"name": "SCTMATCH[6]", "offset": "0x118"}, {"name": "SCTMATCH[7]", "offset": "0x11c"}, {"name": "SCTCAPCTRL[0]", "offset": "0x200"}, {"name": "SCTCAPCTRL[1]", "offset": "0x204"}, {"name": "SCTCAPCTRL[2]", "offset": "0x208"}, {"name": "SCTCAPCTRL[3]", "offset": "0x20c"}, {"name": "SCTCAPCTRL[4]", "offset": "0x210"}, {"name": "SCTCAPCTRL[5]", "offset": "0x214"}, {"name": "SCTCAPCTRL[6]", "offset": "0x218"}, {"name": "SCTCAPCTRL[7]", "offset": "0x21c"}, {"name": "SCTMATCHREL[0]", "offset": "0x200"}, {"name": "SCTMATCHREL[1]", "offset": "0x204"}, {"name": "SCTMATCHREL[2]", "offset": "0x208"}, {"name": "SCTMATCHREL[3]", "offset": "0x20c"}, {"name": "SCTMATCHREL[4]", "offset": "0x210"}, {"name": "SCTMATCHREL[5]", "offset": "0x214"}, {"name": "SCTMATCHREL[6]", "offset": "0x218"}, {"name": "SCTMATCHREL[7]", "offset": "0x21c"}]}, {"name": "DMA0", "start": "0x50008000", "end": "0x5000858b", "size": "0x58c", "comment": "", "registers": [{"name": "CTRL", "offset": "0x0"}, {"name": "INTSTAT", "offset": "0x4"}, {"name": "SRAMBASE", "offset": "0x8"}, {"name": "ENABLESET0", "offset": "0x20"}, {"name": "ENABLECLR0", "offset": "0x28"}, {"name": "ACTIVE0", "offset": "0x30"}, {"name": "BUSY0", "offset": "0x38"}, {"name": "ERRINT0", "offset": "0x40"}, {"name": "INTENSET0", "offset": "0x48"}, {"name": "INTENCLR0", "offset": "0x50"}, {"name": "INTA0", "offset": "0x58"}, {"name": "INTB0", "offset": "0x60"}, {"name": "SETVALID0", "offset": "0x68"}, {"name": "SETTRIG0", "offset": "0x70"}, {"name": "ABORT0", "offset": "0x78"}]}, {"name": "MTB_SFR", "start": "0x5000c000", "end": "0x5000c00f", "size": "0x10", "comment": "", "registers": [{"name": "POSITION", "offset": "0x0"}, {"name": "MASTER", "offset": "0x4"}, {"name": "FLOW", "offset": "0x8"}, {"name": "BASE", "offset": "0xc"}]}, {"name": "GPIO", "start": "0xa0000000", "end": "0xa0002487", "size": "0x2488", "comment": "", "registers": [{"name": "MPIN0", "offset": "0x2180"}, {"name": "DIR[0]", "offset": "0x2000"}, {"name": "DIR[1]", "offset": "0x2004"}, {"name": "MASK[0]", "offset": "0x2080"}, {"name": "MASK[1]", "offset": "0x2084"}, {"name": "PIN[0]", "offset": "0x2100"}, {"name": "PIN[1]", "offset": "0x2104"}, {"name": "SET[0]", "offset": "0x2200"}, {"name": "SET[1]", "offset": "0x2204"}, {"name": "CLR[0]", "offset": "0x2280"}, {"name": "CLR[1]", "offset": "0x2284"}, {"name": "NOT[0]", "offset": "0x2300"}, {"name": "NOT[1]", "offset": "0x2304"}, {"name": "DIRSET[0]", "offset": "0x2380"}, {"name": "DIRSET[1]", "offset": "0x2384"}, {"name": "DIRCLR[0]", "offset": "0x2400"}, {"name": "DIRCLR[1]", "offset": "0x2404"}, {"name": "DIRNOT[0]", "offset": "0x2480"}, {"name": "DIRNOT[1]", "offset": "0x2484"}]}, {"name": "PINT", "start": "0xa0004000", "end": "0xa0004033", "size": "0x34", "comment": "", "registers": [{"name": "ISEL", "offset": "0x0"}, {"name": "IENR", "offset": "0x4"}, {"name": "SIENR", "offset": "0x8"}, {"name": "CIENR", "offset": "0xc"}, {"name": "IENF", "offset": "0x10"}, {"name": "SIENF", "offset": "0x14"}, {"name": "CIENF", "offset": "0x18"}, {"name": "RISE", "offset": "0x1c"}, {"name": "FALL", "offset": "0x20"}, {"name": "IST", "offset": "0x24"}, {"name": "PMCTRL", "offset": "0x28"}, {"name": "PMSRC", "offset": "0x2c"}, {"name": "PMCFG", "offset": "0x30"}]}], "vector_table": [{"name": "StackPointer_Value", "value": -1, "addr": "0x0", "comment": "Stack pointer initial value"}, {"name": "Reset", "value": -1, "addr": "0x4", "comment": "Priority: -3"}, {"name": "NMI", "value": -1, "addr": "0x8", "comment": "Priority: -2"}, {"name": "HardFault", "value": -1, "addr": "0xc", "comment": "Priority: -1"}, {"name": "SVCall", "value": -1, "addr": "0x2c", "comment": "Priority: 3"}, {"name": "PendSV", "value": -1, "addr": "0x38", "comment": "Priority: 5"}, {"name": "SysTick", "value": -1, "addr": "0x3c", "comment": "Priority: 6"}, {"name": "SPI0", "value": 0, "comment": "", "addr": "0x40"}, {"name": "SPI1", "value": 1, "comment": "", "addr": "0x44"}, {"name": "USART0", "value": 3, "comment": "", "addr": "0x4c"}, {"name": "USART1", "value": 4, "comment": "", "addr": "0x50"}, {"name": "USART2", "value": 5, "comment": "", "addr": "0x54"}, {"name": "I2C1", "value": 7, "comment": "", "addr": "0x5c"}, {"name": "I2C0", "value": 8, "comment": "", "addr": "0x60"}, {"name": "SCT0", "value": 9, "comment": "", "addr": "0x64"}, {"name": "WKT", "value": 15, "comment": "", "addr": "0x7c"}, {"name": "ADC0_SEQA", "value": 16, "comment": "", "addr": "0x80"}, {"name": "ADC0_SEQB", "value": 17, "comment": "", "addr": "0x84"}, {"name": "ADC0_THCMP", "value": 18, "comment": "", "addr": "0x88"}, {"name": "ADC0_OVR", "value": 19, "comment": "", "addr": "0x8c"}, {"name": "DMA0", "value": 20, "comment": "", "addr": "0x90"}, {"name": "CTIMER0", "value": 23, "comment": "", "addr": "0x9c"}, {"name": "PIN_INT0", "value": 24, "comment": "", "addr": "0xa0"}, {"name": "PIN_INT1", "value": 25, "comment": "", "addr": "0xa4"}, {"name": "PIN_INT2", "value": 26, "comment": "", "addr": "0xa8"}, {"name": "PIN_INT3", "value": 27, "comment": "", "addr": "0xac"}, {"name": "PIN_INT4", "value": 28, "comment": "", "addr": "0xb0"}, {"name": "PIN_INT5_DAC1", "value": 29, "comment": "", "addr": "0xb4"}, {"name": "PIN_INT6_USART3", "value": 30, "comment": "", "addr": "0xb8"}, {"name": "PIN_INT6_USART3", "value": 30, "comment": "", "addr": "0xb8"}, {"name": "PIN_INT7_USART4", "value": 31, "comment": "", "addr": "0xbc"}, {"name": "PIN_INT7_USART4", "value": 31, "comment": "", "addr": "0xbc"}]}