{"brand": "NXP", "family": "LPC8", "name": "LPC811", "bits": 32, "mode": 1, "segments": [{"name": "SRAM", "start": "0x10000000", "end": "0x10003fff", "size": "0x4000", "type": "DATA"}], "peripherals": [{"name": "MTB", "start": "0x14000000", "end": "0x1400000f", "size": "0x10", "comment": "", "registers": [{"name": "POSITION", "offset": "0x0"}, {"name": "MASTER", "offset": "0x4"}, {"name": "FLOW", "offset": "0x8"}, {"name": "BASE", "offset": "0xc"}]}, {"name": "WWDT", "start": "0x40000000", "end": "0x4000001b", "size": "0x1c", "comment": "", "registers": [{"name": "MOD", "offset": "0x0"}, {"name": "TC", "offset": "0x4"}, {"name": "FEED", "offset": "0x8"}, {"name": "TV", "offset": "0xc"}, {"name": "WARNINT", "offset": "0x14"}, {"name": "WINDOW", "offset": "0x18"}]}, {"name": "MRT0", "start": "0x40004000", "end": "0x400040fb", "size": "0xfc", "comment": "", "registers": [{"name": "MODCFG", "offset": "0xf0"}, {"name": "IDLE_CH", "offset": "0xf4"}, {"name": "IRQ_FLAG", "offset": "0xf8"}]}, {"name": "WKT", "start": "0x40008000", "end": "0x4000800f", "size": "0x10", "comment": "", "registers": [{"name": "CTRL", "offset": "0x0"}, {"name": "COUNT", "offset": "0xc"}]}, {"name": "SWM0", "start": "0x4000c000", "end": "0x4000c1c3", "size": "0x1c4", "comment": "", "registers": [{"name": "PINASSIGN0", "offset": "0x0"}, {"name": "PINASSIGN1", "offset": "0x4"}, {"name": "PINASSIGN2", "offset": "0x8"}, {"name": "PINASSIGN3", "offset": "0xc"}, {"name": "PINASSIGN4", "offset": "0x10"}, {"name": "PINASSIGN5", "offset": "0x14"}, {"name": "PINASSIGN6", "offset": "0x18"}, {"name": "PINASSIGN7", "offset": "0x1c"}, {"name": "PINASSIGN8", "offset": "0x20"}, {"name": "PINENABLE0", "offset": "0x1c0"}, {"name": "PINASSIGN_DATA[0]", "offset": "0x0"}, {"name": "PINASSIGN_DATA[1]", "offset": "0x4"}, {"name": "PINASSIGN_DATA[2]", "offset": "0x8"}, {"name": "PINASSIGN_DATA[3]", "offset": "0xc"}, {"name": "PINASSIGN_DATA[4]", "offset": "0x10"}, {"name": "PINASSIGN_DATA[5]", "offset": "0x14"}, {"name": "PINASSIGN_DATA[6]", "offset": "0x18"}, {"name": "PINASSIGN_DATA[7]", "offset": "0x1c"}, {"name": "PINASSIGN_DATA[8]", "offset": "0x20"}]}, {"name": "PMU", "start": "0x40020000", "end": "0x40020017", "size": "0x18", "comment": "", "registers": [{"name": "PCON", "offset": "0x0"}, {"name": "DPDCTRL", "offset": "0x14"}, {"name": "GPREG[0]", "offset": "0x4"}, {"name": "GPREG[1]", "offset": "0x8"}, {"name": "GPREG[2]", "offset": "0xc"}, {"name": "GPREG[3]", "offset": "0x10"}]}, {"name": "ACOMP", "start": "0x40024000", "end": "0x40024007", "size": "0x8", "comment": "", "registers": [{"name": "CTRL", "offset": "0x0"}, {"name": "LAD", "offset": "0x4"}]}, {"name": "FLASH_CTRL", "start": "0x40040000", "end": "0x4004002f", "size": "0x30", "comment": "", "registers": [{"name": "FLASHCFG", "offset": "0x10"}, {"name": "FMSSTART", "offset": "0x20"}, {"name": "FMSSTOP", "offset": "0x24"}, {"name": "FMSW0", "offset": "0x2c"}]}, {"name": "IOCON", "start": "0x40044000", "end": "0x4004404b", "size": "0x4c", "comment": "", "registers": [{"name": "PIO0", "offset": "0x0"}, {"name": "PIO1", "offset": "0x4"}, {"name": "PIO2", "offset": "0x8"}, {"name": "PIO3", "offset": "0xc"}, {"name": "PIO4", "offset": "0x10"}, {"name": "PIO5", "offset": "0x14"}, {"name": "PIO6", "offset": "0x18"}, {"name": "PIO7", "offset": "0x1c"}, {"name": "PIO8", "offset": "0x20"}, {"name": "PIO9", "offset": "0x24"}, {"name": "PIO10", "offset": "0x28"}, {"name": "PIO11", "offset": "0x2c"}, {"name": "PIO12", "offset": "0x30"}, {"name": "PIO13", "offset": "0x34"}, {"name": "PIO14", "offset": "0x38"}, {"name": "PIO15", "offset": "0x3c"}, {"name": "PIO16", "offset": "0x40"}, {"name": "PIO17", "offset": "0x44"}, {"name": "PIO18", "offset": "0x48"}]}, {"name": "SYSCON", "start": "0x40048000", "end": "0x400483fb", "size": "0x3fc", "comment": "", "registers": [{"name": "SYSMEMREMAP", "offset": "0x0"}, {"name": "PRESETCTRL", "offset": "0x4"}, {"name": "SYSPLLCTRL", "offset": "0x8"}, {"name": "SYSPLLSTAT", "offset": "0xc"}, {"name": "SYSOSCCTRL", "offset": "0x20"}, {"name": "WDTOSCCTRL", "offset": "0x24"}, {"name": "SYSRSTSTAT", "offset": "0x30"}, {"name": "SYSPLLCLKSEL", "offset": "0x40"}, {"name": "SYSPLLCLKUEN", "offset": "0x44"}, {"name": "MAINCLKSEL", "offset": "0x70"}, {"name": "MAINCLKUEN", "offset": "0x74"}, {"name": "SYSAHBCLKDIV", "offset": "0x78"}, {"name": "SYSAHBCLKCTRL", "offset": "0x80"}, {"name": "UARTCLKDIV", "offset": "0x94"}, {"name": "CLKOUTSEL", "offset": "0xe0"}, {"name": "CLKOUTUEN", "offset": "0xe4"}, {"name": "CLKOUTDIV", "offset": "0xe8"}, {"name": "UARTFRGDIV", "offset": "0xf0"}, {"name": "UARTFRGMULT", "offset": "0xf4"}, {"name": "EXTTRACECMD", "offset": "0xfc"}, {"name": "PIOPORCAP0", "offset": "0x100"}, {"name": "IOCONCLKDIV6", "offset": "0x134"}, {"name": "IOCONCLKDIV5", "offset": "0x138"}, {"name": "IOCONCLKDIV4", "offset": "0x13c"}, {"name": "IOCONCLKDIV3", "offset": "0x140"}, {"name": "IOCONCLKDIV2", "offset": "0x144"}, {"name": "IOCONCLKDIV1", "offset": "0x148"}, {"name": "IOCONCLKDIV0", "offset": "0x14c"}, {"name": "BODCTRL", "offset": "0x150"}, {"name": "SYSTCKCAL", "offset": "0x154"}, {"name": "IRQLATENCY", "offset": "0x170"}, {"name": "NMISRC", "offset": "0x174"}, {"name": "STARTERP0", "offset": "0x204"}, {"name": "STARTERP1", "offset": "0x214"}, {"name": "PDSLEEPCFG", "offset": "0x230"}, {"name": "PDAWAKECFG", "offset": "0x234"}, {"name": "PDRUNCFG", "offset": "0x238"}, {"name": "DEVICE_ID", "offset": "0x3f8"}, {"name": "PINTSEL[0]", "offset": "0x178"}, {"name": "PINTSEL[1]", "offset": "0x17c"}, {"name": "PINTSEL[2]", "offset": "0x180"}, {"name": "PINTSEL[3]", "offset": "0x184"}, {"name": "PINTSEL[4]", "offset": "0x188"}, {"name": "PINTSEL[5]", "offset": "0x18c"}, {"name": "PINTSEL[6]", "offset": "0x190"}, {"name": "PINTSEL[7]", "offset": "0x194"}]}, {"name": "I2C0", "start": "0x40050000", "end": "0x40050083", "size": "0x84", "comment": "", "registers": [{"name": "CFG", "offset": "0x0"}, {"name": "STAT", "offset": "0x4"}, {"name": "INTENSET", "offset": "0x8"}, {"name": "INTENCLR", "offset": "0xc"}, {"name": "TIMEOUT", "offset": "0x10"}, {"name": "CLKDIV", "offset": "0x14"}, {"name": "INTSTAT", "offset": "0x18"}, {"name": "MSTCTL", "offset": "0x20"}, {"name": "MSTTIME", "offset": "0x24"}, {"name": "MSTDAT", "offset": "0x28"}, {"name": "SLVCTL", "offset": "0x40"}, {"name": "SLVDAT", "offset": "0x44"}, {"name": "SLVQUAL0", "offset": "0x58"}, {"name": "MONRXDAT", "offset": "0x80"}, {"name": "SLVADR[0]", "offset": "0x48"}, {"name": "SLVADR[1]", "offset": "0x4c"}, {"name": "SLVADR[2]", "offset": "0x50"}, {"name": "SLVADR[3]", "offset": "0x54"}]}, {"name": "SPI0", "start": "0x40058000", "end": "0x4005802b", "size": "0x2c", "comment": "", "registers": [{"name": "CFG", "offset": "0x0"}, {"name": "DLY", "offset": "0x4"}, {"name": "STAT", "offset": "0x8"}, {"name": "INTENSET", "offset": "0xc"}, {"name": "INTENCLR", "offset": "0x10"}, {"name": "RXDAT", "offset": "0x14"}, {"name": "TXDATCTL", "offset": "0x18"}, {"name": "TXDAT", "offset": "0x1c"}, {"name": "TXCTL", "offset": "0x20"}, {"name": "DIV", "offset": "0x24"}, {"name": "INTSTAT", "offset": "0x28"}]}, {"name": "USART0", "start": "0x40064000", "end": "0x40064027", "size": "0x28", "comment": "", "registers": [{"name": "CFG", "offset": "0x0"}, {"name": "CTL", "offset": "0x4"}, {"name": "STAT", "offset": "0x8"}, {"name": "INTENSET", "offset": "0xc"}, {"name": "INTENCLR", "offset": "0x10"}, {"name": "RXDAT", "offset": "0x14"}, {"name": "RXDATSTAT", "offset": "0x18"}, {"name": "TXDAT", "offset": "0x1c"}, {"name": "BRG", "offset": "0x20"}, {"name": "INTSTAT", "offset": "0x24"}]}, {"name": "USART1", "start": "0x40068000", "end": "0x40068027", "size": "0x28", "comment": "", "registers": [{"name": "CFG", "offset": "0x0"}, {"name": "CTL", "offset": "0x4"}, {"name": "STAT", "offset": "0x8"}, {"name": "INTENSET", "offset": "0xc"}, {"name": "INTENCLR", "offset": "0x10"}, {"name": "RXDAT", "offset": "0x14"}, {"name": "RXDATSTAT", "offset": "0x18"}, {"name": "TXDAT", "offset": "0x1c"}, {"name": "BRG", "offset": "0x20"}, {"name": "INTSTAT", "offset": "0x24"}]}, {"name": "CRC", "start": "0x50000000", "end": "0x5000000b", "size": "0xc", "comment": "", "registers": [{"name": "MODE", "offset": "0x0"}, {"name": "SEED", "offset": "0x4"}, {"name": "SUM", "offset": "0x8"}, {"name": "WR_DATA", "offset": "0x8"}]}, {"name": "SCT0", "start": "0x50004000", "end": "0x5000451f", "size": "0x520", "comment": "", "registers": [{"name": "CONFIG", "offset": "0x0"}, {"name": "CTRL", "offset": "0x4"}, {"name": "LIMIT", "offset": "0x8"}, {"name": "HALT", "offset": "0xc"}, {"name": "STOP", "offset": "0x10"}, {"name": "START", "offset": "0x14"}, {"name": "COUNT", "offset": "0x40"}, {"name": "STATE", "offset": "0x44"}, {"name": "INPUT", "offset": "0x48"}, {"name": "REGMODE", "offset": "0x4c"}, {"name": "OUTPUT", "offset": "0x50"}, {"name": "OUTPUTDIRCTRL", "offset": "0x54"}, {"name": "RES", "offset": "0x58"}, {"name": "EVEN", "offset": "0xf0"}, {"name": "EVFLAG", "offset": "0xf4"}, {"name": "CONEN", "offset": "0xf8"}, {"name": "CONFLAG", "offset": "0xfc"}, {"name": "SCTCAP[0]", "offset": "0x100"}, {"name": "SCTCAP[1]", "offset": "0x104"}, {"name": "SCTCAP[2]", "offset": "0x108"}, {"name": "SCTCAP[3]", "offset": "0x10c"}, {"name": "SCTCAP[4]", "offset": "0x110"}, {"name": "SCTMATCH[0]", "offset": "0x100"}, {"name": "SCTMATCH[1]", "offset": "0x104"}, {"name": "SCTMATCH[2]", "offset": "0x108"}, {"name": "SCTMATCH[3]", "offset": "0x10c"}, {"name": "SCTMATCH[4]", "offset": "0x110"}, {"name": "SCTCAPCTRL[0]", "offset": "0x200"}, {"name": "SCTCAPCTRL[1]", "offset": "0x204"}, {"name": "SCTCAPCTRL[2]", "offset": "0x208"}, {"name": "SCTCAPCTRL[3]", "offset": "0x20c"}, {"name": "SCTCAPCTRL[4]", "offset": "0x210"}, {"name": "SCTMATCHREL[0]", "offset": "0x200"}, {"name": "SCTMATCHREL[1]", "offset": "0x204"}, {"name": "SCTMATCHREL[2]", "offset": "0x208"}, {"name": "SCTMATCHREL[3]", "offset": "0x20c"}, {"name": "SCTMATCHREL[4]", "offset": "0x210"}]}, {"name": "GPIO", "start": "0xa0000000", "end": "0xa0002303", "size": "0x2304", "comment": "", "registers": [{"name": "B0_0", "offset": "0x0", "size": "0x8"}, {"name": "B0_1", "offset": "0x1", "size": "0x8"}, {"name": "B0_2", "offset": "0x2", "size": "0x8"}, {"name": "B0_3", "offset": "0x3", "size": "0x8"}, {"name": "B0_4", "offset": "0x4", "size": "0x8"}, {"name": "B0_5", "offset": "0x5", "size": "0x8"}, {"name": "B0_6", "offset": "0x6", "size": "0x8"}, {"name": "B0_7", "offset": "0x7", "size": "0x8"}, {"name": "B0_8", "offset": "0x8", "size": "0x8"}, {"name": "B0_9", "offset": "0x9", "size": "0x8"}, {"name": "B0_10", "offset": "0xa", "size": "0x8"}, {"name": "B0_11", "offset": "0xb", "size": "0x8"}, {"name": "B0_12", "offset": "0xc", "size": "0x8"}, {"name": "B0_13", "offset": "0xd", "size": "0x8"}, {"name": "B0_14", "offset": "0xe", "size": "0x8"}, {"name": "B0_15", "offset": "0xf", "size": "0x8"}, {"name": "B0_16", "offset": "0x10", "size": "0x8"}, {"name": "B0_17", "offset": "0x11", "size": "0x8"}, {"name": "W0_0", "offset": "0x1000"}, {"name": "W0_1", "offset": "0x1004"}, {"name": "W0_2", "offset": "0x1008"}, {"name": "W0_3", "offset": "0x100c"}, {"name": "W0_4", "offset": "0x1010"}, {"name": "W0_5", "offset": "0x1014"}, {"name": "W0_6", "offset": "0x1018"}, {"name": "W0_7", "offset": "0x101c"}, {"name": "W0_8", "offset": "0x1020"}, {"name": "W0_9", "offset": "0x1024"}, {"name": "W0_10", "offset": "0x1028"}, {"name": "W0_11", "offset": "0x102c"}, {"name": "W0_12", "offset": "0x1030"}, {"name": "W0_13", "offset": "0x1034"}, {"name": "W0_14", "offset": "0x1038"}, {"name": "W0_15", "offset": "0x103c"}, {"name": "W0_16", "offset": "0x1040"}, {"name": "W0_17", "offset": "0x1044"}, {"name": "DIR0", "offset": "0x2000"}, {"name": "MASK0", "offset": "0x2080"}, {"name": "PIN0", "offset": "0x2100"}, {"name": "MPIN0", "offset": "0x2180"}, {"name": "SET0", "offset": "0x2200"}, {"name": "CLR0", "offset": "0x2280"}, {"name": "NOT0", "offset": "0x2300"}]}, {"name": "PINT", "start": "0xa0004000", "end": "0xa0004033", "size": "0x34", "comment": "", "registers": [{"name": "ISEL", "offset": "0x0"}, {"name": "IENR", "offset": "0x4"}, {"name": "SIENR", "offset": "0x8"}, {"name": "CIENR", "offset": "0xc"}, {"name": "IENF", "offset": "0x10"}, {"name": "SIENF", "offset": "0x14"}, {"name": "CIENF", "offset": "0x18"}, {"name": "RISE", "offset": "0x1c"}, {"name": "FALL", "offset": "0x20"}, {"name": "IST", "offset": "0x24"}, {"name": "PMCTRL", "offset": "0x28"}, {"name": "PMSRC", "offset": "0x2c"}, {"name": "PMCFG", "offset": "0x30"}]}], "vector_table": [{"name": "StackPointer_Value", "value": -1, "addr": "0x0", "comment": "Stack pointer initial value"}, {"name": "Reset", "value": -1, "addr": "0x4", "comment": "Priority: -3"}, {"name": "NMI", "value": -1, "addr": "0x8", "comment": "Priority: -2"}, {"name": "HardFault", "value": -1, "addr": "0xc", "comment": "Priority: -1"}, {"name": "SVCall", "value": -1, "addr": "0x2c", "comment": "Priority: 3"}, {"name": "PendSV", "value": -1, "addr": "0x38", "comment": "Priority: 5"}, {"name": "SysTick", "value": -1, "addr": "0x3c", "comment": "Priority: 6"}, {"name": "SPI0", "value": 0, "comment": "", "addr": "0x40"}, {"name": "USART0", "value": 3, "comment": "", "addr": "0x4c"}, {"name": "USART1", "value": 4, "comment": "", "addr": "0x50"}, {"name": "I2C0", "value": 8, "comment": "", "addr": "0x60"}, {"name": "SCT0", "value": 9, "comment": "", "addr": "0x64"}, {"name": "WKT", "value": 15, "comment": "", "addr": "0x7c"}, {"name": "PIN_INT0", "value": 24, "comment": "", "addr": "0xa0"}, {"name": "PIN_INT1", "value": 25, "comment": "", "addr": "0xa4"}, {"name": "PIN_INT2", "value": 26, "comment": "", "addr": "0xa8"}, {"name": "PIN_INT3", "value": 27, "comment": "", "addr": "0xac"}, {"name": "PIN_INT4", "value": 28, "comment": "", "addr": "0xb0"}, {"name": "PIN_INT5", "value": 29, "comment": "", "addr": "0xb4"}, {"name": "PIN_INT6", "value": 30, "comment": "", "addr": "0xb8"}, {"name": "PIN_INT7", "value": 31, "comment": "", "addr": "0xbc"}]}