{"brand": "NXP", "family": "LPC8", "name": "LPC83x", "bits": 32, "mode": 1, "segments": [{"name": "SRAM", "start": "0x10000000", "end": "0x10003fff", "size": "0x4000", "type": "DATA"}], "peripherals": [{"name": "WWDT", "start": "0x40000000", "end": "0x40000ffe", "size": "0xfff", "comment": "", "registers": [{"name": "MOD", "offset": "0x0"}, {"name": "TC", "offset": "0x4"}, {"name": "FEED", "offset": "0x8"}, {"name": "TV", "offset": "0xc"}, {"name": "WARNINT", "offset": "0x14"}, {"name": "WINDOW", "offset": "0x18"}]}, {"name": "MRT", "start": "0x40004000", "end": "0x40004ffe", "size": "0xfff", "comment": "", "registers": [{"name": "IDLE_CH", "offset": "0xf4"}, {"name": "IRQ_FLAG", "offset": "0xf8"}, {"name": "INTVAL0", "offset": "0x0", "size": "0x0"}, {"name": "INTVAL1", "offset": "0x10", "size": "0x0"}, {"name": "INTVAL2", "offset": "0x20", "size": "0x0"}, {"name": "INTVAL3", "offset": "0x30", "size": "0x0"}, {"name": "TIMER0", "offset": "0x4", "size": "0x0"}, {"name": "TIMER1", "offset": "0x14", "size": "0x0"}, {"name": "TIMER2", "offset": "0x24", "size": "0x0"}, {"name": "TIMER3", "offset": "0x34", "size": "0x0"}, {"name": "CTRL0", "offset": "0x8", "size": "0x0"}, {"name": "CTRL1", "offset": "0x18", "size": "0x0"}, {"name": "CTRL2", "offset": "0x28", "size": "0x0"}, {"name": "CTRL3", "offset": "0x38", "size": "0x0"}, {"name": "STAT0", "offset": "0xc", "size": "0x0"}, {"name": "STAT1", "offset": "0x1c", "size": "0x0"}, {"name": "STAT2", "offset": "0x2c", "size": "0x0"}, {"name": "STAT3", "offset": "0x3c", "size": "0x0"}]}, {"name": "WKT", "start": "0x40008000", "end": "0x40008ffe", "size": "0xfff", "comment": "", "registers": [{"name": "CTRL", "offset": "0x0"}, {"name": "COUNT", "offset": "0xc"}]}, {"name": "SWM", "start": "0x4000c000", "end": "0x4000cffe", "size": "0xfff", "comment": "", "registers": [{"name": "PINASSIGN0", "offset": "0x0"}, {"name": "PINASSIGN1", "offset": "0x4"}, {"name": "PINASSIGN3", "offset": "0xc"}, {"name": "PINASSIGN4", "offset": "0x10"}, {"name": "PINASSIGN5", "offset": "0x14"}, {"name": "PINASSIGN6", "offset": "0x18"}, {"name": "PINASSIGN7", "offset": "0x1c"}, {"name": "PINASSIGN8", "offset": "0x20"}, {"name": "PINASSIGN9", "offset": "0x24"}, {"name": "PINASSIGN10", "offset": "0x28"}, {"name": "PINASSIGN11", "offset": "0x2c"}, {"name": "PINENABLE0", "offset": "0x1c0"}]}, {"name": "ADC", "start": "0x4001c000", "end": "0x4001cffe", "size": "0xfff", "comment": "", "registers": [{"name": "CTRL", "offset": "0x0"}, {"name": "SEQA_CTRL", "offset": "0x8"}, {"name": "SEQB_CTRL", "offset": "0xc"}, {"name": "SEQA_GDAT", "offset": "0x10"}, {"name": "SEQB_GDAT", "offset": "0x14"}, {"name": "THR0_LOW", "offset": "0x50"}, {"name": "THR1_LOW", "offset": "0x54"}, {"name": "THR0_HIGH", "offset": "0x58"}, {"name": "THR1_HIGH", "offset": "0x5c"}, {"name": "CHAN_THRSEL", "offset": "0x60"}, {"name": "INTEN", "offset": "0x64"}, {"name": "FLAGS", "offset": "0x68"}, {"name": "TRM", "offset": "0x6c"}, {"name": "DAT0", "offset": "0x20", "size": "0x0"}, {"name": "DAT1", "offset": "0x24", "size": "0x0"}, {"name": "DAT2", "offset": "0x28", "size": "0x0"}, {"name": "DAT3", "offset": "0x2c", "size": "0x0"}, {"name": "DAT4", "offset": "0x30", "size": "0x0"}, {"name": "DAT5", "offset": "0x34", "size": "0x0"}, {"name": "DAT6", "offset": "0x38", "size": "0x0"}, {"name": "DAT7", "offset": "0x3c", "size": "0x0"}, {"name": "DAT8", "offset": "0x40", "size": "0x0"}, {"name": "DAT9", "offset": "0x44", "size": "0x0"}, {"name": "DAT10", "offset": "0x48", "size": "0x0"}, {"name": "DAT11", "offset": "0x4c", "size": "0x0"}]}, {"name": "PMU", "start": "0x40020000", "end": "0x40020ffe", "size": "0xfff", "comment": "", "registers": [{"name": "PCON", "offset": "0x0"}, {"name": "DPDCTRL", "offset": "0x14"}, {"name": "GPREG0", "offset": "0x4", "size": "0x0"}, {"name": "GPREG1", "offset": "0x8", "size": "0x0"}, {"name": "GPREG2", "offset": "0xc", "size": "0x0"}, {"name": "GPREG3", "offset": "0x10", "size": "0x0"}]}, {"name": "DMATRIGMUX", "start": "0x40028000", "end": "0x40028ffe", "size": "0xfff", "comment": "", "registers": [{"name": "DMA_ITRIG_INMUX0", "offset": "0x0", "size": "0x0"}, {"name": "DMA_ITRIG_INMUX1", "offset": "0x4", "size": "0x0"}, {"name": "DMA_ITRIG_INMUX2", "offset": "0x8", "size": "0x0"}, {"name": "DMA_ITRIG_INMUX3", "offset": "0xc", "size": "0x0"}, {"name": "DMA_ITRIG_INMUX4", "offset": "0x10", "size": "0x0"}, {"name": "DMA_ITRIG_INMUX5", "offset": "0x14", "size": "0x0"}, {"name": "DMA_ITRIG_INMUX6", "offset": "0x18", "size": "0x0"}, {"name": "DMA_ITRIG_INMUX7", "offset": "0x1c", "size": "0x0"}, {"name": "DMA_ITRIG_INMUX8", "offset": "0x20", "size": "0x0"}, {"name": "DMA_ITRIG_INMUX9", "offset": "0x24", "size": "0x0"}, {"name": "DMA_ITRIG_INMUX10", "offset": "0x28", "size": "0x0"}, {"name": "DMA_ITRIG_INMUX11", "offset": "0x2c", "size": "0x0"}, {"name": "DMA_ITRIG_INMUX12", "offset": "0x30", "size": "0x0"}, {"name": "DMA_ITRIG_INMUX13", "offset": "0x34", "size": "0x0"}, {"name": "DMA_ITRIG_INMUX14", "offset": "0x38", "size": "0x0"}, {"name": "DMA_ITRIG_INMUX15", "offset": "0x3c", "size": "0x0"}, {"name": "DMA_ITRIG_INMUX16", "offset": "0x40", "size": "0x0"}, {"name": "DMA_ITRIG_INMUX17", "offset": "0x44", "size": "0x0"}]}, {"name": "INPUTMUX", "start": "0x4002c000", "end": "0x4002cffe", "size": "0xfff", "comment": "", "registers": [{"name": "DMA_INMUX_INMUX0", "offset": "0x0", "size": "0x0"}, {"name": "DMA_INMUX_INMUX1", "offset": "0x4", "size": "0x0"}, {"name": "SCT0_INMUX0", "offset": "0x20", "size": "0x0"}, {"name": "SCT0_INMUX1", "offset": "0x24", "size": "0x0"}, {"name": "SCT0_INMUX2", "offset": "0x28", "size": "0x0"}, {"name": "SCT0_INMUX3", "offset": "0x2c", "size": "0x0"}]}, {"name": "FLASHCTRL", "start": "0x40040000", "end": "0x40040ffe", "size": "0xfff", "comment": "", "registers": [{"name": "FLASHCFG", "offset": "0x10"}, {"name": "FMSSTART", "offset": "0x20"}, {"name": "FMSSTOP", "offset": "0x24"}, {"name": "FMSW0", "offset": "0x2c"}]}, {"name": "IOCON", "start": "0x40044000", "end": "0x40044ffe", "size": "0xfff", "comment": "", "registers": [{"name": "PIO0_17", "offset": "0x0"}, {"name": "PIO0_13", "offset": "0x4"}, {"name": "PIO0_12", "offset": "0x8"}, {"name": "PIO0_5", "offset": "0xc"}, {"name": "PIO0_4", "offset": "0x10"}, {"name": "PIO0_3", "offset": "0x14"}, {"name": "PIO0_2", "offset": "0x18"}, {"name": "PIO0_11", "offset": "0x1c"}, {"name": "PIO0_10", "offset": "0x20"}, {"name": "PIO0_16", "offset": "0x24"}, {"name": "PIO0_15", "offset": "0x28"}, {"name": "PIO0_1", "offset": "0x2c"}, {"name": "PIO0_9", "offset": "0x34"}, {"name": "PIO0_8", "offset": "0x38"}, {"name": "PIO0_7", "offset": "0x3c"}, {"name": "PIO0_6", "offset": "0x40"}, {"name": "PIO0_0", "offset": "0x44"}, {"name": "PIO0_14", "offset": "0x48"}, {"name": "PIO0_28", "offset": "0x50"}, {"name": "PIO0_27", "offset": "0x54"}, {"name": "PIO0_26", "offset": "0x58"}, {"name": "PIO0_25", "offset": "0x5c"}, {"name": "PIO0_24", "offset": "0x60"}, {"name": "PIO0_23", "offset": "0x64"}, {"name": "PIO0_22", "offset": "0x68"}, {"name": "PIO0_21", "offset": "0x6c"}, {"name": "PIO0_20", "offset": "0x70"}, {"name": "PIO0_19", "offset": "0x74"}, {"name": "PIO0_18", "offset": "0x78"}]}, {"name": "SYSCON", "start": "0x40048000", "end": "0x40048ffe", "size": "0xfff", "comment": "", "registers": [{"name": "SYSMEMREMAP", "offset": "0x0"}, {"name": "PRESETCTRL", "offset": "0x4"}, {"name": "SYSPLLCTRL", "offset": "0x8"}, {"name": "SYSPLLSTAT", "offset": "0xc"}, {"name": "SYSOSCCTRL", "offset": "0x20"}, {"name": "WDTOSCCTRL", "offset": "0x24"}, {"name": "IRCCTRL", "offset": "0x28"}, {"name": "SYSRSTSTAT", "offset": "0x30"}, {"name": "SYSPLLCLKSEL", "offset": "0x40"}, {"name": "SYSPLLCLKUEN", "offset": "0x44"}, {"name": "MAINCLKSEL", "offset": "0x70"}, {"name": "MAINCLKUEN", "offset": "0x74"}, {"name": "SYSAHBCLKDIV", "offset": "0x78"}, {"name": "SYSAHBCLKCTRL", "offset": "0x80"}, {"name": "UARTCLKDIV", "offset": "0x94"}, {"name": "CLKOUTSEL", "offset": "0xe0"}, {"name": "CLKOUTUEN", "offset": "0xe4"}, {"name": "CLKOUTDIV", "offset": "0xe8"}, {"name": "UARTFRGDIV", "offset": "0xf0"}, {"name": "UARTFRGMULT", "offset": "0xf4"}, {"name": "EXTTRACECMD", "offset": "0xfc"}, {"name": "PIOPORCAP0", "offset": "0x100"}, {"name": "IOCONCLKDIV6", "offset": "0x134"}, {"name": "BODCTRL", "offset": "0x150"}, {"name": "SYSTCKCAL", "offset": "0x154"}, {"name": "IRQLATENCY", "offset": "0x170"}, {"name": "NMISRC", "offset": "0x174"}, {"name": "STARTERP0", "offset": "0x204"}, {"name": "STARTERP1", "offset": "0x214"}, {"name": "PDSLEEPCFG", "offset": "0x230"}, {"name": "PDAWAKECFG", "offset": "0x234"}, {"name": "PDRUNCFG", "offset": "0x238"}, {"name": "DEVICE_ID", "offset": "0x3f8"}, {"name": "PINTSEL0", "offset": "0x178", "size": "0x0"}, {"name": "PINTSEL1", "offset": "0x17c", "size": "0x0"}, {"name": "PINTSEL2", "offset": "0x180", "size": "0x0"}, {"name": "PINTSEL3", "offset": "0x184", "size": "0x0"}, {"name": "PINTSEL4", "offset": "0x188", "size": "0x0"}, {"name": "PINTSEL5", "offset": "0x18c", "size": "0x0"}, {"name": "PINTSEL6", "offset": "0x190", "size": "0x0"}, {"name": "PINTSEL7", "offset": "0x194", "size": "0x0"}]}, {"name": "I2C0", "start": "0x40050000", "end": "0x40050ffe", "size": "0xfff", "comment": "", "registers": [{"name": "CFG", "offset": "0x0"}, {"name": "STAT", "offset": "0x4"}, {"name": "INTENSET", "offset": "0x8"}, {"name": "INTENCLR", "offset": "0xc"}, {"name": "TIMEOUT", "offset": "0x10"}, {"name": "CLKDIV", "offset": "0x14"}, {"name": "INTSTAT", "offset": "0x18"}, {"name": "MSTCTL", "offset": "0x20"}, {"name": "MSTTIME", "offset": "0x24"}, {"name": "MSTDAT", "offset": "0x28"}, {"name": "SLVCTL", "offset": "0x40"}, {"name": "SLVDAT", "offset": "0x44"}, {"name": "SLVQUAL0", "offset": "0x58"}, {"name": "MONRXDAT", "offset": "0x80"}, {"name": "SLVADR0", "offset": "0x48", "size": "0x0"}, {"name": "SLVADR1", "offset": "0x4c", "size": "0x0"}, {"name": "SLVADR2", "offset": "0x50", "size": "0x0"}, {"name": "SLVADR3", "offset": "0x54", "size": "0x0"}]}, {"name": "SPI0", "start": "0x40058000", "end": "0x40058ffe", "size": "0xfff", "comment": "", "registers": [{"name": "CFG", "offset": "0x0"}, {"name": "DLY", "offset": "0x4"}, {"name": "STAT", "offset": "0x8"}, {"name": "INTENSET", "offset": "0xc"}, {"name": "INTENCLR", "offset": "0x10"}, {"name": "RXDAT", "offset": "0x14"}, {"name": "TXDATCTL", "offset": "0x18"}, {"name": "TXDAT", "offset": "0x1c"}, {"name": "TXCTL", "offset": "0x20"}, {"name": "DIV", "offset": "0x24"}, {"name": "INTSTAT", "offset": "0x28"}]}, {"name": "SPI1", "start": "0x4005c000", "end": "0x4005cffe", "size": "0xfff", "comment": "", "registers": [{"name": "CFG", "offset": "0x0"}, {"name": "DLY", "offset": "0x4"}, {"name": "STAT", "offset": "0x8"}, {"name": "INTENSET", "offset": "0xc"}, {"name": "INTENCLR", "offset": "0x10"}, {"name": "RXDAT", "offset": "0x14"}, {"name": "TXDATCTL", "offset": "0x18"}, {"name": "TXDAT", "offset": "0x1c"}, {"name": "TXCTL", "offset": "0x20"}, {"name": "DIV", "offset": "0x24"}, {"name": "INTSTAT", "offset": "0x28"}]}, {"name": "USART0", "start": "0x40064000", "end": "0x40064ffe", "size": "0xfff", "comment": "", "registers": [{"name": "CFG", "offset": "0x0"}, {"name": "CTL", "offset": "0x4"}, {"name": "STAT", "offset": "0x8"}, {"name": "INTENSET", "offset": "0xc"}, {"name": "INTENCLR", "offset": "0x10"}, {"name": "RXDAT", "offset": "0x14"}, {"name": "RXDATSTAT", "offset": "0x18"}, {"name": "TXDAT", "offset": "0x1c"}, {"name": "BRG", "offset": "0x20"}, {"name": "INTSTAT", "offset": "0x24"}, {"name": "OSR", "offset": "0x28"}, {"name": "ADDR", "offset": "0x2c"}]}, {"name": "CRC", "start": "0x50000000", "end": "0x50000ffe", "size": "0xfff", "comment": "", "registers": [{"name": "MODE", "offset": "0x0"}, {"name": "SEED", "offset": "0x4"}, {"name": "SUM", "offset": "0x8"}, {"name": "WR_DATA", "offset": "0x8"}]}, {"name": "SCT", "start": "0x50004000", "end": "0x50004ffe", "size": "0xfff", "comment": "", "registers": [{"name": "CONFIG", "offset": "0x0"}, {"name": "CTRL", "offset": "0x4"}, {"name": "LIMIT", "offset": "0x8"}, {"name": "HALT", "offset": "0xc"}, {"name": "STOP", "offset": "0x10"}, {"name": "START", "offset": "0x14"}, {"name": "COUNT", "offset": "0x40"}, {"name": "STATE", "offset": "0x44"}, {"name": "INPUT", "offset": "0x48"}, {"name": "REGMODE", "offset": "0x4c"}, {"name": "OUTPUT", "offset": "0x50"}, {"name": "OUTPUTDIRCTRL", "offset": "0x54"}, {"name": "RES", "offset": "0x58"}, {"name": "DMAREQ0", "offset": "0x5c"}, {"name": "DMAREQ1", "offset": "0x60"}, {"name": "EVEN", "offset": "0xf0"}, {"name": "EVFLAG", "offset": "0xf4"}, {"name": "CONEN", "offset": "0xf8"}, {"name": "CONFLAG", "offset": "0xfc"}, {"name": "MATCH0", "offset": "0x100", "size": "0x0"}, {"name": "MATCH1", "offset": "0x104", "size": "0x0"}, {"name": "MATCH2", "offset": "0x108", "size": "0x0"}, {"name": "MATCH3", "offset": "0x10c", "size": "0x0"}, {"name": "MATCH4", "offset": "0x110", "size": "0x0"}, {"name": "MATCH5", "offset": "0x114", "size": "0x0"}, {"name": "MATCH6", "offset": "0x118", "size": "0x0"}, {"name": "MATCH7", "offset": "0x11c", "size": "0x0"}, {"name": "CAP0", "offset": "0x100", "size": "0x0"}, {"name": "CAP1", "offset": "0x104", "size": "0x0"}, {"name": "CAP2", "offset": "0x108", "size": "0x0"}, {"name": "CAP3", "offset": "0x10c", "size": "0x0"}, {"name": "CAP4", "offset": "0x110", "size": "0x0"}, {"name": "CAP5", "offset": "0x114", "size": "0x0"}, {"name": "CAP6", "offset": "0x118", "size": "0x0"}, {"name": "CAP7", "offset": "0x11c", "size": "0x0"}, {"name": "MATCHREL0", "offset": "0x200", "size": "0x0"}, {"name": "MATCHREL1", "offset": "0x204", "size": "0x0"}, {"name": "MATCHREL2", "offset": "0x208", "size": "0x0"}, {"name": "MATCHREL3", "offset": "0x20c", "size": "0x0"}, {"name": "MATCHREL4", "offset": "0x210", "size": "0x0"}, {"name": "MATCHREL5", "offset": "0x214", "size": "0x0"}, {"name": "MATCHREL6", "offset": "0x218", "size": "0x0"}, {"name": "MATCHREL7", "offset": "0x21c", "size": "0x0"}, {"name": "CAPCTRL0", "offset": "0x200", "size": "0x0"}, {"name": "CAPCTRL1", "offset": "0x204", "size": "0x0"}, {"name": "CAPCTRL2", "offset": "0x208", "size": "0x0"}, {"name": "CAPCTRL3", "offset": "0x20c", "size": "0x0"}, {"name": "CAPCTRL4", "offset": "0x210", "size": "0x0"}, {"name": "CAPCTRL5", "offset": "0x214", "size": "0x0"}, {"name": "CAPCTRL6", "offset": "0x218", "size": "0x0"}, {"name": "CAPCTRL7", "offset": "0x21c", "size": "0x0"}, {"name": "EV0_STATE", "offset": "0x300", "size": "0x0"}, {"name": "EV1_STATE", "offset": "0x308", "size": "0x0"}, {"name": "EV2_STATE", "offset": "0x310", "size": "0x0"}, {"name": "EV3_STATE", "offset": "0x318", "size": "0x0"}, {"name": "EV4_STATE", "offset": "0x320", "size": "0x0"}, {"name": "EV5_STATE", "offset": "0x328", "size": "0x0"}, {"name": "EV6_STATE", "offset": "0x330", "size": "0x0"}, {"name": "EV7_STATE", "offset": "0x338", "size": "0x0"}, {"name": "EV0_CTRL", "offset": "0x304", "size": "0x0"}, {"name": "EV1_CTRL", "offset": "0x30c", "size": "0x0"}, {"name": "EV2_CTRL", "offset": "0x314", "size": "0x0"}, {"name": "EV3_CTRL", "offset": "0x31c", "size": "0x0"}, {"name": "EV4_CTRL", "offset": "0x324", "size": "0x0"}, {"name": "EV5_CTRL", "offset": "0x32c", "size": "0x0"}, {"name": "EV6_CTRL", "offset": "0x334", "size": "0x0"}, {"name": "EV7_CTRL", "offset": "0x33c", "size": "0x0"}, {"name": "OUT0_SET", "offset": "0x500", "size": "0x0"}, {"name": "OUT1_SET", "offset": "0x508", "size": "0x0"}, {"name": "OUT2_SET", "offset": "0x510", "size": "0x0"}, {"name": "OUT3_SET", "offset": "0x518", "size": "0x0"}, {"name": "OUT4_SET", "offset": "0x520", "size": "0x0"}, {"name": "OUT5_SET", "offset": "0x528", "size": "0x0"}, {"name": "OUT0_CLR", "offset": "0x504", "size": "0x0"}, {"name": "OUT1_CLR", "offset": "0x50c", "size": "0x0"}, {"name": "OUT2_CLR", "offset": "0x514", "size": "0x0"}, {"name": "OUT3_CLR", "offset": "0x51c", "size": "0x0"}, {"name": "OUT4_CLR", "offset": "0x524", "size": "0x0"}, {"name": "OUT5_CLR", "offset": "0x52c", "size": "0x0"}]}, {"name": "DMA", "start": "0x50008000", "end": "0x50008ffe", "size": "0xfff", "comment": "", "registers": [{"name": "CTRL", "offset": "0x0"}, {"name": "INTSTAT", "offset": "0x4"}, {"name": "SRAMBASE", "offset": "0x8"}, {"name": "ENABLESET0", "offset": "0x20"}, {"name": "ENABLECLR0", "offset": "0x28"}, {"name": "ACTIVE0", "offset": "0x30"}, {"name": "BUSY0", "offset": "0x38"}, {"name": "ERRINT0", "offset": "0x40"}, {"name": "INTENSET0", "offset": "0x48"}, {"name": "INTENCLR0", "offset": "0x50"}, {"name": "INTA0", "offset": "0x58"}, {"name": "INTB0", "offset": "0x60"}, {"name": "SETVALID0", "offset": "0x68"}, {"name": "SETTRIG0", "offset": "0x70"}, {"name": "ABORT0", "offset": "0x78"}, {"name": "CFG0", "offset": "0x400", "size": "0x0"}, {"name": "CFG1", "offset": "0x410", "size": "0x0"}, {"name": "CFG2", "offset": "0x420", "size": "0x0"}, {"name": "CFG3", "offset": "0x430", "size": "0x0"}, {"name": "CFG4", "offset": "0x440", "size": "0x0"}, {"name": "CFG5", "offset": "0x450", "size": "0x0"}, {"name": "CFG6", "offset": "0x460", "size": "0x0"}, {"name": "CFG7", "offset": "0x470", "size": "0x0"}, {"name": "CFG8", "offset": "0x480", "size": "0x0"}, {"name": "CFG9", "offset": "0x490", "size": "0x0"}, {"name": "CFG10", "offset": "0x4a0", "size": "0x0"}, {"name": "CFG11", "offset": "0x4b0", "size": "0x0"}, {"name": "CFG12", "offset": "0x4c0", "size": "0x0"}, {"name": "CFG13", "offset": "0x4d0", "size": "0x0"}, {"name": "CFG14", "offset": "0x4e0", "size": "0x0"}, {"name": "CFG15", "offset": "0x4f0", "size": "0x0"}, {"name": "CFG16", "offset": "0x500", "size": "0x0"}, {"name": "CFG17", "offset": "0x510", "size": "0x0"}, {"name": "CTLSTAT0", "offset": "0x404", "size": "0x0"}, {"name": "CTLSTAT1", "offset": "0x414", "size": "0x0"}, {"name": "CTLSTAT2", "offset": "0x424", "size": "0x0"}, {"name": "CTLSTAT3", "offset": "0x434", "size": "0x0"}, {"name": "CTLSTAT4", "offset": "0x444", "size": "0x0"}, {"name": "CTLSTAT5", "offset": "0x454", "size": "0x0"}, {"name": "CTLSTAT6", "offset": "0x464", "size": "0x0"}, {"name": "CTLSTAT7", "offset": "0x474", "size": "0x0"}, {"name": "CTLSTAT8", "offset": "0x484", "size": "0x0"}, {"name": "CTLSTAT9", "offset": "0x494", "size": "0x0"}, {"name": "CTLSTAT10", "offset": "0x4a4", "size": "0x0"}, {"name": "CTLSTAT11", "offset": "0x4b4", "size": "0x0"}, {"name": "CTLSTAT12", "offset": "0x4c4", "size": "0x0"}, {"name": "CTLSTAT13", "offset": "0x4d4", "size": "0x0"}, {"name": "CTLSTAT14", "offset": "0x4e4", "size": "0x0"}, {"name": "CTLSTAT15", "offset": "0x4f4", "size": "0x0"}, {"name": "CTLSTAT16", "offset": "0x504", "size": "0x0"}, {"name": "CTLSTAT17", "offset": "0x514", "size": "0x0"}, {"name": "XFERCFG0", "offset": "0x408", "size": "0x0"}, {"name": "XFERCFG1", "offset": "0x418", "size": "0x0"}, {"name": "XFERCFG2", "offset": "0x428", "size": "0x0"}, {"name": "XFERCFG3", "offset": "0x438", "size": "0x0"}, {"name": "XFERCFG4", "offset": "0x448", "size": "0x0"}, {"name": "XFERCFG5", "offset": "0x458", "size": "0x0"}, {"name": "XFERCFG6", "offset": "0x468", "size": "0x0"}, {"name": "XFERCFG7", "offset": "0x478", "size": "0x0"}, {"name": "XFERCFG8", "offset": "0x488", "size": "0x0"}, {"name": "XFERCFG9", "offset": "0x498", "size": "0x0"}, {"name": "XFERCFG10", "offset": "0x4a8", "size": "0x0"}, {"name": "XFERCFG11", "offset": "0x4b8", "size": "0x0"}, {"name": "XFERCFG12", "offset": "0x4c8", "size": "0x0"}, {"name": "XFERCFG13", "offset": "0x4d8", "size": "0x0"}, {"name": "XFERCFG14", "offset": "0x4e8", "size": "0x0"}, {"name": "XFERCFG15", "offset": "0x4f8", "size": "0x0"}, {"name": "XFERCFG16", "offset": "0x508", "size": "0x0"}, {"name": "XFERCFG17", "offset": "0x518", "size": "0x0"}]}, {"name": "GPIO_PORT", "start": "0xa0000000", "end": "0xa0003ffe", "size": "0x3fff", "comment": "", "registers": [{"name": "DIR0", "offset": "0x2000"}, {"name": "MASK0", "offset": "0x2080"}, {"name": "PIN0", "offset": "0x2100"}, {"name": "MPIN0", "offset": "0x2180"}, {"name": "SET0", "offset": "0x2200"}, {"name": "CLR0", "offset": "0x2280"}, {"name": "NOT0", "offset": "0x2300"}, {"name": "DIRSET0", "offset": "0x2380"}, {"name": "DIRCLR0", "offset": "0x2400"}, {"name": "DIRNOT0", "offset": "0x2480"}, {"name": "B0", "offset": "0x0", "size": "0x1"}, {"name": "B1", "offset": "0x1", "size": "0x1"}, {"name": "B2", "offset": "0x2", "size": "0x1"}, {"name": "B3", "offset": "0x3", "size": "0x1"}, {"name": "B4", "offset": "0x4", "size": "0x1"}, {"name": "B5", "offset": "0x5", "size": "0x1"}, {"name": "B6", "offset": "0x6", "size": "0x1"}, {"name": "B7", "offset": "0x7", "size": "0x1"}, {"name": "B8", "offset": "0x8", "size": "0x1"}, {"name": "B9", "offset": "0x9", "size": "0x1"}, {"name": "B10", "offset": "0xa", "size": "0x1"}, {"name": "B11", "offset": "0xb", "size": "0x1"}, {"name": "B12", "offset": "0xc", "size": "0x1"}, {"name": "B13", "offset": "0xd", "size": "0x1"}, {"name": "B14", "offset": "0xe", "size": "0x1"}, {"name": "B15", "offset": "0xf", "size": "0x1"}, {"name": "B16", "offset": "0x10", "size": "0x1"}, {"name": "B17", "offset": "0x11", "size": "0x1"}, {"name": "B18", "offset": "0x12", "size": "0x1"}, {"name": "B19", "offset": "0x13", "size": "0x1"}, {"name": "B20", "offset": "0x14", "size": "0x1"}, {"name": "B21", "offset": "0x15", "size": "0x1"}, {"name": "B22", "offset": "0x16", "size": "0x1"}, {"name": "B23", "offset": "0x17", "size": "0x1"}, {"name": "B24", "offset": "0x18", "size": "0x1"}, {"name": "B25", "offset": "0x19", "size": "0x1"}, {"name": "B26", "offset": "0x1a", "size": "0x1"}, {"name": "B27", "offset": "0x1b", "size": "0x1"}, {"name": "B28", "offset": "0x1c", "size": "0x1"}, {"name": "W0", "offset": "0x1000", "size": "0x0"}, {"name": "W1", "offset": "0x1004", "size": "0x0"}, {"name": "W2", "offset": "0x1008", "size": "0x0"}, {"name": "W3", "offset": "0x100c", "size": "0x0"}, {"name": "W4", "offset": "0x1010", "size": "0x0"}, {"name": "W5", "offset": "0x1014", "size": "0x0"}, {"name": "W6", "offset": "0x1018", "size": "0x0"}, {"name": "W7", "offset": "0x101c", "size": "0x0"}, {"name": "W8", "offset": "0x1020", "size": "0x0"}, {"name": "W9", "offset": "0x1024", "size": "0x0"}, {"name": "W10", "offset": "0x1028", "size": "0x0"}, {"name": "W11", "offset": "0x102c", "size": "0x0"}, {"name": "W12", "offset": "0x1030", "size": "0x0"}, {"name": "W13", "offset": "0x1034", "size": "0x0"}, {"name": "W14", "offset": "0x1038", "size": "0x0"}, {"name": "W15", "offset": "0x103c", "size": "0x0"}, {"name": "W16", "offset": "0x1040", "size": "0x0"}, {"name": "W17", "offset": "0x1044", "size": "0x0"}, {"name": "W18", "offset": "0x1048", "size": "0x0"}, {"name": "W19", "offset": "0x104c", "size": "0x0"}, {"name": "W20", "offset": "0x1050", "size": "0x0"}, {"name": "W21", "offset": "0x1054", "size": "0x0"}, {"name": "W22", "offset": "0x1058", "size": "0x0"}, {"name": "W23", "offset": "0x105c", "size": "0x0"}, {"name": "W24", "offset": "0x1060", "size": "0x0"}, {"name": "W25", "offset": "0x1064", "size": "0x0"}, {"name": "W26", "offset": "0x1068", "size": "0x0"}, {"name": "W27", "offset": "0x106c", "size": "0x0"}, {"name": "W28", "offset": "0x1070", "size": "0x0"}]}, {"name": "PIN_INT", "start": "0xa0004000", "end": "0xa0004ffe", "size": "0xfff", "comment": "", "registers": [{"name": "ISEL", "offset": "0x0"}, {"name": "IENR", "offset": "0x4"}, {"name": "SIENR", "offset": "0x8"}, {"name": "CIENR", "offset": "0xc"}, {"name": "IENF", "offset": "0x10"}, {"name": "SIENF", "offset": "0x14"}, {"name": "CIENF", "offset": "0x18"}, {"name": "RISE", "offset": "0x1c"}, {"name": "FALL", "offset": "0x20"}, {"name": "IST", "offset": "0x24"}, {"name": "PMCTRL", "offset": "0x28"}, {"name": "PMSRC", "offset": "0x2c"}, {"name": "PMCFG", "offset": "0x30"}]}], "vector_table": [{"name": "StackPointer_Value", "value": -1, "addr": "0x0", "comment": "Stack pointer initial value"}, {"name": "Reset", "value": -1, "addr": "0x4", "comment": "Priority: -3"}, {"name": "NMI", "value": -1, "addr": "0x8", "comment": "Priority: -2"}, {"name": "HardFault", "value": -1, "addr": "0xc", "comment": "Priority: -1"}, {"name": "SVCall", "value": -1, "addr": "0x2c", "comment": "Priority: 3"}, {"name": "PendSV", "value": -1, "addr": "0x38", "comment": "Priority: 5"}, {"name": "SysTick", "value": -1, "addr": "0x3c", "comment": "Priority: 6"}, {"name": "SPI0", "value": 0, "comment": "", "addr": "0x40"}, {"name": "SPI1", "value": 1, "comment": "", "addr": "0x44"}, {"name": "UART0", "value": 3, "comment": "", "addr": "0x4c"}, {"name": "I2C0", "value": 8, "comment": "", "addr": "0x60"}, {"name": "SCT", "value": 9, "comment": "", "addr": "0x64"}, {"name": "MRT", "value": 10, "comment": "", "addr": "0x68"}, {"name": "WDT", "value": 12, "comment": "", "addr": "0x70"}, {"name": "BOD", "value": 13, "comment": "", "addr": "0x74"}, {"name": "FLASH", "value": 14, "comment": "", "addr": "0x78"}, {"name": "WKT", "value": 15, "comment": "", "addr": "0x7c"}, {"name": "ADC_SEQA", "value": 16, "comment": "", "addr": "0x80"}, {"name": "ADC_SEQB", "value": 17, "comment": "", "addr": "0x84"}, {"name": "ADC_THCMP", "value": 18, "comment": "", "addr": "0x88"}, {"name": "ADC_OVR", "value": 19, "comment": "", "addr": "0x8c"}, {"name": "DMA", "value": 20, "comment": "", "addr": "0x90"}, {"name": "PIN_INT0", "value": 24, "comment": "", "addr": "0xa0"}, {"name": "PIN_INT1", "value": 25, "comment": "", "addr": "0xa4"}, {"name": "PIN_INT2", "value": 26, "comment": "", "addr": "0xa8"}, {"name": "PIN_INT3", "value": 27, "comment": "", "addr": "0xac"}, {"name": "PIN_INT4", "value": 28, "comment": "", "addr": "0xb0"}, {"name": "PIN_INT5", "value": 29, "comment": "", "addr": "0xb4"}, {"name": "PIN_INT6", "value": 30, "comment": "", "addr": "0xb8"}, {"name": "PIN_INT7", "value": 31, "comment": "", "addr": "0xbc"}]}